subject,olympiad,year,name,country,award,rank,profile_url,source_url
Mathematics,IMO,2000,Alexandr Usnich,BLR,Gold,,https://www.imo-official.org/results/contestant/5949/,https://www.imo-official.org/results/individual/year/2000/
Mathematics,IMO,2000,Zhiwei Yun,CHN,Gold,,https://www.imo-official.org/results/contestant/5950/,https://www.imo-official.org/results/individual/year/2000/
Mathematics,IMO,2000,Alexandre Gaifoulline,RUS,Gold,,https://www.imo-official.org/results/contestant/5952/,https://www.imo-official.org/results/individual/year/2000/
Mathematics,IMO,2000,Alexei Poiarkov,RUS,Gold,,https://www.imo-official.org/results/contestant/5504/,https://www.imo-official.org/results/individual/year/2000/
Mathematics,IMO,2000,Zhipeng Liu,CHN,Gold,,https://www.imo-official.org/results/contestant/5953/,https://www.imo-official.org/results/individual/year/2000/
Mathematics,IMO,2000,Reid Barton,USA,Gold,,https://www.imo-official.org/results/contestant/5104/,https://www.imo-official.org/results/individual/year/2000/
Mathematics,IMO,2000,Artsiom Kokhan,BLR,Gold,,https://www.imo-official.org/results/contestant/5211/,https://www.imo-official.org/results/individual/year/2000/
Mathematics,IMO,2000,David Arthur,CAN,Gold,,https://www.imo-official.org/results/contestant/5605/,https://www.imo-official.org/results/individual/year/2000/
Mathematics,IMO,2000,Xin Li,CHN,Gold,,https://www.imo-official.org/results/contestant/5502/,https://www.imo-official.org/results/individual/year/2000/
Mathematics,IMO,2000,Yury Lifshits,RUS,Gold,,https://www.imo-official.org/results/contestant/5522/,https://www.imo-official.org/results/individual/year/2000/
Mathematics,IMO,2000,Việt Loc Bùi,VNM,Gold,,https://www.imo-official.org/results/contestant/5959/,https://www.imo-official.org/results/individual/year/2000/
Mathematics,IMO,2000,Vladimir Barzov,BGR,Gold,,https://www.imo-official.org/results/contestant/5540/,https://www.imo-official.org/results/individual/year/2000/
Mathematics,IMO,2000,Qihui Zhu,CHN,Gold,,https://www.imo-official.org/results/contestant/5565/,https://www.imo-official.org/results/individual/year/2000/
Mathematics,IMO,2000,George Jr. Lee,USA,Gold,,https://www.imo-official.org/results/contestant/5962/,https://www.imo-official.org/results/individual/year/2000/
Mathematics,IMO,2000,Dimitar Jetchev,BGR,Gold,,https://www.imo-official.org/results/contestant/5114/,https://www.imo-official.org/results/individual/year/2000/
Mathematics,IMO,2000,Mark Braverman,ISR,Gold,,https://www.imo-official.org/results/contestant/5203/,https://www.imo-official.org/results/individual/year/2000/
Mathematics,IMO,2000,Maksym Fedorchuk,UKR,Gold,,https://www.imo-official.org/results/contestant/5498/,https://www.imo-official.org/results/individual/year/2000/
Mathematics,IMO,2000,Minh Hoai Nguyễn,VNM,Gold,,https://www.imo-official.org/results/contestant/5966/,https://www.imo-official.org/results/individual/year/2000/
Mathematics,IMO,2000,Đức Nhat Quang Đỗ,VNM,Gold,,https://www.imo-official.org/results/contestant/5967/,https://www.imo-official.org/results/individual/year/2000/
Mathematics,IMO,2000,Zoltán Gyenes,HUN,Gold,,https://www.imo-official.org/results/contestant/5108/,https://www.imo-official.org/results/individual/year/2000/
Mathematics,IMO,2000,Young-Han Park,KOR,Gold,,https://www.imo-official.org/results/contestant/5520/,https://www.imo-official.org/results/individual/year/2000/
Mathematics,IMO,2000,Vladimir Dremov,RUS,Gold,,https://www.imo-official.org/results/contestant/5100/,https://www.imo-official.org/results/individual/year/2000/
Mathematics,IMO,2000,Alexei Fedotov,RUS,Gold,,https://www.imo-official.org/results/contestant/5971/,https://www.imo-official.org/results/individual/year/2000/
Mathematics,IMO,2000,Po-Ning Chen,TWN,Gold,,https://www.imo-official.org/results/contestant/5968/,https://www.imo-official.org/results/individual/year/2000/
Mathematics,IMO,2000,Xinyi Yuan,CHN,Gold,,https://www.imo-official.org/results/contestant/5973/,https://www.imo-official.org/results/individual/year/2000/
Mathematics,IMO,2000,Amin Aminzadeh Gohari,IRN,Gold,,https://www.imo-official.org/results/contestant/5974/,https://www.imo-official.org/results/individual/year/2000/
Mathematics,IMO,2000,Seung Hyup Lee,KOR,Gold,,https://www.imo-official.org/results/contestant/5975/,https://www.imo-official.org/results/individual/year/2000/
Mathematics,IMO,2000,Peter McNamara,AUS,Gold,,https://www.imo-official.org/results/contestant/5634/,https://www.imo-official.org/results/individual/year/2000/
Mathematics,IMO,2000,Zhongtao Wu,CHN,Gold,,https://www.imo-official.org/results/contestant/5977/,https://www.imo-official.org/results/individual/year/2000/
Mathematics,IMO,2000,Christian Reiher,GER,Gold,,https://www.imo-official.org/results/contestant/5636/,https://www.imo-official.org/results/individual/year/2000/
Mathematics,IMO,2000,Oran Lang,ISR,Gold,,https://www.imo-official.org/results/contestant/5228/,https://www.imo-official.org/results/individual/year/2000/
Mathematics,IMO,2000,Kentaro Nagao,JPN,Gold,,https://www.imo-official.org/results/contestant/4681/,https://www.imo-official.org/results/individual/year/2000/
Mathematics,IMO,2000,Suh Hyun Choi,KOR,Gold,,https://www.imo-official.org/results/contestant/5511/,https://www.imo-official.org/results/individual/year/2000/
Mathematics,IMO,2000,Jen-Hao Liou,TWN,Gold,,https://www.imo-official.org/results/contestant/5978/,https://www.imo-official.org/results/individual/year/2000/
Mathematics,IMO,2000,Pavlo Tsytsura,UKR,Gold,,https://www.imo-official.org/results/contestant/5983/,https://www.imo-official.org/results/individual/year/2000/
Mathematics,IMO,2000,Salman Abolfathe Beikidezfuli,IRN,Gold,,https://www.imo-official.org/results/contestant/5985/,https://www.imo-official.org/results/individual/year/2000/
Mathematics,IMO,2000,Mihai Manea,ROU,Gold,,https://www.imo-official.org/results/contestant/5514/,https://www.imo-official.org/results/individual/year/2000/
Mathematics,IMO,2000,Sheng-Fong Pai,TWN,Gold,,https://www.imo-official.org/results/contestant/5984/,https://www.imo-official.org/results/individual/year/2000/
Mathematics,IMO,2000,Oaz Nir,USA,Gold,,https://www.imo-official.org/results/contestant/5987/,https://www.imo-official.org/results/individual/year/2000/
Mathematics,IMO,2000,Sevak Mkrtchyan,ARM,Silver,,https://www.imo-official.org/results/contestant/5189/,https://www.imo-official.org/results/individual/year/2000/
Mathematics,IMO,2000,Ali Shourideh,IRN,Silver,,https://www.imo-official.org/results/contestant/5553/,https://www.imo-official.org/results/individual/year/2000/
Mathematics,IMO,2000,Dorian Dobrin,ROU,Silver,,https://www.imo-official.org/results/contestant/5990/,https://www.imo-official.org/results/individual/year/2000/
Mathematics,IMO,2000,Sergiy Sidenko,UKR,Silver,,https://www.imo-official.org/results/contestant/5991/,https://www.imo-official.org/results/individual/year/2000/
Mathematics,IMO,2000,Vu Dan Cao,VNM,Silver,,https://www.imo-official.org/results/contestant/5992/,https://www.imo-official.org/results/individual/year/2000/
Mathematics,IMO,2000,Geoffrey Chu,AUS,Silver,,https://www.imo-official.org/results/contestant/5163/,https://www.imo-official.org/results/individual/year/2000/
Mathematics,IMO,2000,Nikolay Andreev,BGR,Silver,,https://www.imo-official.org/results/contestant/5994/,https://www.imo-official.org/results/individual/year/2000/
Mathematics,IMO,2000,Daniel Brox,CAN,Silver,,https://www.imo-official.org/results/contestant/5995/,https://www.imo-official.org/results/individual/year/2000/
Mathematics,IMO,2000,Giorgi Mutafyan,GEO,Silver,,https://www.imo-official.org/results/contestant/5730/,https://www.imo-official.org/results/individual/year/2000/
Mathematics,IMO,2000,Thomas Jäger,GER,Silver,,https://www.imo-official.org/results/contestant/5627/,https://www.imo-official.org/results/individual/year/2000/
Mathematics,IMO,2000,Dömötör Pálvölgyi,HUN,Silver,,https://www.imo-official.org/results/contestant/5998/,https://www.imo-official.org/results/individual/year/2000/
Mathematics,IMO,2000,Oleksiy Kravchenko,UKR,Silver,,https://www.imo-official.org/results/contestant/5999/,https://www.imo-official.org/results/individual/year/2000/
Mathematics,IMO,2000,Greta Panova,BGR,Silver,,https://www.imo-official.org/results/contestant/5541/,https://www.imo-official.org/results/individual/year/2000/
Mathematics,IMO,2000,Hong Sik Kim,KOR,Silver,,https://www.imo-official.org/results/contestant/6001/,https://www.imo-official.org/results/individual/year/2000/
Mathematics,IMO,2000,Choongyup Sung,KOR,Silver,,https://www.imo-official.org/results/contestant/6002/,https://www.imo-official.org/results/individual/year/2000/
Mathematics,IMO,2000,Andrei Khaliavine,RUS,Silver,,https://www.imo-official.org/results/contestant/6003/,https://www.imo-official.org/results/individual/year/2000/
Mathematics,IMO,2000,Ricky Liu,USA,Silver,,https://www.imo-official.org/results/contestant/6004/,https://www.imo-official.org/results/individual/year/2000/
Mathematics,IMO,2000,Alexandar Popov,BGR,Silver,,https://www.imo-official.org/results/contestant/5532/,https://www.imo-official.org/results/individual/year/2000/
Mathematics,IMO,2000,Carl Johan Ragnarsson,SWE,Silver,,https://www.imo-official.org/results/contestant/5835/,https://www.imo-official.org/results/individual/year/2000/
Mathematics,IMO,2000,Alp Şimşek,TUR,Silver,,https://www.imo-official.org/results/contestant/6008/,https://www.imo-official.org/results/individual/year/2000/
Mathematics,IMO,2000,Jia-Ching Wang,TWN,Silver,,https://www.imo-official.org/results/contestant/5519/,https://www.imo-official.org/results/individual/year/2000/
Mathematics,IMO,2000,Po-Ru Loh,USA,Silver,,https://www.imo-official.org/results/contestant/6009/,https://www.imo-official.org/results/individual/year/2000/
Mathematics,IMO,2000,Paul Valiant,USA,Silver,,https://www.imo-official.org/results/contestant/5178/,https://www.imo-official.org/results/individual/year/2000/
Mathematics,IMO,2000,Gergely Zábrádi,HUN,Silver,,https://www.imo-official.org/results/contestant/5545/,https://www.imo-official.org/results/individual/year/2000/
Mathematics,IMO,2000,Arash Amini,IRN,Silver,,https://www.imo-official.org/results/contestant/6012/,https://www.imo-official.org/results/individual/year/2000/
Mathematics,IMO,2000,Ali Babaii Lactarashani,IRN,Silver,,https://www.imo-official.org/results/contestant/6013/,https://www.imo-official.org/results/individual/year/2000/
Mathematics,IMO,2000,Balázs Keszegh,SVK,Silver,,https://www.imo-official.org/results/contestant/5600/,https://www.imo-official.org/results/individual/year/2000/
Mathematics,IMO,2000,Ahmet Çetintaş,TUR,Silver,,https://www.imo-official.org/results/contestant/6015/,https://www.imo-official.org/results/individual/year/2000/
Mathematics,IMO,2000,Aliaksandr Kirkouski,BLR,Silver,,https://www.imo-official.org/results/contestant/6016/,https://www.imo-official.org/results/individual/year/2000/
Mathematics,IMO,2000,Nikolett Győri,HUN,Silver,,https://www.imo-official.org/results/contestant/6018/,https://www.imo-official.org/results/individual/year/2000/
Mathematics,IMO,2000,Máté Vizer,HUN,Silver,,https://www.imo-official.org/results/contestant/6019/,https://www.imo-official.org/results/individual/year/2000/
Mathematics,IMO,2000,Swarnendu Datta,IND,Silver,,https://www.imo-official.org/results/contestant/6020/,https://www.imo-official.org/results/individual/year/2000/
Mathematics,IMO,2000,Swastik Kopparty,IND,Silver,,https://www.imo-official.org/results/contestant/6021/,https://www.imo-official.org/results/individual/year/2000/
Mathematics,IMO,2000,Vaibhav Vaish,IND,Silver,,https://www.imo-official.org/results/contestant/5575/,https://www.imo-official.org/results/individual/year/2000/
Mathematics,IMO,2000,Tomasz Czajka,POL,Silver,,https://www.imo-official.org/results/contestant/4930/,https://www.imo-official.org/results/individual/year/2000/
Mathematics,IMO,2000,Jean-Marie Droz,SUI,Silver,,https://www.imo-official.org/results/contestant/5630/,https://www.imo-official.org/results/individual/year/2000/
Mathematics,IMO,2000,Mehmet Bumin Yenmez,TUR,Silver,,https://www.imo-official.org/results/contestant/4847/,https://www.imo-official.org/results/individual/year/2000/
Mathematics,IMO,2000,Ching-Chih Weng,TWN,Silver,,https://www.imo-official.org/results/contestant/6017/,https://www.imo-official.org/results/individual/year/2000/
Mathematics,IMO,2000,David Collier,UNK,Silver,,https://www.imo-official.org/results/contestant/6026/,https://www.imo-official.org/results/individual/year/2000/
Mathematics,IMO,2000,David Harutyunyan,ARM,Silver,,https://www.imo-official.org/results/contestant/5180/,https://www.imo-official.org/results/individual/year/2000/
Mathematics,IMO,2000,Thomas Sewell,AUS,Silver,,https://www.imo-official.org/results/contestant/6028/,https://www.imo-official.org/results/individual/year/2000/
Mathematics,IMO,2000,Yury Hrushetski,BLR,Silver,,https://www.imo-official.org/results/contestant/6029/,https://www.imo-official.org/results/individual/year/2000/
Mathematics,IMO,2000,David Pritchard,CAN,Silver,,https://www.imo-official.org/results/contestant/5617/,https://www.imo-official.org/results/individual/year/2000/
Mathematics,IMO,2000,Abhishek Saha,IND,Silver,,https://www.imo-official.org/results/contestant/5628/,https://www.imo-official.org/results/individual/year/2000/
Mathematics,IMO,2000,Yoshiki Oshima,JPN,Silver,,https://www.imo-official.org/results/contestant/5598/,https://www.imo-official.org/results/individual/year/2000/
Mathematics,IMO,2000,Andrei Jorza,ROU,Silver,,https://www.imo-official.org/results/contestant/6033/,https://www.imo-official.org/results/individual/year/2000/
Mathematics,IMO,2000,Emanuel Stoica,ROU,Silver,,https://www.imo-official.org/results/contestant/5314/,https://www.imo-official.org/results/individual/year/2000/
Mathematics,IMO,2000,Irena Majcen,SVN,Silver,,https://www.imo-official.org/results/contestant/5690/,https://www.imo-official.org/results/individual/year/2000/
Mathematics,IMO,2000,Per Anders Andersson,SWE,Silver,,https://www.imo-official.org/results/contestant/6036/,https://www.imo-official.org/results/individual/year/2000/
Mathematics,IMO,2000,Otmar Ertl,AUT,Silver,,https://www.imo-official.org/results/contestant/5699/,https://www.imo-official.org/results/individual/year/2000/
Mathematics,IMO,2000,Stephan Wagner,AUT,Silver,,https://www.imo-official.org/results/contestant/4865/,https://www.imo-official.org/results/individual/year/2000/
Mathematics,IMO,2000,Viktor Harangi,HUN,Silver,,https://www.imo-official.org/results/contestant/6039/,https://www.imo-official.org/results/individual/year/2000/
Mathematics,IMO,2000,Ran Tessler,ISR,Silver,,https://www.imo-official.org/results/contestant/5709/,https://www.imo-official.org/results/individual/year/2000/
Mathematics,IMO,2000,Naoki Imai,JPN,Silver,,https://www.imo-official.org/results/contestant/5596/,https://www.imo-official.org/results/individual/year/2000/
Mathematics,IMO,2000,Igor Ganichev,KAZ,Silver,,https://www.imo-official.org/results/contestant/6042/,https://www.imo-official.org/results/individual/year/2000/
Mathematics,IMO,2000,Hyong-Jun Kim,KOR,Silver,,https://www.imo-official.org/results/contestant/6043/,https://www.imo-official.org/results/individual/year/2000/
Mathematics,IMO,2000,Victor Lozovanu,MDA,Silver,,https://www.imo-official.org/results/contestant/5800/,https://www.imo-official.org/results/individual/year/2000/
Mathematics,IMO,2000,Carlos Alberto Villalvazo Jáuregui,MEX,Silver,,https://www.imo-official.org/results/contestant/5826/,https://www.imo-official.org/results/individual/year/2000/
Mathematics,IMO,2000,Svetlana Poznanovic,MKD,Silver,,https://www.imo-official.org/results/contestant/5365/,https://www.imo-official.org/results/individual/year/2000/
Mathematics,IMO,2000,Milivoje Lukić,YUG,Silver,,https://www.imo-official.org/results/contestant/6047/,https://www.imo-official.org/results/individual/year/2000/
Mathematics,IMO,2000,Leandro Groisman,ARG,Silver,,https://www.imo-official.org/results/contestant/5839/,https://www.imo-official.org/results/individual/year/2000/
Mathematics,IMO,2000,Allan Sly,AUS,Silver,,https://www.imo-official.org/results/contestant/5724/,https://www.imo-official.org/results/individual/year/2000/
Mathematics,IMO,2000,Jan Houštěk,CZE,Silver,,https://www.imo-official.org/results/contestant/6050/,https://www.imo-official.org/results/individual/year/2000/
Mathematics,IMO,2000,Hok Pun Yu,HKG,Silver,,https://www.imo-official.org/results/contestant/6051/,https://www.imo-official.org/results/individual/year/2000/
Mathematics,IMO,2000,Samik Basu,IND,Silver,,https://www.imo-official.org/results/contestant/6052/,https://www.imo-official.org/results/individual/year/2000/
Mathematics,IMO,2000,Dorian Croitoru,MDA,Silver,,https://www.imo-official.org/results/contestant/5236/,https://www.imo-official.org/results/individual/year/2000/
Mathematics,IMO,2000,Yin Lim,SGP,Silver,,https://www.imo-official.org/results/contestant/5647/,https://www.imo-official.org/results/individual/year/2000/
Mathematics,IMO,2000,Miroslava Sotáková,SVK,Silver,,https://www.imo-official.org/results/contestant/5778/,https://www.imo-official.org/results/individual/year/2000/
Mathematics,IMO,2000,Somboon Chiewcharnpipat,THA,Silver,,https://www.imo-official.org/results/contestant/5232/,https://www.imo-official.org/results/individual/year/2000/
Mathematics,IMO,2000,Thomas Barnet-Lamb,UNK,Silver,,https://www.imo-official.org/results/contestant/5603/,https://www.imo-official.org/results/individual/year/2000/
Mathematics,IMO,2000,Phi Lê Nguyễn,VNM,Silver,,https://www.imo-official.org/results/contestant/6058/,https://www.imo-official.org/results/individual/year/2000/
Mathematics,IMO,2000,Pablo Celayes,ARG,Bronze,,https://www.imo-official.org/results/contestant/6059/,https://www.imo-official.org/results/individual/year/2000/
Mathematics,IMO,2000,Aram Kalantaryan,ARM,Bronze,,https://www.imo-official.org/results/contestant/5890/,https://www.imo-official.org/results/individual/year/2000/
Mathematics,IMO,2000,Siarhei Markouski,BLR,Bronze,,https://www.imo-official.org/results/contestant/6061/,https://www.imo-official.org/results/individual/year/2000/
Mathematics,IMO,2000,Alexey Doktorovich,ISR,Bronze,,https://www.imo-official.org/results/contestant/5610/,https://www.imo-official.org/results/individual/year/2000/
Mathematics,IMO,2000,Igors Gorbovickis,LVA,Bronze,,https://www.imo-official.org/results/contestant/5736/,https://www.imo-official.org/results/individual/year/2000/
Mathematics,IMO,2000,Agchbayar Amarsanaa,MNG,Bronze,,https://www.imo-official.org/results/contestant/6065/,https://www.imo-official.org/results/individual/year/2000/
Mathematics,IMO,2000,Allard Veldman,NLD,Bronze,,https://www.imo-official.org/results/contestant/5687/,https://www.imo-official.org/results/individual/year/2000/
Mathematics,IMO,2000,Chee Hau Tan,SGP,Bronze,,https://www.imo-official.org/results/contestant/6067/,https://www.imo-official.org/results/individual/year/2000/
Mathematics,IMO,2000,Katarína Quittnerová,SVK,Bronze,,https://www.imo-official.org/results/contestant/5716/,https://www.imo-official.org/results/individual/year/2000/
Mathematics,IMO,2000,Yu-Jong Tzeng,TWN,Bronze,,https://www.imo-official.org/results/contestant/6062/,https://www.imo-official.org/results/individual/year/2000/
Mathematics,IMO,2000,Tijana Kostić,YUG,Bronze,,https://www.imo-official.org/results/contestant/6069/,https://www.imo-official.org/results/individual/year/2000/
Mathematics,IMO,2000,Vladimir Lazić,YUG,Bronze,,https://www.imo-official.org/results/contestant/6070/,https://www.imo-official.org/results/individual/year/2000/
Mathematics,IMO,2000,Mahir Hadžić,BIH,Bronze,,https://www.imo-official.org/results/contestant/5331/,https://www.imo-official.org/results/individual/year/2000/
Mathematics,IMO,2000,Filip Morić,BIH,Bronze,,https://www.imo-official.org/results/contestant/6072/,https://www.imo-official.org/results/individual/year/2000/
Mathematics,IMO,2000,Filip Šimić,HRV,Bronze,,https://www.imo-official.org/results/contestant/5213/,https://www.imo-official.org/results/individual/year/2000/
Mathematics,IMO,2000,Dario Saccavino,ITA,Bronze,,https://www.imo-official.org/results/contestant/5665/,https://www.imo-official.org/results/individual/year/2000/
Mathematics,IMO,2000,Hiroki Kondo,JPN,Bronze,,https://www.imo-official.org/results/contestant/6075/,https://www.imo-official.org/results/individual/year/2000/
Mathematics,IMO,2000,Tom Schaul,LUX,Bronze,,https://www.imo-official.org/results/contestant/6076/,https://www.imo-official.org/results/individual/year/2000/
Mathematics,IMO,2000,Tomáš Jurík,SVK,Bronze,,https://www.imo-official.org/results/contestant/6077/,https://www.imo-official.org/results/individual/year/2000/
Mathematics,IMO,2000,Dzmitry Doryn,BLR,Bronze,,https://www.imo-official.org/results/contestant/6078/,https://www.imo-official.org/results/individual/year/2000/
Mathematics,IMO,2000,Rudolf Polzer,GER,Bronze,,https://www.imo-official.org/results/contestant/6079/,https://www.imo-official.org/results/individual/year/2000/
Mathematics,IMO,2000,Florin Ratiu,ROU,Bronze,,https://www.imo-official.org/results/contestant/6080/,https://www.imo-official.org/results/individual/year/2000/
Mathematics,IMO,2000,Bruce Merry,SAF,Bronze,,https://www.imo-official.org/results/contestant/4477/,https://www.imo-official.org/results/individual/year/2000/
Mathematics,IMO,2000,Vladimír Zajac,SVK,Bronze,,https://www.imo-official.org/results/contestant/5267/,https://www.imo-official.org/results/individual/year/2000/
Mathematics,IMO,2000,Serhat Şevki Dinçer,TUR,Bronze,,https://www.imo-official.org/results/contestant/6083/,https://www.imo-official.org/results/individual/year/2000/
Mathematics,IMO,2000,Umid Rakhmonov,UZB,Bronze,,https://www.imo-official.org/results/contestant/5865/,https://www.imo-official.org/results/individual/year/2000/
Mathematics,IMO,2000,Tomislav Radić,YUG,Bronze,,https://www.imo-official.org/results/contestant/6085/,https://www.imo-official.org/results/individual/year/2000/
Mathematics,IMO,2000,Tseno Tselkov,BGR,Bronze,,https://www.imo-official.org/results/contestant/6087/,https://www.imo-official.org/results/individual/year/2000/
Mathematics,IMO,2000,Daniel Nobuo Uno,BRA,Bronze,,https://www.imo-official.org/results/contestant/5726/,https://www.imo-official.org/results/individual/year/2000/
Mathematics,IMO,2000,Yusuke Kobayashi,JPN,Bronze,,https://www.imo-official.org/results/contestant/6088/,https://www.imo-official.org/results/individual/year/2000/
Mathematics,IMO,2000,Ulan Mukashev,KAZ,Bronze,,https://www.imo-official.org/results/contestant/5752/,https://www.imo-official.org/results/individual/year/2000/
Mathematics,IMO,2000,Hasan Inci,SUI,Bronze,,https://www.imo-official.org/results/contestant/5836/,https://www.imo-official.org/results/individual/year/2000/
Mathematics,IMO,2000,David Moser,SUI,Bronze,,https://www.imo-official.org/results/contestant/5782/,https://www.imo-official.org/results/individual/year/2000/
Mathematics,IMO,2000,Mojca Miklavec,SVN,Bronze,,https://www.imo-official.org/results/contestant/5779/,https://www.imo-official.org/results/individual/year/2000/
Mathematics,IMO,2000,Wittawat Kositwattanarerk,THA,Bronze,,https://www.imo-official.org/results/contestant/5719/,https://www.imo-official.org/results/individual/year/2000/
Mathematics,IMO,2000,Petch Manoharn,THA,Bronze,,https://www.imo-official.org/results/contestant/6093/,https://www.imo-official.org/results/individual/year/2000/
Mathematics,IMO,2000,Stephen Brooks,UNK,Bronze,,https://www.imo-official.org/results/contestant/6095/,https://www.imo-official.org/results/individual/year/2000/
Mathematics,IMO,2000,Zulfiddin Kamolov,UZB,Bronze,,https://www.imo-official.org/results/contestant/6096/,https://www.imo-official.org/results/individual/year/2000/
Mathematics,IMO,2000,Rolando Trujillo Rasúa,CUB,Bronze,,https://www.imo-official.org/results/contestant/5703/,https://www.imo-official.org/results/individual/year/2000/
Mathematics,IMO,2000,Jan Kynčl,CZE,Bronze,,https://www.imo-official.org/results/contestant/6098/,https://www.imo-official.org/results/individual/year/2000/
Mathematics,IMO,2000,Ka Ho Law,HKG,Bronze,,https://www.imo-official.org/results/contestant/5390/,https://www.imo-official.org/results/individual/year/2000/
Mathematics,IMO,2000,Prasad Nagaraj Raghavendra,IND,Bronze,,https://www.imo-official.org/results/contestant/6100/,https://www.imo-official.org/results/individual/year/2000/
Mathematics,IMO,2000,Alexey Entin,ISR,Bronze,,https://www.imo-official.org/results/contestant/6101/,https://www.imo-official.org/results/individual/year/2000/
Mathematics,IMO,2000,Zhandos Yessenbayev,KAZ,Bronze,,https://www.imo-official.org/results/contestant/5683/,https://www.imo-official.org/results/individual/year/2000/
Mathematics,IMO,2000,Dumitru Codreanu,MDA,Bronze,,https://www.imo-official.org/results/contestant/6103/,https://www.imo-official.org/results/individual/year/2000/
Mathematics,IMO,2000,Namnandorj Sansarkhuu,MNG,Bronze,,https://www.imo-official.org/results/contestant/6104/,https://www.imo-official.org/results/individual/year/2000/
Mathematics,IMO,2000,David Kunszenti-Kovács,NOR,Bronze,,https://www.imo-official.org/results/contestant/5002/,https://www.imo-official.org/results/individual/year/2000/
Mathematics,IMO,2000,Michał Adamaszek,POL,Bronze,,https://www.imo-official.org/results/contestant/6106/,https://www.imo-official.org/results/individual/year/2000/
Mathematics,IMO,2000,Daniel Porumbel,ROU,Bronze,,https://www.imo-official.org/results/contestant/6107/,https://www.imo-official.org/results/individual/year/2000/
Mathematics,IMO,2000,Jacques Conradie,SAF,Bronze,,https://www.imo-official.org/results/contestant/5777/,https://www.imo-official.org/results/individual/year/2000/
Mathematics,IMO,2000,Laura Bolognini,ARG,Bronze,,https://www.imo-official.org/results/contestant/6110/,https://www.imo-official.org/results/individual/year/2000/
Mathematics,IMO,2000,Matias Del Hoyo,ARG,Bronze,,https://www.imo-official.org/results/contestant/5787/,https://www.imo-official.org/results/individual/year/2000/
Mathematics,IMO,2000,Tigran Grigoryan,ARM,Bronze,,https://www.imo-official.org/results/contestant/5765/,https://www.imo-official.org/results/individual/year/2000/
Mathematics,IMO,2000,Aram Khachatryan,ARM,Bronze,,https://www.imo-official.org/results/contestant/6112/,https://www.imo-official.org/results/individual/year/2000/
Mathematics,IMO,2000,Thomas Xia,AUS,Bronze,,https://www.imo-official.org/results/contestant/6113/,https://www.imo-official.org/results/individual/year/2000/
Mathematics,IMO,2000,Pierre Gramme,BEL,Bronze,,https://www.imo-official.org/results/contestant/6114/,https://www.imo-official.org/results/individual/year/2000/
Mathematics,IMO,2000,Hendrik Nigul,EST,Bronze,,https://www.imo-official.org/results/contestant/5845/,https://www.imo-official.org/results/individual/year/2000/
Mathematics,IMO,2000,Riikka Korte,FIN,Bronze,,https://www.imo-official.org/results/contestant/5772/,https://www.imo-official.org/results/individual/year/2000/
Mathematics,IMO,2000,Philipp Schapotschnikov,GER,Bronze,,https://www.imo-official.org/results/contestant/6118/,https://www.imo-official.org/results/individual/year/2000/
Mathematics,IMO,2000,Tonči Kokan,HRV,Bronze,,https://www.imo-official.org/results/contestant/6115/,https://www.imo-official.org/results/individual/year/2000/
Mathematics,IMO,2000,Eran Assaf,ISR,Bronze,,https://www.imo-official.org/results/contestant/6119/,https://www.imo-official.org/results/individual/year/2000/
Mathematics,IMO,2000,Gediminas Lukšys,LTU,Bronze,,https://www.imo-official.org/results/contestant/5642/,https://www.imo-official.org/results/individual/year/2000/
Mathematics,IMO,2000,Jānis Dričs,LVA,Bronze,,https://www.imo-official.org/results/contestant/5470/,https://www.imo-official.org/results/individual/year/2000/
Mathematics,IMO,2000,Bat-Erdene Amarsanaa,MNG,Bronze,,https://www.imo-official.org/results/contestant/5881/,https://www.imo-official.org/results/individual/year/2000/
Mathematics,IMO,2000,Marcin Wojnarski,POL,Bronze,,https://www.imo-official.org/results/contestant/6123/,https://www.imo-official.org/results/individual/year/2000/
Mathematics,IMO,2000,Iván Angiono,ARG,Bronze,,https://www.imo-official.org/results/contestant/5811/,https://www.imo-official.org/results/individual/year/2000/
Mathematics,IMO,2000,Emerson Julian León Guerrero,COL,Bronze,,https://www.imo-official.org/results/contestant/5421/,https://www.imo-official.org/results/individual/year/2000/
Mathematics,IMO,2000,Edgar Rincon,COL,Bronze,,https://www.imo-official.org/results/contestant/6126/,https://www.imo-official.org/results/individual/year/2000/
Mathematics,IMO,2000,Mikko Harju,FIN,Bronze,,https://www.imo-official.org/results/contestant/5426/,https://www.imo-official.org/results/individual/year/2000/
Mathematics,IMO,2000,Ka Wing Ng,HKG,Bronze,,https://www.imo-official.org/results/contestant/5751/,https://www.imo-official.org/results/individual/year/2000/
Mathematics,IMO,2000,Tomislav Pejković,HRV,Bronze,,https://www.imo-official.org/results/contestant/5618/,https://www.imo-official.org/results/individual/year/2000/
Mathematics,IMO,2000,Mushthofa Mushthofa,IDN,Bronze,,https://www.imo-official.org/results/contestant/5921/,https://www.imo-official.org/results/individual/year/2000/
Mathematics,IMO,2000,Seyed Ali Madani Zadeh,IRN,Bronze,,https://www.imo-official.org/results/contestant/6131/,https://www.imo-official.org/results/individual/year/2000/
Mathematics,IMO,2000,Giulio Genovese,ITA,Bronze,,https://www.imo-official.org/results/contestant/6132/,https://www.imo-official.org/results/individual/year/2000/
Mathematics,IMO,2000,Anuar Kaumbayev,KAZ,Bronze,,https://www.imo-official.org/results/contestant/6134/,https://www.imo-official.org/results/individual/year/2000/
Mathematics,IMO,2000,Rustem Takhanov,KAZ,Bronze,,https://www.imo-official.org/results/contestant/6133/,https://www.imo-official.org/results/individual/year/2000/
Mathematics,IMO,2000,Dumitru Daniliuc,MDA,Bronze,,https://www.imo-official.org/results/contestant/5711/,https://www.imo-official.org/results/individual/year/2000/
Mathematics,IMO,2000,Tiaan George Towsen,SAF,Bronze,,https://www.imo-official.org/results/contestant/5257/,https://www.imo-official.org/results/individual/year/2000/
Mathematics,IMO,2000,Jacobus van Zyl,SAF,Bronze,,https://www.imo-official.org/results/contestant/6137/,https://www.imo-official.org/results/individual/year/2000/
Mathematics,IMO,2000,Koen Goossens,BEL,Bronze,,https://www.imo-official.org/results/contestant/6138/,https://www.imo-official.org/results/individual/year/2000/
Mathematics,IMO,2000,Damir Hasić,BIH,Bronze,,https://www.imo-official.org/results/contestant/4917/,https://www.imo-official.org/results/individual/year/2000/
Mathematics,IMO,2000,Daniel Massaki Yamamoto,BRA,Bronze,,https://www.imo-official.org/results/contestant/5789/,https://www.imo-official.org/results/individual/year/2000/
Mathematics,IMO,2000,Raúl Arderí García,CUB,Bronze,,https://www.imo-official.org/results/contestant/6141/,https://www.imo-official.org/results/individual/year/2000/
Mathematics,IMO,2000,Anders Schack-Nielsen,DEN,Bronze,,https://www.imo-official.org/results/contestant/5662/,https://www.imo-official.org/results/individual/year/2000/
Mathematics,IMO,2000,Pierre Nolin,FRA,Bronze,,https://www.imo-official.org/results/contestant/6143/,https://www.imo-official.org/results/individual/year/2000/
Mathematics,IMO,2000,Takayoshi Yamamoto,JPN,Bronze,,https://www.imo-official.org/results/contestant/6144/,https://www.imo-official.org/results/individual/year/2000/
Mathematics,IMO,2000,Aleksandra Koroļova,LVA,Bronze,,https://www.imo-official.org/results/contestant/5263/,https://www.imo-official.org/results/individual/year/2000/
Mathematics,IMO,2000,Tarik Hsaini,MAR,Bronze,,https://www.imo-official.org/results/contestant/5854/,https://www.imo-official.org/results/individual/year/2000/
Mathematics,IMO,2000,Ong Shien Jin,MAS,Bronze,,https://www.imo-official.org/results/contestant/5825/,https://www.imo-official.org/results/individual/year/2000/
Mathematics,IMO,2000,Ilija Jovčevski,MKD,Bronze,,https://www.imo-official.org/results/contestant/6147/,https://www.imo-official.org/results/individual/year/2000/
Mathematics,IMO,2000,Tumur Baasanjav,MNG,Bronze,,https://www.imo-official.org/results/contestant/6148/,https://www.imo-official.org/results/individual/year/2000/
Mathematics,IMO,2000,Yothin Rakvongthai,THA,Bronze,,https://www.imo-official.org/results/contestant/5911/,https://www.imo-official.org/results/individual/year/2000/
Mathematics,IMO,2000,Việt Ha Bùi,VNM,Bronze,,https://www.imo-official.org/results/contestant/6151/,https://www.imo-official.org/results/individual/year/2000/
Mathematics,IMO,2000,Fabrício Siqueira Benevides,BRA,Bronze,,https://www.imo-official.org/results/contestant/5675/,https://www.imo-official.org/results/individual/year/2000/
Mathematics,IMO,2000,Keon Choi,CAN,Bronze,,https://www.imo-official.org/results/contestant/6153/,https://www.imo-official.org/results/individual/year/2000/
Mathematics,IMO,2000,Emmanuel Lepage,FRA,Bronze,,https://www.imo-official.org/results/contestant/6154/,https://www.imo-official.org/results/individual/year/2000/
Mathematics,IMO,2000,Ioannis Anapolitanos,HEL,Bronze,,https://www.imo-official.org/results/contestant/6155/,https://www.imo-official.org/results/individual/year/2000/
Mathematics,IMO,2000,Georges Baatz,LUX,Bronze,,https://www.imo-official.org/results/contestant/5643/,https://www.imo-official.org/results/individual/year/2000/
Mathematics,IMO,2000,Ernesto Alarcón Zaldo,MEX,Bronze,,https://www.imo-official.org/results/contestant/6157/,https://www.imo-official.org/results/individual/year/2000/
Mathematics,IMO,2000,Raúl Gómez Muñoz,MEX,Bronze,,https://www.imo-official.org/results/contestant/6158/,https://www.imo-official.org/results/individual/year/2000/
Mathematics,IMO,2000,Todor Ristov,MKD,Bronze,,https://www.imo-official.org/results/contestant/5905/,https://www.imo-official.org/results/individual/year/2000/
Mathematics,IMO,2000,David Knipe,UNK,Bronze,,https://www.imo-official.org/results/contestant/6160/,https://www.imo-official.org/results/individual/year/2000/
Mathematics,IMO,2000,Dénes Koch,AUT,Bronze,,https://www.imo-official.org/results/contestant/5725/,https://www.imo-official.org/results/individual/year/2000/
Mathematics,IMO,2000,Omer Tanović,BIH,Bronze,,https://www.imo-official.org/results/contestant/6162/,https://www.imo-official.org/results/individual/year/2000/
Mathematics,IMO,2000,Jan Herman,CZE,Bronze,,https://www.imo-official.org/results/contestant/6164/,https://www.imo-official.org/results/individual/year/2000/
Mathematics,IMO,2000,Ondřej Suchý,CZE,Bronze,,https://www.imo-official.org/results/contestant/6165/,https://www.imo-official.org/results/individual/year/2000/
Mathematics,IMO,2000,Anne-Maria Ernvall,FIN,Bronze,,https://www.imo-official.org/results/contestant/5771/,https://www.imo-official.org/results/individual/year/2000/
Mathematics,IMO,2000,Benjamin Wagener,FRA,Bronze,,https://www.imo-official.org/results/contestant/6167/,https://www.imo-official.org/results/individual/year/2000/
Mathematics,IMO,2000,Tonći Antunović,HRV,Bronze,,https://www.imo-official.org/results/contestant/6163/,https://www.imo-official.org/results/individual/year/2000/
Mathematics,IMO,2000,Djoko Wibowo,IDN,Bronze,,https://www.imo-official.org/results/contestant/6168/,https://www.imo-official.org/results/individual/year/2000/
Mathematics,IMO,2000,Emanuele Spadaro,ITA,Bronze,,https://www.imo-official.org/results/contestant/6169/,https://www.imo-official.org/results/individual/year/2000/
Mathematics,IMO,2000,Murat Abduvaliev,KGZ,Bronze,,https://www.imo-official.org/results/contestant/5753/,https://www.imo-official.org/results/individual/year/2000/
Mathematics,IMO,2000,Mohd. Suhaimi Ramly,MAS,Bronze,,https://www.imo-official.org/results/contestant/5851/,https://www.imo-official.org/results/individual/year/2000/
Mathematics,IMO,2000,Alexandru Paschin,MDA,Bronze,,https://www.imo-official.org/results/contestant/5758/,https://www.imo-official.org/results/individual/year/2000/
Mathematics,IMO,2000,Mauricio Esteban Chacón Tirado,MEX,Bronze,,https://www.imo-official.org/results/contestant/6173/,https://www.imo-official.org/results/individual/year/2000/
Mathematics,IMO,2000,Vincent Groenhuis,NLD,Bronze,,https://www.imo-official.org/results/contestant/6174/,https://www.imo-official.org/results/individual/year/2000/
Mathematics,IMO,2000,Chin Lum Kwa,SGP,Bronze,,https://www.imo-official.org/results/contestant/5833/,https://www.imo-official.org/results/individual/year/2000/
Mathematics,IMO,2000,Michael Spencer,UNK,Bronze,,https://www.imo-official.org/results/contestant/6176/,https://www.imo-official.org/results/individual/year/2000/
Mathematics,IMO,2000,Oliver Thomas,UNK,Bronze,,https://www.imo-official.org/results/contestant/5579/,https://www.imo-official.org/results/individual/year/2000/
Mathematics,IMO,2001,Liang Xiao,CHN,Gold,,https://www.imo-official.org/results/contestant/6410/,https://www.imo-official.org/results/individual/year/2001/
Mathematics,IMO,2001,Zhiqiang Zhang,CHN,Gold,,https://www.imo-official.org/results/contestant/6411/,https://www.imo-official.org/results/individual/year/2001/
Mathematics,IMO,2001,Reid Barton,USA,Gold,,https://www.imo-official.org/results/contestant/5104/,https://www.imo-official.org/results/individual/year/2001/
Mathematics,IMO,2001,Gabriel Carroll,USA,Gold,,https://www.imo-official.org/results/contestant/5093/,https://www.imo-official.org/results/individual/year/2001/
Mathematics,IMO,2001,Mihai Manea,ROU,Gold,,https://www.imo-official.org/results/contestant/5514/,https://www.imo-official.org/results/individual/year/2001/
Mathematics,IMO,2001,Sergey Spiridonov,RUS,Gold,,https://www.imo-official.org/results/contestant/6415/,https://www.imo-official.org/results/individual/year/2001/
Mathematics,IMO,2001,Vladimir Barzov,BGR,Gold,,https://www.imo-official.org/results/contestant/5540/,https://www.imo-official.org/results/individual/year/2001/
Mathematics,IMO,2001,Jun Yu,CHN,Gold,,https://www.imo-official.org/results/contestant/6417/,https://www.imo-official.org/results/individual/year/2001/
Mathematics,IMO,2001,Mykhailo Bershtein,UKR,Gold,,https://www.imo-official.org/results/contestant/6418/,https://www.imo-official.org/results/individual/year/2001/
Mathematics,IMO,2001,Peter McNamara,AUS,Gold,,https://www.imo-official.org/results/contestant/5634/,https://www.imo-official.org/results/individual/year/2001/
Mathematics,IMO,2001,Greta Panova,BGR,Gold,,https://www.imo-official.org/results/contestant/5541/,https://www.imo-official.org/results/individual/year/2001/
Mathematics,IMO,2001,Siarhei Markouski,BLR,Gold,,https://www.imo-official.org/results/contestant/6061/,https://www.imo-official.org/results/individual/year/2001/
Mathematics,IMO,2001,Daniel Brox,CAN,Gold,,https://www.imo-official.org/results/contestant/5995/,https://www.imo-official.org/results/individual/year/2001/
Mathematics,IMO,2001,Hui Zheng,CHN,Gold,,https://www.imo-official.org/results/contestant/6423/,https://www.imo-official.org/results/individual/year/2001/
Mathematics,IMO,2001,Myoung Sup Kim,KOR,Gold,,https://www.imo-official.org/results/contestant/6424/,https://www.imo-official.org/results/individual/year/2001/
Mathematics,IMO,2001,Nizameddin Ordulu,TUR,Gold,,https://www.imo-official.org/results/contestant/6425/,https://www.imo-official.org/results/individual/year/2001/
Mathematics,IMO,2001,Feng Qu,CHN,Gold,,https://www.imo-official.org/results/contestant/6426/,https://www.imo-official.org/results/individual/year/2001/
Mathematics,IMO,2001,Abhay Kumar Jha,IND,Gold,,https://www.imo-official.org/results/contestant/6427/,https://www.imo-official.org/results/individual/year/2001/
Mathematics,IMO,2001,Chia-Chun Tzeng,TWN,Gold,,https://www.imo-official.org/results/contestant/6428/,https://www.imo-official.org/results/individual/year/2001/
Mathematics,IMO,2001,Ian Le,USA,Gold,,https://www.imo-official.org/results/contestant/6429/,https://www.imo-official.org/results/individual/year/2001/
Mathematics,IMO,2001,Jianxin Chen,CHN,Gold,,https://www.imo-official.org/results/contestant/6430/,https://www.imo-official.org/results/individual/year/2001/
Mathematics,IMO,2001,Sucharit Sarkar,IND,Gold,,https://www.imo-official.org/results/contestant/6431/,https://www.imo-official.org/results/individual/year/2001/
Mathematics,IMO,2001,Baurzhan Bektemirov,KAZ,Gold,,https://www.imo-official.org/results/contestant/6432/,https://www.imo-official.org/results/individual/year/2001/
Mathematics,IMO,2001,Aman Zhumekeshov,KAZ,Gold,,https://www.imo-official.org/results/contestant/6433/,https://www.imo-official.org/results/individual/year/2001/
Mathematics,IMO,2001,Serguei Sokolov,RUS,Gold,,https://www.imo-official.org/results/contestant/6434/,https://www.imo-official.org/results/individual/year/2001/
Mathematics,IMO,2001,Andrei Vorobiev,RUS,Gold,,https://www.imo-official.org/results/contestant/6435/,https://www.imo-official.org/results/individual/year/2001/
Mathematics,IMO,2001,Ngọc Minh Vũ,VNM,Gold,,https://www.imo-official.org/results/contestant/6436/,https://www.imo-official.org/results/individual/year/2001/
Mathematics,IMO,2001,Rumen Zarev,BGR,Gold,,https://www.imo-official.org/results/contestant/6437/,https://www.imo-official.org/results/individual/year/2001/
Mathematics,IMO,2001,Christian Reiher,GER,Gold,,https://www.imo-official.org/results/contestant/5636/,https://www.imo-official.org/results/individual/year/2001/
Mathematics,IMO,2001,Alibek Aldangarov,KAZ,Gold,,https://www.imo-official.org/results/contestant/5935/,https://www.imo-official.org/results/individual/year/2001/
Mathematics,IMO,2001,Suehyun Kwon,KOR,Gold,,https://www.imo-official.org/results/contestant/6440/,https://www.imo-official.org/results/individual/year/2001/
Mathematics,IMO,2001,Mikhail Garber,RUS,Gold,,https://www.imo-official.org/results/contestant/6441/,https://www.imo-official.org/results/individual/year/2001/
Mathematics,IMO,2001,Jorge Erik López Velázquez,CUB,Gold,,https://www.imo-official.org/results/contestant/6283/,https://www.imo-official.org/results/individual/year/2001/
Mathematics,IMO,2001,Igor Ganichev,KAZ,Gold,,https://www.imo-official.org/results/contestant/6042/,https://www.imo-official.org/results/individual/year/2001/
Mathematics,IMO,2001,Yoon Suk Hyun,KOR,Gold,,https://www.imo-official.org/results/contestant/6444/,https://www.imo-official.org/results/individual/year/2001/
Mathematics,IMO,2001,Alexei Glazirine,RUS,Gold,,https://www.imo-official.org/results/contestant/6445/,https://www.imo-official.org/results/individual/year/2001/
Mathematics,IMO,2001,Tiankai Liu,USA,Gold,,https://www.imo-official.org/results/contestant/6446/,https://www.imo-official.org/results/individual/year/2001/
Mathematics,IMO,2001,Oran Lang,ISR,Gold,,https://www.imo-official.org/results/contestant/5228/,https://www.imo-official.org/results/individual/year/2001/
Mathematics,IMO,2001,Yuji Odaka,JPN,Gold,,https://www.imo-official.org/results/contestant/6448/,https://www.imo-official.org/results/individual/year/2001/
Mathematics,IMO,2001,Ran Tessler,ISR,Silver,,https://www.imo-official.org/results/contestant/5709/,https://www.imo-official.org/results/individual/year/2001/
Mathematics,IMO,2001,Sergey Umentayev,KAZ,Silver,,https://www.imo-official.org/results/contestant/6450/,https://www.imo-official.org/results/individual/year/2001/
Mathematics,IMO,2001,Joo Yong Ahn,KOR,Silver,,https://www.imo-official.org/results/contestant/6451/,https://www.imo-official.org/results/individual/year/2001/
Mathematics,IMO,2001,Young Jun Jang,KOR,Silver,,https://www.imo-official.org/results/contestant/6452/,https://www.imo-official.org/results/individual/year/2001/
Mathematics,IMO,2001,Paweł Walter,POL,Silver,,https://www.imo-official.org/results/contestant/6453/,https://www.imo-official.org/results/individual/year/2001/
Mathematics,IMO,2001,Pawit Sangchant,THA,Silver,,https://www.imo-official.org/results/contestant/6454/,https://www.imo-official.org/results/individual/year/2001/
Mathematics,IMO,2001,Aleksandar Dimitrov Lishkov,BGR,Silver,,https://www.imo-official.org/results/contestant/6455/,https://www.imo-official.org/results/individual/year/2001/
Mathematics,IMO,2001,Tseno Tselkov,BGR,Silver,,https://www.imo-official.org/results/contestant/6087/,https://www.imo-official.org/results/individual/year/2001/
Mathematics,IMO,2001,Suk Won Kim,KOR,Silver,,https://www.imo-official.org/results/contestant/6457/,https://www.imo-official.org/results/individual/year/2001/
Mathematics,IMO,2001,Andrei Khaliavine,RUS,Silver,,https://www.imo-official.org/results/contestant/6003/,https://www.imo-official.org/results/individual/year/2001/
Mathematics,IMO,2001,Wittawat Kositwattanarerk,THA,Silver,,https://www.imo-official.org/results/contestant/5719/,https://www.imo-official.org/results/individual/year/2001/
Mathematics,IMO,2001,Adolfo Rodríguez,VEN,Silver,,https://www.imo-official.org/results/contestant/6460/,https://www.imo-official.org/results/individual/year/2001/
Mathematics,IMO,2001,Anh Vinh Lê,VNM,Silver,,https://www.imo-official.org/results/contestant/6461/,https://www.imo-official.org/results/individual/year/2001/
Mathematics,IMO,2001,Kiat Chuan Tan,SGP,Silver,,https://www.imo-official.org/results/contestant/6462/,https://www.imo-official.org/results/individual/year/2001/
Mathematics,IMO,2001,Iván Angiono,ARG,Silver,,https://www.imo-official.org/results/contestant/5811/,https://www.imo-official.org/results/individual/year/2001/
Mathematics,IMO,2001,Thomas Jäger,GER,Silver,,https://www.imo-official.org/results/contestant/5627/,https://www.imo-official.org/results/individual/year/2001/
Mathematics,IMO,2001,Iman Setayesh,IRN,Silver,,https://www.imo-official.org/results/contestant/6465/,https://www.imo-official.org/results/individual/year/2001/
Mathematics,IMO,2001,David Kunszenti-Kovács,NOR,Silver,,https://www.imo-official.org/results/contestant/5002/,https://www.imo-official.org/results/individual/year/2001/
Mathematics,IMO,2001,Roman Łomowski,POL,Silver,,https://www.imo-official.org/results/contestant/6467/,https://www.imo-official.org/results/individual/year/2001/
Mathematics,IMO,2001,David Loeffler,UNK,Silver,,https://www.imo-official.org/results/contestant/6468/,https://www.imo-official.org/results/individual/year/2001/
Mathematics,IMO,2001,Đình Hùng Lê,VNM,Silver,,https://www.imo-official.org/results/contestant/6469/,https://www.imo-official.org/results/individual/year/2001/
Mathematics,IMO,2001,Pavel Karpovich,BLR,Silver,,https://www.imo-official.org/results/contestant/6470/,https://www.imo-official.org/results/individual/year/2001/
Mathematics,IMO,2001,Hendrik Lönngren,GER,Silver,,https://www.imo-official.org/results/contestant/6285/,https://www.imo-official.org/results/individual/year/2001/
Mathematics,IMO,2001,Hok Pun Yu,HKG,Silver,,https://www.imo-official.org/results/contestant/6051/,https://www.imo-official.org/results/individual/year/2001/
Mathematics,IMO,2001,Abhishek Saha,IND,Silver,,https://www.imo-official.org/results/contestant/5628/,https://www.imo-official.org/results/individual/year/2001/
Mathematics,IMO,2001,Nikolay Andreev,BGR,Silver,,https://www.imo-official.org/results/contestant/5994/,https://www.imo-official.org/results/individual/year/2001/
Mathematics,IMO,2001,Mikheil Mebonia,GEO,Silver,,https://www.imo-official.org/results/contestant/6188/,https://www.imo-official.org/results/individual/year/2001/
Mathematics,IMO,2001,Naoki Imai,JPN,Silver,,https://www.imo-official.org/results/contestant/5596/,https://www.imo-official.org/results/individual/year/2001/
Mathematics,IMO,2001,Simon Marshall,NZL,Silver,,https://www.imo-official.org/results/contestant/6477/,https://www.imo-official.org/results/individual/year/2001/
Mathematics,IMO,2001,Andrei Jorza,ROU,Silver,,https://www.imo-official.org/results/contestant/6033/,https://www.imo-official.org/results/individual/year/2001/
Mathematics,IMO,2001,Yunus Eşençayı,TUR,Silver,,https://www.imo-official.org/results/contestant/6479/,https://www.imo-official.org/results/individual/year/2001/
Mathematics,IMO,2001,Hau-Wei Chu,TWN,Silver,,https://www.imo-official.org/results/contestant/6480/,https://www.imo-official.org/results/individual/year/2001/
Mathematics,IMO,2001,Oaz Nir,USA,Silver,,https://www.imo-official.org/results/contestant/5987/,https://www.imo-official.org/results/individual/year/2001/
Mathematics,IMO,2001,Leandro Groisman,ARG,Silver,,https://www.imo-official.org/results/contestant/5839/,https://www.imo-official.org/results/individual/year/2001/
Mathematics,IMO,2001,Alex Corrêa Abreu,BRA,Silver,,https://www.imo-official.org/results/contestant/6483/,https://www.imo-official.org/results/individual/year/2001/
Mathematics,IMO,2001,Humberto Silva Naves,BRA,Silver,,https://www.imo-official.org/results/contestant/5616/,https://www.imo-official.org/results/individual/year/2001/
Mathematics,IMO,2001,Michael Tyomkyn,GER,Silver,,https://www.imo-official.org/results/contestant/6485/,https://www.imo-official.org/results/individual/year/2001/
Mathematics,IMO,2001,Kei Tsi Daniel Cheng,HKG,Silver,,https://www.imo-official.org/results/contestant/6486/,https://www.imo-official.org/results/individual/year/2001/
Mathematics,IMO,2001,Amin Jaefarian,IRN,Silver,,https://www.imo-official.org/results/contestant/6487/,https://www.imo-official.org/results/individual/year/2001/
Mathematics,IMO,2001,Yoshiki Oshima,JPN,Silver,,https://www.imo-official.org/results/contestant/5598/,https://www.imo-official.org/results/individual/year/2001/
Mathematics,IMO,2001,Takayoshi Yamamoto,JPN,Silver,,https://www.imo-official.org/results/contestant/6144/,https://www.imo-official.org/results/individual/year/2001/
Mathematics,IMO,2001,Tumur Baasanjav,MNG,Silver,,https://www.imo-official.org/results/contestant/6148/,https://www.imo-official.org/results/individual/year/2001/
Mathematics,IMO,2001,Urdiinbish Narankhuu,MNG,Silver,,https://www.imo-official.org/results/contestant/6491/,https://www.imo-official.org/results/individual/year/2001/
Mathematics,IMO,2001,Denys Voloshyn,UKR,Silver,,https://www.imo-official.org/results/contestant/6492/,https://www.imo-official.org/results/individual/year/2001/
Mathematics,IMO,2001,Dong Shin,USA,Silver,,https://www.imo-official.org/results/contestant/6493/,https://www.imo-official.org/results/individual/year/2001/
Mathematics,IMO,2001,Umid Rakhmonov,UZB,Silver,,https://www.imo-official.org/results/contestant/5865/,https://www.imo-official.org/results/individual/year/2001/
Mathematics,IMO,2001,Khánh Toan Trần,VNM,Silver,,https://www.imo-official.org/results/contestant/6495/,https://www.imo-official.org/results/individual/year/2001/
Mathematics,IMO,2001,Nikita Selinger,BLR,Silver,,https://www.imo-official.org/results/contestant/6496/,https://www.imo-official.org/results/individual/year/2001/
Mathematics,IMO,2001,Emmanuel Lepage,FRA,Silver,,https://www.imo-official.org/results/contestant/6154/,https://www.imo-official.org/results/individual/year/2001/
Mathematics,IMO,2001,Viktor Harangi,HUN,Silver,,https://www.imo-official.org/results/contestant/6039/,https://www.imo-official.org/results/individual/year/2001/
Mathematics,IMO,2001,Igors Gorbovickis,LVA,Silver,,https://www.imo-official.org/results/contestant/5736/,https://www.imo-official.org/results/individual/year/2001/
Mathematics,IMO,2001,Dumitru Daniliuc,MDA,Silver,,https://www.imo-official.org/results/contestant/5711/,https://www.imo-official.org/results/individual/year/2001/
Mathematics,IMO,2001,Jarosław Wrona,POL,Silver,,https://www.imo-official.org/results/contestant/6501/,https://www.imo-official.org/results/individual/year/2001/
Mathematics,IMO,2001,Ana Caraiani,ROU,Silver,,https://www.imo-official.org/results/contestant/6502/,https://www.imo-official.org/results/individual/year/2001/
Mathematics,IMO,2001,Chen-Han Chung,TWN,Silver,,https://www.imo-official.org/results/contestant/6503/,https://www.imo-official.org/results/individual/year/2001/
Mathematics,IMO,2001,Sergiy Volodko,UKR,Silver,,https://www.imo-official.org/results/contestant/6504/,https://www.imo-official.org/results/individual/year/2001/
Mathematics,IMO,2001,Anh Quan Nguyễn,VNM,Silver,,https://www.imo-official.org/results/contestant/6505/,https://www.imo-official.org/results/individual/year/2001/
Mathematics,IMO,2001,Carlos di Fiore,ARG,Silver,,https://www.imo-official.org/results/contestant/6506/,https://www.imo-official.org/results/individual/year/2001/
Mathematics,IMO,2001,Mahir Hadžić,BIH,Silver,,https://www.imo-official.org/results/contestant/5331/,https://www.imo-official.org/results/individual/year/2001/
Mathematics,IMO,2001,Davi Máximo Alexandrino Nogueira,BRA,Silver,,https://www.imo-official.org/results/contestant/6508/,https://www.imo-official.org/results/individual/year/2001/
Mathematics,IMO,2001,Raúl Arderí García,CUB,Silver,,https://www.imo-official.org/results/contestant/6141/,https://www.imo-official.org/results/individual/year/2001/
Mathematics,IMO,2001,Hendrik Nigul,EST,Silver,,https://www.imo-official.org/results/contestant/5845/,https://www.imo-official.org/results/individual/year/2001/
Mathematics,IMO,2001,Pierre-Henri Brouard,FRA,Silver,,https://www.imo-official.org/results/contestant/6512/,https://www.imo-official.org/results/individual/year/2001/
Mathematics,IMO,2001,Georgios Raptis,HEL,Silver,,https://www.imo-official.org/results/contestant/6306/,https://www.imo-official.org/results/individual/year/2001/
Mathematics,IMO,2001,Tonći Antunović,HRV,Silver,,https://www.imo-official.org/results/contestant/6163/,https://www.imo-official.org/results/individual/year/2001/
Mathematics,IMO,2001,Endre Csóka,HUN,Silver,,https://www.imo-official.org/results/contestant/6514/,https://www.imo-official.org/results/individual/year/2001/
Mathematics,IMO,2001,Chien-Ming Lan,TWN,Silver,,https://www.imo-official.org/results/contestant/6515/,https://www.imo-official.org/results/individual/year/2001/
Mathematics,IMO,2001,Anton Shafalyuk,UKR,Silver,,https://www.imo-official.org/results/contestant/6516/,https://www.imo-official.org/results/individual/year/2001/
Mathematics,IMO,2001,Carlos Stein Naves de Brito,BRA,Silver,,https://www.imo-official.org/results/contestant/6517/,https://www.imo-official.org/results/individual/year/2001/
Mathematics,IMO,2001,Sie Hendrata Dharmawan,IDN,Silver,,https://www.imo-official.org/results/contestant/6241/,https://www.imo-official.org/results/individual/year/2001/
Mathematics,IMO,2001,Samik Basu,IND,Silver,,https://www.imo-official.org/results/contestant/6052/,https://www.imo-official.org/results/individual/year/2001/
Mathematics,IMO,2001,Eran Assaf,ISR,Silver,,https://www.imo-official.org/results/contestant/6119/,https://www.imo-official.org/results/individual/year/2001/
Mathematics,IMO,2001,Alexandru Paschin,MDA,Silver,,https://www.imo-official.org/results/contestant/5758/,https://www.imo-official.org/results/individual/year/2001/
Mathematics,IMO,2001,Pieter Mostert,SAF,Silver,,https://www.imo-official.org/results/contestant/6226/,https://www.imo-official.org/results/individual/year/2001/
Mathematics,IMO,2001,Selim Bahadır,TUR,Silver,,https://www.imo-official.org/results/contestant/6523/,https://www.imo-official.org/results/individual/year/2001/
Mathematics,IMO,2001,Eren Bali,TUR,Silver,,https://www.imo-official.org/results/contestant/6524/,https://www.imo-official.org/results/individual/year/2001/
Mathematics,IMO,2001,Chung-Te Li,TWN,Silver,,https://www.imo-official.org/results/contestant/6525/,https://www.imo-official.org/results/individual/year/2001/
Mathematics,IMO,2001,I-Hsiang Wang,TWN,Silver,,https://www.imo-official.org/results/contestant/6526/,https://www.imo-official.org/results/individual/year/2001/
Mathematics,IMO,2001,Artem Dudko,UKR,Silver,,https://www.imo-official.org/results/contestant/6527/,https://www.imo-official.org/results/individual/year/2001/
Mathematics,IMO,2001,Mykola Rybak,UKR,Silver,,https://www.imo-official.org/results/contestant/6528/,https://www.imo-official.org/results/individual/year/2001/
Mathematics,IMO,2001,Vladimir Lazić,YUG,Silver,,https://www.imo-official.org/results/contestant/6070/,https://www.imo-official.org/results/individual/year/2001/
Mathematics,IMO,2001,Maksim Zhykhovich,BLR,Bronze,,https://www.imo-official.org/results/contestant/6530/,https://www.imo-official.org/results/individual/year/2001/
Mathematics,IMO,2001,Erika Renáta Kovács,HUN,Bronze,,https://www.imo-official.org/results/contestant/6531/,https://www.imo-official.org/results/individual/year/2001/
Mathematics,IMO,2001,László Vörös,HUN,Bronze,,https://www.imo-official.org/results/contestant/6532/,https://www.imo-official.org/results/individual/year/2001/
Mathematics,IMO,2001,Swarnendu Datta,IND,Bronze,,https://www.imo-official.org/results/contestant/6020/,https://www.imo-official.org/results/individual/year/2001/
Mathematics,IMO,2001,Hideaki Jo,JPN,Bronze,,https://www.imo-official.org/results/contestant/6534/,https://www.imo-official.org/results/individual/year/2001/
Mathematics,IMO,2001,Zulfiddin Kamolov,UZB,Bronze,,https://www.imo-official.org/results/contestant/6096/,https://www.imo-official.org/results/individual/year/2001/
Mathematics,IMO,2001,Aram Khachatryan,ARM,Bronze,,https://www.imo-official.org/results/contestant/6112/,https://www.imo-official.org/results/individual/year/2001/
Mathematics,IMO,2001,Vasil Bondarau,BLR,Bronze,,https://www.imo-official.org/results/contestant/6537/,https://www.imo-official.org/results/individual/year/2001/
Mathematics,IMO,2001,Thiago Barros Rodrigues Costa,BRA,Bronze,,https://www.imo-official.org/results/contestant/6538/,https://www.imo-official.org/results/individual/year/2001/
Mathematics,IMO,2001,Angélica Osorno,COL,Bronze,,https://www.imo-official.org/results/contestant/5871/,https://www.imo-official.org/results/individual/year/2001/
Mathematics,IMO,2001,Wai Ying Leung,HKG,Bronze,,https://www.imo-official.org/results/contestant/6540/,https://www.imo-official.org/results/individual/year/2001/
Mathematics,IMO,2001,Siamak Ahmadpour Torkamani,IRN,Bronze,,https://www.imo-official.org/results/contestant/6541/,https://www.imo-official.org/results/individual/year/2001/
Mathematics,IMO,2001,Hamid Foroughi,IRN,Bronze,,https://www.imo-official.org/results/contestant/6542/,https://www.imo-official.org/results/individual/year/2001/
Mathematics,IMO,2001,Doron Shafrir,ISR,Bronze,,https://www.imo-official.org/results/contestant/6543/,https://www.imo-official.org/results/individual/year/2001/
Mathematics,IMO,2001,Aivaras Novikas,LTU,Bronze,,https://www.imo-official.org/results/contestant/6310/,https://www.imo-official.org/results/individual/year/2001/
Mathematics,IMO,2001,Humberto Montalván Gámez,MEX,Bronze,,https://www.imo-official.org/results/contestant/6545/,https://www.imo-official.org/results/individual/year/2001/
Mathematics,IMO,2001,Serhat Doğan,TUR,Bronze,,https://www.imo-official.org/results/contestant/6207/,https://www.imo-official.org/results/individual/year/2001/
Mathematics,IMO,2001,Selman Erol,TUR,Bronze,,https://www.imo-official.org/results/contestant/6547/,https://www.imo-official.org/results/individual/year/2001/
Mathematics,IMO,2001,Milivoje Lukić,YUG,Bronze,,https://www.imo-official.org/results/contestant/6047/,https://www.imo-official.org/results/individual/year/2001/
Mathematics,IMO,2001,Philipp Lampe,GER,Bronze,,https://www.imo-official.org/results/contestant/6550/,https://www.imo-official.org/results/individual/year/2001/
Mathematics,IMO,2001,Dimitrios Poulopoulos,HEL,Bronze,,https://www.imo-official.org/results/contestant/6551/,https://www.imo-official.org/results/individual/year/2001/
Mathematics,IMO,2001,Kin Hang Chan,HKG,Bronze,,https://www.imo-official.org/results/contestant/5337/,https://www.imo-official.org/results/individual/year/2001/
Mathematics,IMO,2001,Marinko Jablan,HRV,Bronze,,https://www.imo-official.org/results/contestant/5843/,https://www.imo-official.org/results/individual/year/2001/
Mathematics,IMO,2001,Emanuele Spadaro,ITA,Bronze,,https://www.imo-official.org/results/contestant/6169/,https://www.imo-official.org/results/individual/year/2001/
Mathematics,IMO,2001,Todor Ristov,MKD,Bronze,,https://www.imo-official.org/results/contestant/5905/,https://www.imo-official.org/results/individual/year/2001/
Mathematics,IMO,2001,Razvan Iagar,ROU,Bronze,,https://www.imo-official.org/results/contestant/6555/,https://www.imo-official.org/results/individual/year/2001/
Mathematics,IMO,2001,Umidjon Radjabov,UZB,Bronze,,https://www.imo-official.org/results/contestant/6556/,https://www.imo-official.org/results/individual/year/2001/
Mathematics,IMO,2001,Grigor Aslanyan,ARM,Bronze,,https://www.imo-official.org/results/contestant/6557/,https://www.imo-official.org/results/individual/year/2001/
Mathematics,IMO,2001,Joaquín Andrés Valderrama,COL,Bronze,,https://www.imo-official.org/results/contestant/5930/,https://www.imo-official.org/results/individual/year/2001/
Mathematics,IMO,2001,Nikolas Socratous,CYP,Bronze,,https://www.imo-official.org/results/contestant/5872/,https://www.imo-official.org/results/individual/year/2001/
Mathematics,IMO,2001,Jan Kynčl,CZE,Bronze,,https://www.imo-official.org/results/contestant/6098/,https://www.imo-official.org/results/individual/year/2001/
Mathematics,IMO,2001,Martin Pettai,EST,Bronze,,https://www.imo-official.org/results/contestant/6349/,https://www.imo-official.org/results/individual/year/2001/
Mathematics,IMO,2001,Valentin Feray,FRA,Bronze,,https://www.imo-official.org/results/contestant/6562/,https://www.imo-official.org/results/individual/year/2001/
Mathematics,IMO,2001,Anastasios Dimou,HEL,Bronze,,https://www.imo-official.org/results/contestant/6563/,https://www.imo-official.org/results/individual/year/2001/
Mathematics,IMO,2001,Nikhil Ashok Savale,IND,Bronze,,https://www.imo-official.org/results/contestant/6564/,https://www.imo-official.org/results/individual/year/2001/
Mathematics,IMO,2001,Aigars Gedroics,LVA,Bronze,,https://www.imo-official.org/results/contestant/6565/,https://www.imo-official.org/results/individual/year/2001/
Mathematics,IMO,2001,Man Fai Sou,MAC,Bronze,,https://www.imo-official.org/results/contestant/6566/,https://www.imo-official.org/results/individual/year/2001/
Mathematics,IMO,2001,Nail Benabid,MAR,Bronze,,https://www.imo-official.org/results/contestant/6291/,https://www.imo-official.org/results/individual/year/2001/
Mathematics,IMO,2001,Dorian Croitoru,MDA,Bronze,,https://www.imo-official.org/results/contestant/5236/,https://www.imo-official.org/results/individual/year/2001/
Mathematics,IMO,2001,Mauricio Esteban Chacón Tirado,MEX,Bronze,,https://www.imo-official.org/results/contestant/6173/,https://www.imo-official.org/results/individual/year/2001/
Mathematics,IMO,2001,Edward Catmur,UNK,Bronze,,https://www.imo-official.org/results/contestant/6570/,https://www.imo-official.org/results/individual/year/2001/
Mathematics,IMO,2001,Tatjana Simčević,YUG,Bronze,,https://www.imo-official.org/results/contestant/6571/,https://www.imo-official.org/results/individual/year/2001/
Mathematics,IMO,2001,Aleksandar Subotić,YUG,Bronze,,https://www.imo-official.org/results/contestant/6572/,https://www.imo-official.org/results/individual/year/2001/
Mathematics,IMO,2001,Sergio Yuhjtman,ARG,Bronze,,https://www.imo-official.org/results/contestant/6573/,https://www.imo-official.org/results/individual/year/2001/
Mathematics,IMO,2001,Fuad Malikov,AZE,Bronze,,https://www.imo-official.org/results/contestant/6343/,https://www.imo-official.org/results/individual/year/2001/
Mathematics,IMO,2001,Dzmitry Dudko,BLR,Bronze,,https://www.imo-official.org/results/contestant/6575/,https://www.imo-official.org/results/individual/year/2001/
Mathematics,IMO,2001,Daniel Pinheiro Sobreira,BRA,Bronze,,https://www.imo-official.org/results/contestant/6576/,https://www.imo-official.org/results/individual/year/2001/
Mathematics,IMO,2001,Paul Cheng,CAN,Bronze,,https://www.imo-official.org/results/contestant/6577/,https://www.imo-official.org/results/individual/year/2001/
Mathematics,IMO,2001,Nima Kamoosi,CAN,Bronze,,https://www.imo-official.org/results/contestant/6578/,https://www.imo-official.org/results/individual/year/2001/
Mathematics,IMO,2001,Evripides Loukaides,CYP,Bronze,,https://www.imo-official.org/results/contestant/6580/,https://www.imo-official.org/results/individual/year/2001/
Mathematics,IMO,2001,Christina Savvidou,CYP,Bronze,,https://www.imo-official.org/results/contestant/6581/,https://www.imo-official.org/results/individual/year/2001/
Mathematics,IMO,2001,Vedran Šohinger,HRV,Bronze,,https://www.imo-official.org/results/contestant/6579/,https://www.imo-official.org/results/individual/year/2001/
Mathematics,IMO,2001,Seyed Mohammad Hossein Mousavi,IRN,Bronze,,https://www.imo-official.org/results/contestant/6582/,https://www.imo-official.org/results/individual/year/2001/
Mathematics,IMO,2001,Hiroki Kondo,JPN,Bronze,,https://www.imo-official.org/results/contestant/6075/,https://www.imo-official.org/results/individual/year/2001/
Mathematics,IMO,2001,Liviu Paunescu,ROU,Bronze,,https://www.imo-official.org/results/contestant/6584/,https://www.imo-official.org/results/individual/year/2001/
Mathematics,IMO,2001,Jacques Conradie,SAF,Bronze,,https://www.imo-official.org/results/contestant/5777/,https://www.imo-official.org/results/individual/year/2001/
Mathematics,IMO,2001,Harry Wiggins,SAF,Bronze,,https://www.imo-official.org/results/contestant/6586/,https://www.imo-official.org/results/individual/year/2001/
Mathematics,IMO,2001,Dazhe Meng,SGP,Bronze,,https://www.imo-official.org/results/contestant/6587/,https://www.imo-official.org/results/individual/year/2001/
Mathematics,IMO,2001,Per Anders Andersson,SWE,Bronze,,https://www.imo-official.org/results/contestant/6036/,https://www.imo-official.org/results/individual/year/2001/
Mathematics,IMO,2001,Kunlaya Soiaporn,THA,Bronze,,https://www.imo-official.org/results/contestant/6589/,https://www.imo-official.org/results/individual/year/2001/
Mathematics,IMO,2001,Stewart Wilcox,AUS,Bronze,,https://www.imo-official.org/results/contestant/6590/,https://www.imo-official.org/results/individual/year/2001/
Mathematics,IMO,2001,Yiying Zhao,AUS,Bronze,,https://www.imo-official.org/results/contestant/6591/,https://www.imo-official.org/results/individual/year/2001/
Mathematics,IMO,2001,Martin Tancer,CZE,Bronze,,https://www.imo-official.org/results/contestant/6592/,https://www.imo-official.org/results/individual/year/2001/
Mathematics,IMO,2001,Leopold Parts,EST,Bronze,,https://www.imo-official.org/results/contestant/5425/,https://www.imo-official.org/results/individual/year/2001/
Mathematics,IMO,2001,Oleg Petšonkin,EST,Bronze,,https://www.imo-official.org/results/contestant/6594/,https://www.imo-official.org/results/individual/year/2001/
Mathematics,IMO,2001,Shota Gvinephadze,GEO,Bronze,,https://www.imo-official.org/results/contestant/6595/,https://www.imo-official.org/results/individual/year/2001/
Mathematics,IMO,2001,Archil Tsiskaridze,GEO,Bronze,,https://www.imo-official.org/results/contestant/6239/,https://www.imo-official.org/results/individual/year/2001/
Mathematics,IMO,2001,Efstathios Metsovitis,HEL,Bronze,,https://www.imo-official.org/results/contestant/6597/,https://www.imo-official.org/results/individual/year/2001/
Mathematics,IMO,2001,Péter Csikvári,HUN,Bronze,,https://www.imo-official.org/results/contestant/6598/,https://www.imo-official.org/results/individual/year/2001/
Mathematics,IMO,2001,Odontsengl NyamErdene,MNG,Bronze,,https://www.imo-official.org/results/contestant/6599/,https://www.imo-official.org/results/individual/year/2001/
Mathematics,IMO,2001,Stephen Merriman,NZL,Bronze,,https://www.imo-official.org/results/contestant/6335/,https://www.imo-official.org/results/individual/year/2001/
Mathematics,IMO,2001,John Cuya,PER,Bronze,,https://www.imo-official.org/results/contestant/6601/,https://www.imo-official.org/results/individual/year/2001/
Mathematics,IMO,2001,Jerson La Torre,PER,Bronze,,https://www.imo-official.org/results/contestant/6602/,https://www.imo-official.org/results/individual/year/2001/
Mathematics,IMO,2001,Víctor Tasayco,PER,Bronze,,https://www.imo-official.org/results/contestant/6603/,https://www.imo-official.org/results/individual/year/2001/
Mathematics,IMO,2001,Dirk Basson,SAF,Bronze,,https://www.imo-official.org/results/contestant/6604/,https://www.imo-official.org/results/individual/year/2001/
Mathematics,IMO,2001,Abuenameh Aiyejina,TTO,Bronze,,https://www.imo-official.org/results/contestant/6605/,https://www.imo-official.org/results/individual/year/2001/
Mathematics,IMO,2001,Nidhal Smaoui,TUN,Bronze,,https://www.imo-official.org/results/contestant/6606/,https://www.imo-official.org/results/individual/year/2001/
Mathematics,IMO,2001,Hannah Burton,UNK,Bronze,,https://www.imo-official.org/results/contestant/6607/,https://www.imo-official.org/results/individual/year/2001/
Mathematics,IMO,2001,David Chan,AUS,Bronze,,https://www.imo-official.org/results/contestant/6316/,https://www.imo-official.org/results/individual/year/2001/
Mathematics,IMO,2001,Vladimir Vladičić,BIH,Bronze,,https://www.imo-official.org/results/contestant/6609/,https://www.imo-official.org/results/individual/year/2001/
Mathematics,IMO,2001,Liang Hong,CAN,Bronze,,https://www.imo-official.org/results/contestant/6610/,https://www.imo-official.org/results/individual/year/2001/
Mathematics,IMO,2001,Roger Mong,CAN,Bronze,,https://www.imo-official.org/results/contestant/6611/,https://www.imo-official.org/results/individual/year/2001/
Mathematics,IMO,2001,Emerson Julian León Guerrero,COL,Bronze,,https://www.imo-official.org/results/contestant/5421/,https://www.imo-official.org/results/individual/year/2001/
Mathematics,IMO,2001,Kyriakos Zacharias,CYP,Bronze,,https://www.imo-official.org/results/contestant/6613/,https://www.imo-official.org/results/individual/year/2001/
Mathematics,IMO,2001,Luis Hernández Corbato,ESP,Bronze,,https://www.imo-official.org/results/contestant/6614/,https://www.imo-official.org/results/individual/year/2001/
Mathematics,IMO,2001,Sampo Niskanen,FIN,Bronze,,https://www.imo-official.org/results/contestant/6615/,https://www.imo-official.org/results/individual/year/2001/
Mathematics,IMO,2001,Giulio Tiozzo,ITA,Bronze,,https://www.imo-official.org/results/contestant/6616/,https://www.imo-official.org/results/individual/year/2001/
Mathematics,IMO,2001,Patrik Hubschmid,SUI,Bronze,,https://www.imo-official.org/results/contestant/6229/,https://www.imo-official.org/results/individual/year/2001/
Mathematics,IMO,2001,Katarína Quittnerová,SVK,Bronze,,https://www.imo-official.org/results/contestant/5716/,https://www.imo-official.org/results/individual/year/2001/
Mathematics,IMO,2001,Natee Pitiwan,THA,Bronze,,https://www.imo-official.org/results/contestant/6619/,https://www.imo-official.org/results/individual/year/2001/
Mathematics,IMO,2001,Nozim Komilov,UZB,Bronze,,https://www.imo-official.org/results/contestant/6256/,https://www.imo-official.org/results/individual/year/2001/
Mathematics,IMO,2001,Martín Miranda,ARG,Bronze,,https://www.imo-official.org/results/contestant/6621/,https://www.imo-official.org/results/individual/year/2001/
Mathematics,IMO,2001,Bobbi Ramchen,AUS,Bronze,,https://www.imo-official.org/results/contestant/6622/,https://www.imo-official.org/results/individual/year/2001/
Mathematics,IMO,2001,Dénes Koch,AUT,Bronze,,https://www.imo-official.org/results/contestant/5725/,https://www.imo-official.org/results/individual/year/2001/
Mathematics,IMO,2001,Iván Guillermo Contreras Palacios,COL,Bronze,,https://www.imo-official.org/results/contestant/6624/,https://www.imo-official.org/results/individual/year/2001/
Mathematics,IMO,2001,Tania Moreno García,CUB,Bronze,,https://www.imo-official.org/results/contestant/6625/,https://www.imo-official.org/results/individual/year/2001/
Mathematics,IMO,2001,Reydel Pérez Pastó,CUB,Bronze,,https://www.imo-official.org/results/contestant/6180/,https://www.imo-official.org/results/individual/year/2001/
Mathematics,IMO,2001,Pavel Silveira Díaz,CUB,Bronze,,https://www.imo-official.org/results/contestant/6627/,https://www.imo-official.org/results/individual/year/2001/
Mathematics,IMO,2001,Giorgi Mutafyan,GEO,Bronze,,https://www.imo-official.org/results/contestant/5730/,https://www.imo-official.org/results/individual/year/2001/
Mathematics,IMO,2001,Khek Lun Harold Chao,HKG,Bronze,,https://www.imo-official.org/results/contestant/6629/,https://www.imo-official.org/results/individual/year/2001/
Mathematics,IMO,2001,Man Ho Ko,HKG,Bronze,,https://www.imo-official.org/results/contestant/6630/,https://www.imo-official.org/results/individual/year/2001/
Mathematics,IMO,2001,Marty O'Leary,IRL,Bronze,,https://www.imo-official.org/results/contestant/6372/,https://www.imo-official.org/results/individual/year/2001/
Mathematics,IMO,2001,Thirimadura Menaka De Zoysa,LKA,Bronze,,https://www.imo-official.org/results/contestant/6635/,https://www.imo-official.org/results/individual/year/2001/
Mathematics,IMO,2001,Nyambaa Enkhbat,MNG,Bronze,,https://www.imo-official.org/results/contestant/6632/,https://www.imo-official.org/results/individual/year/2001/
Mathematics,IMO,2001,Nicholas Ming Qiang Tham,SGP,Bronze,,https://www.imo-official.org/results/contestant/6633/,https://www.imo-official.org/results/individual/year/2001/
Mathematics,IMO,2001,Gary Yuen Long Yeh,SGP,Bronze,,https://www.imo-official.org/results/contestant/6634/,https://www.imo-official.org/results/individual/year/2001/
Mathematics,IMO,2001,Hasan Inci,SUI,Bronze,,https://www.imo-official.org/results/contestant/5836/,https://www.imo-official.org/results/individual/year/2001/
Mathematics,IMO,2001,Daniel Kitachewsky,FRA,Bronze,,https://www.imo-official.org/results/contestant/6637/,https://www.imo-official.org/results/individual/year/2001/
Mathematics,IMO,2001,Jean Lorenzi,FRA,Bronze,,https://www.imo-official.org/results/contestant/6638/,https://www.imo-official.org/results/individual/year/2001/
Mathematics,IMO,2001,Miromid Hajimirsadeghi,IRN,Bronze,,https://www.imo-official.org/results/contestant/6639/,https://www.imo-official.org/results/individual/year/2001/
Mathematics,IMO,2001,Aleksandrs Belovs,LVA,Bronze,,https://www.imo-official.org/results/contestant/6244/,https://www.imo-official.org/results/individual/year/2001/
Mathematics,IMO,2001,Zoran Dimov,MKD,Bronze,,https://www.imo-official.org/results/contestant/6641/,https://www.imo-official.org/results/individual/year/2001/
Mathematics,IMO,2001,Vincent Groenhuis,NLD,Bronze,,https://www.imo-official.org/results/contestant/6174/,https://www.imo-official.org/results/individual/year/2001/
Mathematics,IMO,2001,Arjen Stolk,NLD,Bronze,,https://www.imo-official.org/results/contestant/6358/,https://www.imo-official.org/results/individual/year/2001/
Mathematics,IMO,2001,Odd Jostein Mykland Tveitastöl,NOR,Bronze,,https://www.imo-official.org/results/contestant/6644/,https://www.imo-official.org/results/individual/year/2001/
Mathematics,IMO,2001,Julio Gutiérrez,PER,Bronze,,https://www.imo-official.org/results/contestant/6359/,https://www.imo-official.org/results/individual/year/2001/
Mathematics,IMO,2001,Aleksander Zabłocki,POL,Bronze,,https://www.imo-official.org/results/contestant/6646/,https://www.imo-official.org/results/individual/year/2001/
Mathematics,IMO,2001,Zhiwei Calvin Lin,SGP,Bronze,,https://www.imo-official.org/results/contestant/6647/,https://www.imo-official.org/results/individual/year/2001/
Mathematics,IMO,2001,Tomáš Kulich,SVK,Bronze,,https://www.imo-official.org/results/contestant/6648/,https://www.imo-official.org/results/individual/year/2001/
Mathematics,IMO,2001,Rajini Haraksingh,TTO,Bronze,,https://www.imo-official.org/results/contestant/5462/,https://www.imo-official.org/results/individual/year/2001/
Mathematics,IMO,2001,Paul Jefferys,UNK,Bronze,,https://www.imo-official.org/results/contestant/6650/,https://www.imo-official.org/results/individual/year/2001/
Mathematics,IMO,2001,Paul Monasterio,VEN,Bronze,,https://www.imo-official.org/results/contestant/6651/,https://www.imo-official.org/results/individual/year/2001/
Mathematics,IMO,2002,Yunhao Fu,CHN,Gold,,https://www.imo-official.org/results/contestant/6883/,https://www.imo-official.org/results/individual/year/2002/
Mathematics,IMO,2002,Botong Wang,CHN,Gold,,https://www.imo-official.org/results/contestant/6884/,https://www.imo-official.org/results/individual/year/2002/
Mathematics,IMO,2002,Andrei Khaliavine,RUS,Gold,,https://www.imo-official.org/results/contestant/6003/,https://www.imo-official.org/results/individual/year/2002/
Mathematics,IMO,2002,Bin Wang,CHN,Gold,,https://www.imo-official.org/results/contestant/6886/,https://www.imo-official.org/results/individual/year/2002/
Mathematics,IMO,2002,Christian Reiher,GER,Gold,,https://www.imo-official.org/results/contestant/5636/,https://www.imo-official.org/results/individual/year/2002/
Mathematics,IMO,2002,Andrey Badzyan,RUS,Gold,,https://www.imo-official.org/results/contestant/6888/,https://www.imo-official.org/results/individual/year/2002/
Mathematics,IMO,2002,Oleg Gol'berg,RUS,Gold,,https://www.imo-official.org/results/contestant/6889/,https://www.imo-official.org/results/individual/year/2002/
Mathematics,IMO,2002,Oleksandr Rybak,UKR,Gold,,https://www.imo-official.org/results/contestant/6890/,https://www.imo-official.org/results/individual/year/2002/
Mathematics,IMO,2002,Po-Ru Loh,USA,Gold,,https://www.imo-official.org/results/contestant/6009/,https://www.imo-official.org/results/individual/year/2002/
Mathematics,IMO,2002,Gia Vinh Anh Phạm,VNM,Gold,,https://www.imo-official.org/results/contestant/6892/,https://www.imo-official.org/results/individual/year/2002/
Mathematics,IMO,2002,Ngọc Minh Vũ,VNM,Gold,,https://www.imo-official.org/results/contestant/6436/,https://www.imo-official.org/results/individual/year/2002/
Mathematics,IMO,2002,Vladimir Barzov,BGR,Gold,,https://www.imo-official.org/results/contestant/5540/,https://www.imo-official.org/results/individual/year/2002/
Mathematics,IMO,2002,Roger Mong,CAN,Gold,,https://www.imo-official.org/results/contestant/6611/,https://www.imo-official.org/results/individual/year/2002/
Mathematics,IMO,2002,Nikhil Ashok Savale,IND,Gold,,https://www.imo-official.org/results/contestant/6564/,https://www.imo-official.org/results/individual/year/2002/
Mathematics,IMO,2002,Xianyi Zeng,CHN,Gold,,https://www.imo-official.org/results/contestant/6897/,https://www.imo-official.org/results/individual/year/2002/
Mathematics,IMO,2002,Béla András Rácz,HUN,Gold,,https://www.imo-official.org/results/contestant/6898/,https://www.imo-official.org/results/individual/year/2002/
Mathematics,IMO,2002,Kirill Sukhov,RUS,Gold,,https://www.imo-official.org/results/contestant/6899/,https://www.imo-official.org/results/individual/year/2002/
Mathematics,IMO,2002,Tiankai Liu,USA,Gold,,https://www.imo-official.org/results/contestant/6446/,https://www.imo-official.org/results/individual/year/2002/
Mathematics,IMO,2002,Stewart Wilcox,AUS,Gold,,https://www.imo-official.org/results/contestant/6590/,https://www.imo-official.org/results/individual/year/2002/
Mathematics,IMO,2002,Dzmitry Dudko,BLR,Gold,,https://www.imo-official.org/results/contestant/6575/,https://www.imo-official.org/results/individual/year/2002/
Mathematics,IMO,2002,Yeong Dae Kwon,KOR,Gold,,https://www.imo-official.org/results/contestant/6903/,https://www.imo-official.org/results/individual/year/2002/
Mathematics,IMO,2002,Daniel Kane,USA,Gold,,https://www.imo-official.org/results/contestant/6904/,https://www.imo-official.org/results/individual/year/2002/
Mathematics,IMO,2002,Ricky Liu,USA,Gold,,https://www.imo-official.org/results/contestant/6004/,https://www.imo-official.org/results/individual/year/2002/
Mathematics,IMO,2002,Wenjie Fu,CHN,Gold,,https://www.imo-official.org/results/contestant/6906/,https://www.imo-official.org/results/individual/year/2002/
Mathematics,IMO,2002,Wei Xiao,CHN,Gold,,https://www.imo-official.org/results/contestant/6907/,https://www.imo-official.org/results/individual/year/2002/
Mathematics,IMO,2002,Thomas Jäger,GER,Gold,,https://www.imo-official.org/results/contestant/5627/,https://www.imo-official.org/results/individual/year/2002/
Mathematics,IMO,2002,Virgil Petrea,ROU,Gold,,https://www.imo-official.org/results/contestant/6909/,https://www.imo-official.org/results/individual/year/2002/
Mathematics,IMO,2002,Selim Bahadır,TUR,Gold,,https://www.imo-official.org/results/contestant/6523/,https://www.imo-official.org/results/individual/year/2002/
Mathematics,IMO,2002,Dobromir Rahnev,BGR,Gold,,https://www.imo-official.org/results/contestant/6911/,https://www.imo-official.org/results/individual/year/2002/
Mathematics,IMO,2002,Kaloyan Slavov,BGR,Gold,,https://www.imo-official.org/results/contestant/6912/,https://www.imo-official.org/results/individual/year/2002/
Mathematics,IMO,2002,Hok Pun Yu,HKG,Gold,,https://www.imo-official.org/results/contestant/6051/,https://www.imo-official.org/results/individual/year/2002/
Mathematics,IMO,2002,Naoki Imai,JPN,Gold,,https://www.imo-official.org/results/contestant/5596/,https://www.imo-official.org/results/individual/year/2002/
Mathematics,IMO,2002,David Kunszenti-Kovács,NOR,Gold,,https://www.imo-official.org/results/contestant/5002/,https://www.imo-official.org/results/individual/year/2002/
Mathematics,IMO,2002,Simon Marshall,NZL,Gold,,https://www.imo-official.org/results/contestant/6477/,https://www.imo-official.org/results/individual/year/2002/
Mathematics,IMO,2002,Ana Caraiani,ROU,Gold,,https://www.imo-official.org/results/contestant/6502/,https://www.imo-official.org/results/individual/year/2002/
Mathematics,IMO,2002,Mikhail Dubashinskiy,RUS,Gold,,https://www.imo-official.org/results/contestant/6918/,https://www.imo-official.org/results/individual/year/2002/
Mathematics,IMO,2002,Oleg Styrt,RUS,Gold,,https://www.imo-official.org/results/contestant/6919/,https://www.imo-official.org/results/individual/year/2002/
Mathematics,IMO,2002,Chung-Te Li,TWN,Gold,,https://www.imo-official.org/results/contestant/6525/,https://www.imo-official.org/results/individual/year/2002/
Mathematics,IMO,2002,Xuân Truong Nguyễn,VNM,Gold,,https://www.imo-official.org/results/contestant/6921/,https://www.imo-official.org/results/individual/year/2002/
Mathematics,IMO,2002,Aleksandar Dimitrov Lishkov,BGR,Silver,,https://www.imo-official.org/results/contestant/6455/,https://www.imo-official.org/results/individual/year/2002/
Mathematics,IMO,2002,Rémy Oudompheng,FRA,Silver,,https://www.imo-official.org/results/contestant/6923/,https://www.imo-official.org/results/individual/year/2002/
Mathematics,IMO,2002,Wai Ying Leung,HKG,Silver,,https://www.imo-official.org/results/contestant/6540/,https://www.imo-official.org/results/individual/year/2002/
Mathematics,IMO,2002,Swarnendu Datta,IND,Silver,,https://www.imo-official.org/results/contestant/6020/,https://www.imo-official.org/results/individual/year/2002/
Mathematics,IMO,2002,Sucharit Sarkar,IND,Silver,,https://www.imo-official.org/results/contestant/6431/,https://www.imo-official.org/results/individual/year/2002/
Mathematics,IMO,2002,Hessam Mahdavifar,IRN,Silver,,https://www.imo-official.org/results/contestant/6927/,https://www.imo-official.org/results/individual/year/2002/
Mathematics,IMO,2002,Baurzhan Bektemirov,KAZ,Silver,,https://www.imo-official.org/results/contestant/6432/,https://www.imo-official.org/results/individual/year/2002/
Mathematics,IMO,2002,Igor Ganichev,KAZ,Silver,,https://www.imo-official.org/results/contestant/6042/,https://www.imo-official.org/results/individual/year/2002/
Mathematics,IMO,2002,In Suk Seo,KOR,Silver,,https://www.imo-official.org/results/contestant/6930/,https://www.imo-official.org/results/individual/year/2002/
Mathematics,IMO,2002,Andrei Negut,ROU,Silver,,https://www.imo-official.org/results/contestant/6931/,https://www.imo-official.org/results/individual/year/2002/
Mathematics,IMO,2002,Dirk Basson,SAF,Silver,,https://www.imo-official.org/results/contestant/6604/,https://www.imo-official.org/results/individual/year/2002/
Mathematics,IMO,2002,Tirasan Khandhawit,THA,Silver,,https://www.imo-official.org/results/contestant/6933/,https://www.imo-official.org/results/individual/year/2002/
Mathematics,IMO,2002,Chien-Yu Chou,TWN,Silver,,https://www.imo-official.org/results/contestant/6934/,https://www.imo-official.org/results/individual/year/2002/
Mathematics,IMO,2002,Shao-Lun Huang,TWN,Silver,,https://www.imo-official.org/results/contestant/6935/,https://www.imo-official.org/results/individual/year/2002/
Mathematics,IMO,2002,Yi-Hao Kao,TWN,Silver,,https://www.imo-official.org/results/contestant/6936/,https://www.imo-official.org/results/individual/year/2002/
Mathematics,IMO,2002,Paul Jefferys,UNK,Silver,,https://www.imo-official.org/results/contestant/6650/,https://www.imo-official.org/results/individual/year/2002/
Mathematics,IMO,2002,Anders Kaseorg,USA,Silver,,https://www.imo-official.org/results/contestant/6938/,https://www.imo-official.org/results/individual/year/2002/
Mathematics,IMO,2002,Milivoje Lukić,YUG,Silver,,https://www.imo-official.org/results/contestant/6047/,https://www.imo-official.org/results/individual/year/2002/
Mathematics,IMO,2002,Rumen Zarev,BGR,Silver,,https://www.imo-official.org/results/contestant/6437/,https://www.imo-official.org/results/individual/year/2002/
Mathematics,IMO,2002,Larissa Cavalcante Queiroz de Lima,BRA,Silver,,https://www.imo-official.org/results/contestant/6940/,https://www.imo-official.org/results/individual/year/2002/
Mathematics,IMO,2002,Mohammadmahdi Keramativallayi,IRN,Silver,,https://www.imo-official.org/results/contestant/6942/,https://www.imo-official.org/results/individual/year/2002/
Mathematics,IMO,2002,Hiroki Kondo,JPN,Silver,,https://www.imo-official.org/results/contestant/6075/,https://www.imo-official.org/results/individual/year/2002/
Mathematics,IMO,2002,Jooncheol Min,KOR,Silver,,https://www.imo-official.org/results/contestant/6944/,https://www.imo-official.org/results/individual/year/2002/
Mathematics,IMO,2002,Claudiu Raicu,ROU,Silver,,https://www.imo-official.org/results/contestant/6945/,https://www.imo-official.org/results/individual/year/2002/
Mathematics,IMO,2002,Olena Bormashenko,CAN,Silver,,https://www.imo-official.org/results/contestant/6946/,https://www.imo-official.org/results/individual/year/2002/
Mathematics,IMO,2002,Endre Csóka,HUN,Silver,,https://www.imo-official.org/results/contestant/6514/,https://www.imo-official.org/results/individual/year/2002/
Mathematics,IMO,2002,Alexey Entin,ISR,Silver,,https://www.imo-official.org/results/contestant/6101/,https://www.imo-official.org/results/individual/year/2002/
Mathematics,IMO,2002,Ran Tessler,ISR,Silver,,https://www.imo-official.org/results/contestant/5709/,https://www.imo-official.org/results/individual/year/2002/
Mathematics,IMO,2002,Kuat Yessenov,KAZ,Silver,,https://www.imo-official.org/results/contestant/6950/,https://www.imo-official.org/results/individual/year/2002/
Mathematics,IMO,2002,Hae Kang Lee,KOR,Silver,,https://www.imo-official.org/results/contestant/6952/,https://www.imo-official.org/results/individual/year/2002/
Mathematics,IMO,2002,Ringi Kim,KOR,Silver,,https://www.imo-official.org/results/contestant/6951/,https://www.imo-official.org/results/individual/year/2002/
Mathematics,IMO,2002,Ilija Jovčevski,MKD,Silver,,https://www.imo-official.org/results/contestant/6147/,https://www.imo-official.org/results/individual/year/2002/
Mathematics,IMO,2002,Jarosław Wrona,POL,Silver,,https://www.imo-official.org/results/contestant/6501/,https://www.imo-official.org/results/individual/year/2002/
Mathematics,IMO,2002,Thanasin Nampaisarn,THA,Silver,,https://www.imo-official.org/results/contestant/6955/,https://www.imo-official.org/results/individual/year/2002/
Mathematics,IMO,2002,Nizameddin Ordulu,TUR,Silver,,https://www.imo-official.org/results/contestant/6425/,https://www.imo-official.org/results/individual/year/2002/
Mathematics,IMO,2002,Hao-Wei Chu,TWN,Silver,,https://www.imo-official.org/results/contestant/6957/,https://www.imo-official.org/results/individual/year/2002/
Mathematics,IMO,2002,Mykola Rybak,UKR,Silver,,https://www.imo-official.org/results/contestant/6528/,https://www.imo-official.org/results/individual/year/2002/
Mathematics,IMO,2002,Tim Austin,UNK,Silver,,https://www.imo-official.org/results/contestant/6959/,https://www.imo-official.org/results/individual/year/2002/
Mathematics,IMO,2002,Emmanuel Jacob,FRA,Silver,,https://www.imo-official.org/results/contestant/6960/,https://www.imo-official.org/results/individual/year/2002/
Mathematics,IMO,2002,Michael Tyomkyn,GER,Silver,,https://www.imo-official.org/results/contestant/6485/,https://www.imo-official.org/results/individual/year/2002/
Mathematics,IMO,2002,Payam Valadkhan,IRN,Silver,,https://www.imo-official.org/results/contestant/6962/,https://www.imo-official.org/results/individual/year/2002/
Mathematics,IMO,2002,Doron Shafrir,ISR,Silver,,https://www.imo-official.org/results/contestant/6543/,https://www.imo-official.org/results/individual/year/2002/
Mathematics,IMO,2002,Yoshiki Oshima,JPN,Silver,,https://www.imo-official.org/results/contestant/5598/,https://www.imo-official.org/results/individual/year/2002/
Mathematics,IMO,2002,Kyeong Su Choi,KOR,Silver,,https://www.imo-official.org/results/contestant/6965/,https://www.imo-official.org/results/individual/year/2002/
Mathematics,IMO,2002,Marcin Pilipczuk,POL,Silver,,https://www.imo-official.org/results/contestant/6966/,https://www.imo-official.org/results/individual/year/2002/
Mathematics,IMO,2002,Wei Quan Julius Poh,SGP,Silver,,https://www.imo-official.org/results/contestant/6967/,https://www.imo-official.org/results/individual/year/2002/
Mathematics,IMO,2002,Alexander Fink,CAN,Silver,,https://www.imo-official.org/results/contestant/6968/,https://www.imo-official.org/results/individual/year/2002/
Mathematics,IMO,2002,Jaroslav Hájek,CZE,Silver,,https://www.imo-official.org/results/contestant/6368/,https://www.imo-official.org/results/individual/year/2002/
Mathematics,IMO,2002,Martin Pettai,EST,Silver,,https://www.imo-official.org/results/contestant/6349/,https://www.imo-official.org/results/individual/year/2002/
Mathematics,IMO,2002,Kei Tsi Daniel Cheng,HKG,Silver,,https://www.imo-official.org/results/contestant/6486/,https://www.imo-official.org/results/individual/year/2002/
Mathematics,IMO,2002,Aditya Bhaskara,IND,Silver,,https://www.imo-official.org/results/contestant/6972/,https://www.imo-official.org/results/individual/year/2002/
Mathematics,IMO,2002,Sepidehsadat Mirrahimi,IRN,Silver,,https://www.imo-official.org/results/contestant/6973/,https://www.imo-official.org/results/individual/year/2002/
Mathematics,IMO,2002,Yuji Odaka,JPN,Silver,,https://www.imo-official.org/results/contestant/6448/,https://www.imo-official.org/results/individual/year/2002/
Mathematics,IMO,2002,Roman Łomowski,POL,Silver,,https://www.imo-official.org/results/contestant/6467/,https://www.imo-official.org/results/individual/year/2002/
Mathematics,IMO,2002,George Stoianov,ROU,Silver,,https://www.imo-official.org/results/contestant/6976/,https://www.imo-official.org/results/individual/year/2002/
Mathematics,IMO,2002,Kiat Chuan Tan,SGP,Silver,,https://www.imo-official.org/results/contestant/6462/,https://www.imo-official.org/results/individual/year/2002/
Mathematics,IMO,2002,Radovan Bauer,SVK,Silver,,https://www.imo-official.org/results/contestant/6699/,https://www.imo-official.org/results/individual/year/2002/
Mathematics,IMO,2002,Artem Dudko,UKR,Silver,,https://www.imo-official.org/results/contestant/6527/,https://www.imo-official.org/results/individual/year/2002/
Mathematics,IMO,2002,Hong Viet Phạm,VNM,Silver,,https://www.imo-official.org/results/contestant/6980/,https://www.imo-official.org/results/individual/year/2002/
Mathematics,IMO,2002,David Chan,AUS,Silver,,https://www.imo-official.org/results/contestant/6316/,https://www.imo-official.org/results/individual/year/2002/
Mathematics,IMO,2002,Nicholas Sheridan,AUS,Silver,,https://www.imo-official.org/results/contestant/6982/,https://www.imo-official.org/results/individual/year/2002/
Mathematics,IMO,2002,Vladimir Kolbun,BLR,Silver,,https://www.imo-official.org/results/contestant/6983/,https://www.imo-official.org/results/individual/year/2002/
Mathematics,IMO,2002,Victoria Lebed,BLR,Silver,,https://www.imo-official.org/results/contestant/6984/,https://www.imo-official.org/results/individual/year/2002/
Mathematics,IMO,2002,Tianyi (David) Han,CAN,Silver,,https://www.imo-official.org/results/contestant/6985/,https://www.imo-official.org/results/individual/year/2002/
Mathematics,IMO,2002,Josef Cibulka,CZE,Silver,,https://www.imo-official.org/results/contestant/6986/,https://www.imo-official.org/results/individual/year/2002/
Mathematics,IMO,2002,Hendrik Nigul,EST,Silver,,https://www.imo-official.org/results/contestant/5845/,https://www.imo-official.org/results/individual/year/2002/
Mathematics,IMO,2002,Péter Csikvári,HUN,Silver,,https://www.imo-official.org/results/contestant/6598/,https://www.imo-official.org/results/individual/year/2002/
Mathematics,IMO,2002,Aivaras Novikas,LTU,Silver,,https://www.imo-official.org/results/contestant/6310/,https://www.imo-official.org/results/individual/year/2002/
Mathematics,IMO,2002,Aleksandrs Belovs,LVA,Silver,,https://www.imo-official.org/results/contestant/6244/,https://www.imo-official.org/results/individual/year/2002/
Mathematics,IMO,2002,Wojciech Czerwiński,POL,Silver,,https://www.imo-official.org/results/contestant/6315/,https://www.imo-official.org/results/individual/year/2002/
Mathematics,IMO,2002,Katarína Quittnerová,SVK,Silver,,https://www.imo-official.org/results/contestant/5716/,https://www.imo-official.org/results/individual/year/2002/
Mathematics,IMO,2002,Sergiy Volodko,UKR,Silver,,https://www.imo-official.org/results/contestant/6504/,https://www.imo-official.org/results/individual/year/2002/
Mathematics,IMO,2002,Adolfo Rodríguez,VEN,Silver,,https://www.imo-official.org/results/contestant/6460/,https://www.imo-official.org/results/individual/year/2002/
Mathematics,IMO,2002,Leandro Groisman,ARG,Bronze,,https://www.imo-official.org/results/contestant/5839/,https://www.imo-official.org/results/individual/year/2002/
Mathematics,IMO,2002,Alena Pirutka,BLR,Bronze,,https://www.imo-official.org/results/contestant/6996/,https://www.imo-official.org/results/individual/year/2002/
Mathematics,IMO,2002,Robert Barrington Leigh,CAN,Bronze,,https://www.imo-official.org/results/contestant/6997/,https://www.imo-official.org/results/individual/year/2002/
Mathematics,IMO,2002,Joaquín Andrés Valderrama,COL,Bronze,,https://www.imo-official.org/results/contestant/5930/,https://www.imo-official.org/results/individual/year/2002/
Mathematics,IMO,2002,Pierre Dehornoy,FRA,Bronze,,https://www.imo-official.org/results/contestant/6707/,https://www.imo-official.org/results/individual/year/2002/
Mathematics,IMO,2002,Nikoloz Jimsheleishvili,GEO,Bronze,,https://www.imo-official.org/results/contestant/6742/,https://www.imo-official.org/results/individual/year/2002/
Mathematics,IMO,2002,Michail-Romanos Papalambros,HEL,Bronze,,https://www.imo-official.org/results/contestant/6673/,https://www.imo-official.org/results/individual/year/2002/
Mathematics,IMO,2002,Erika Renáta Kovács,HUN,Bronze,,https://www.imo-official.org/results/contestant/6531/,https://www.imo-official.org/results/individual/year/2002/
Mathematics,IMO,2002,Shubhangi Saraf,IND,Bronze,,https://www.imo-official.org/results/contestant/7003/,https://www.imo-official.org/results/individual/year/2002/
Mathematics,IMO,2002,Miromid Hajimirsadeghi,IRN,Bronze,,https://www.imo-official.org/results/contestant/6639/,https://www.imo-official.org/results/individual/year/2002/
Mathematics,IMO,2002,Dumitru Codreanu,MDA,Bronze,,https://www.imo-official.org/results/contestant/6103/,https://www.imo-official.org/results/individual/year/2002/
Mathematics,IMO,2002,Edgardo Roldán Pensado,MEX,Bronze,,https://www.imo-official.org/results/contestant/6795/,https://www.imo-official.org/results/individual/year/2002/
Mathematics,IMO,2002,Baasanjav Tumur,MNG,Bronze,,https://www.imo-official.org/results/contestant/7007/,https://www.imo-official.org/results/individual/year/2002/
Mathematics,IMO,2002,Natee Pitiwan,THA,Bronze,,https://www.imo-official.org/results/contestant/6619/,https://www.imo-official.org/results/individual/year/2002/
Mathematics,IMO,2002,Sira Sriswasdi,THA,Bronze,,https://www.imo-official.org/results/contestant/6683/,https://www.imo-official.org/results/individual/year/2002/
Mathematics,IMO,2002,Fatih Deniz,TUR,Bronze,,https://www.imo-official.org/results/contestant/7010/,https://www.imo-official.org/results/individual/year/2002/
Mathematics,IMO,2002,Che-Yu Wu,TWN,Bronze,,https://www.imo-official.org/results/contestant/7011/,https://www.imo-official.org/results/individual/year/2002/
Mathematics,IMO,2002,Tom Coker,UNK,Bronze,,https://www.imo-official.org/results/contestant/7012/,https://www.imo-official.org/results/individual/year/2002/
Mathematics,IMO,2002,Thai Khánh Hiệp Phạm,VNM,Bronze,,https://www.imo-official.org/results/contestant/7013/,https://www.imo-official.org/results/individual/year/2002/
Mathematics,IMO,2002,Aleksandar Ilić,YUG,Bronze,,https://www.imo-official.org/results/contestant/7014/,https://www.imo-official.org/results/individual/year/2002/
Mathematics,IMO,2002,Lucas Rearte,ARG,Bronze,,https://www.imo-official.org/results/contestant/7015/,https://www.imo-official.org/results/individual/year/2002/
Mathematics,IMO,2002,Pavel Karpovich,BLR,Bronze,,https://www.imo-official.org/results/contestant/6470/,https://www.imo-official.org/results/individual/year/2002/
Mathematics,IMO,2002,Davi Máximo Alexandrino Nogueira,BRA,Bronze,,https://www.imo-official.org/results/contestant/6508/,https://www.imo-official.org/results/individual/year/2002/
Mathematics,IMO,2002,François Charles,FRA,Bronze,,https://www.imo-official.org/results/contestant/7019/,https://www.imo-official.org/results/individual/year/2002/
Mathematics,IMO,2002,Khek Lun Harold Chao,HKG,Bronze,,https://www.imo-official.org/results/contestant/6629/,https://www.imo-official.org/results/individual/year/2002/
Mathematics,IMO,2002,Marijan Polić,HRV,Bronze,,https://www.imo-official.org/results/contestant/6690/,https://www.imo-official.org/results/individual/year/2002/
Mathematics,IMO,2002,Viktor Harangi,HUN,Bronze,,https://www.imo-official.org/results/contestant/6039/,https://www.imo-official.org/results/individual/year/2002/
Mathematics,IMO,2002,Sainbayar Sukhbaatar,MNG,Bronze,,https://www.imo-official.org/results/contestant/7022/,https://www.imo-official.org/results/individual/year/2002/
Mathematics,IMO,2002,Shen Tian,SAF,Bronze,,https://www.imo-official.org/results/contestant/6201/,https://www.imo-official.org/results/individual/year/2002/
Mathematics,IMO,2002,Ngai-Hang Zachary Leun,SGP,Bronze,,https://www.imo-official.org/results/contestant/7024/,https://www.imo-official.org/results/individual/year/2002/
Mathematics,IMO,2002,Jennifer Gardner,UNK,Bronze,,https://www.imo-official.org/results/contestant/7025/,https://www.imo-official.org/results/individual/year/2002/
Mathematics,IMO,2002,Thanh Hoang Mai,VNM,Bronze,,https://www.imo-official.org/results/contestant/7026/,https://www.imo-official.org/results/individual/year/2002/
Mathematics,IMO,2002,Iliya Tsekov,BGR,Bronze,,https://www.imo-official.org/results/contestant/7029/,https://www.imo-official.org/results/individual/year/2002/
Mathematics,IMO,2002,Thiago de Silva Sobral,BRA,Bronze,,https://www.imo-official.org/results/contestant/7028/,https://www.imo-official.org/results/individual/year/2002/
Mathematics,IMO,2002,Yuri Gomes Lima,BRA,Bronze,,https://www.imo-official.org/results/contestant/7027/,https://www.imo-official.org/results/individual/year/2002/
Mathematics,IMO,2002,Mario García Armas,CUB,Bronze,,https://www.imo-official.org/results/contestant/7030/,https://www.imo-official.org/results/individual/year/2002/
Mathematics,IMO,2002,Jan Moláček,CZE,Bronze,,https://www.imo-official.org/results/contestant/7031/,https://www.imo-official.org/results/individual/year/2002/
Mathematics,IMO,2002,Richard Bamler,GER,Bronze,,https://www.imo-official.org/results/contestant/7032/,https://www.imo-official.org/results/individual/year/2002/
Mathematics,IMO,2002,Philipp Lampe,GER,Bronze,,https://www.imo-official.org/results/contestant/6550/,https://www.imo-official.org/results/individual/year/2002/
Mathematics,IMO,2002,Tanmay N Deshpande,IND,Bronze,,https://www.imo-official.org/results/contestant/7034/,https://www.imo-official.org/results/individual/year/2002/
Mathematics,IMO,2002,Yehonatan Yedidia,ISR,Bronze,,https://www.imo-official.org/results/contestant/7035/,https://www.imo-official.org/results/individual/year/2002/
Mathematics,IMO,2002,Aman Zhumekeshov,KAZ,Bronze,,https://www.imo-official.org/results/contestant/6433/,https://www.imo-official.org/results/individual/year/2002/
Mathematics,IMO,2002,Vesna Stojanoska,MKD,Bronze,,https://www.imo-official.org/results/contestant/6269/,https://www.imo-official.org/results/individual/year/2002/
Mathematics,IMO,2002,Dazhe Meng,SGP,Bronze,,https://www.imo-official.org/results/contestant/6587/,https://www.imo-official.org/results/individual/year/2002/
Mathematics,IMO,2002,Andrej Osuský,SVK,Bronze,,https://www.imo-official.org/results/contestant/7039/,https://www.imo-official.org/results/individual/year/2002/
Mathematics,IMO,2002,Marek Tesař,SVK,Bronze,,https://www.imo-official.org/results/contestant/7040/,https://www.imo-official.org/results/individual/year/2002/
Mathematics,IMO,2002,Ali Adalı,TUR,Bronze,,https://www.imo-official.org/results/contestant/7041/,https://www.imo-official.org/results/individual/year/2002/
Mathematics,IMO,2002,Cédric Troessaert,BEL,Bronze,,https://www.imo-official.org/results/contestant/7042/,https://www.imo-official.org/results/individual/year/2002/
Mathematics,IMO,2002,Juan Manuel Hernández Herrera,COL,Bronze,,https://www.imo-official.org/results/contestant/6179/,https://www.imo-official.org/results/individual/year/2002/
Mathematics,IMO,2002,Ingmar Vázquez García,CUB,Bronze,,https://www.imo-official.org/results/contestant/7044/,https://www.imo-official.org/results/individual/year/2002/
Mathematics,IMO,2002,Martin Tancer,CZE,Bronze,,https://www.imo-official.org/results/contestant/6592/,https://www.imo-official.org/results/individual/year/2002/
Mathematics,IMO,2002,Shota Gvinephadze,GEO,Bronze,,https://www.imo-official.org/results/contestant/6595/,https://www.imo-official.org/results/individual/year/2002/
Mathematics,IMO,2002,Miguel Raggi Pérez,MEX,Bronze,,https://www.imo-official.org/results/contestant/6680/,https://www.imo-official.org/results/individual/year/2002/
Mathematics,IMO,2002,Valentin Vornicu,ROU,Bronze,,https://www.imo-official.org/results/contestant/6667/,https://www.imo-official.org/results/individual/year/2002/
Mathematics,IMO,2002,Yunus Eşençayı,TUR,Bronze,,https://www.imo-official.org/results/contestant/6479/,https://www.imo-official.org/results/individual/year/2002/
Mathematics,IMO,2002,Sergio Yuhjtman,ARG,Bronze,,https://www.imo-official.org/results/contestant/6573/,https://www.imo-official.org/results/individual/year/2002/
Mathematics,IMO,2002,Slavko Brdar,BIH,Bronze,,https://www.imo-official.org/results/contestant/6810/,https://www.imo-official.org/results/individual/year/2002/
Mathematics,IMO,2002,Alex Corrêa Abreu,BRA,Bronze,,https://www.imo-official.org/results/contestant/6483/,https://www.imo-official.org/results/individual/year/2002/
Mathematics,IMO,2002,Maxime Zavidovique,FRA,Bronze,,https://www.imo-official.org/results/contestant/7054/,https://www.imo-official.org/results/individual/year/2002/
Mathematics,IMO,2002,Vedran Šohinger,HRV,Bronze,,https://www.imo-official.org/results/contestant/6579/,https://www.imo-official.org/results/individual/year/2002/
Mathematics,IMO,2002,Balázs Gerencsér,HUN,Bronze,,https://www.imo-official.org/results/contestant/7055/,https://www.imo-official.org/results/individual/year/2002/
Mathematics,IMO,2002,Klemen Šivic,SVN,Bronze,,https://www.imo-official.org/results/contestant/6203/,https://www.imo-official.org/results/individual/year/2002/
Mathematics,IMO,2002,Serhat Doğan,TUR,Bronze,,https://www.imo-official.org/results/contestant/6207/,https://www.imo-official.org/results/individual/year/2002/
Mathematics,IMO,2002,Maja Tasković,YUG,Bronze,,https://www.imo-official.org/results/contestant/7058/,https://www.imo-official.org/results/individual/year/2002/
Mathematics,IMO,2002,Carlos di Fiore,ARG,Bronze,,https://www.imo-official.org/results/contestant/6506/,https://www.imo-official.org/results/individual/year/2002/
Mathematics,IMO,2002,Guilherme Issao Camarinha Fujiwara,BRA,Bronze,,https://www.imo-official.org/results/contestant/7060/,https://www.imo-official.org/results/individual/year/2002/
Mathematics,IMO,2002,Armin Morabbi,IRN,Bronze,,https://www.imo-official.org/results/contestant/7061/,https://www.imo-official.org/results/individual/year/2002/
Mathematics,IMO,2002,Vadim Sheyn,ISR,Bronze,,https://www.imo-official.org/results/contestant/6676/,https://www.imo-official.org/results/individual/year/2002/
Mathematics,IMO,2002,Andrea Matiacic,ITA,Bronze,,https://www.imo-official.org/results/contestant/7063/,https://www.imo-official.org/results/individual/year/2002/
Mathematics,IMO,2002,Federico Poloni,ITA,Bronze,,https://www.imo-official.org/results/contestant/6677/,https://www.imo-official.org/results/individual/year/2002/
Mathematics,IMO,2002,Tomoyuki Yokota,JPN,Bronze,,https://www.imo-official.org/results/contestant/7065/,https://www.imo-official.org/results/individual/year/2002/
Mathematics,IMO,2002,Zymantas Darbenas,LTU,Bronze,,https://www.imo-official.org/results/contestant/7066/,https://www.imo-official.org/results/individual/year/2002/
Mathematics,IMO,2002,Ieng Lam Lei,MAC,Bronze,,https://www.imo-official.org/results/contestant/6761/,https://www.imo-official.org/results/individual/year/2002/
Mathematics,IMO,2002,Gerelt Tserenjigmid,MNG,Bronze,,https://www.imo-official.org/results/contestant/7068/,https://www.imo-official.org/results/individual/year/2002/
Mathematics,IMO,2002,John Cuya,PER,Bronze,,https://www.imo-official.org/results/contestant/6601/,https://www.imo-official.org/results/individual/year/2002/
Mathematics,IMO,2002,Harry Wiggins,SAF,Bronze,,https://www.imo-official.org/results/contestant/6586/,https://www.imo-official.org/results/individual/year/2002/
Mathematics,IMO,2002,Michal Burger,SVK,Bronze,,https://www.imo-official.org/results/contestant/7071/,https://www.imo-official.org/results/individual/year/2002/
Mathematics,IMO,2002,Dejan Kolundžija,YUG,Bronze,,https://www.imo-official.org/results/contestant/7072/,https://www.imo-official.org/results/individual/year/2002/
Mathematics,IMO,2002,Arlind Kopliku,ALB,Bronze,,https://www.imo-official.org/results/contestant/6773/,https://www.imo-official.org/results/individual/year/2002/
Mathematics,IMO,2002,Tomáš Protivínský,CZE,Bronze,,https://www.imo-official.org/results/contestant/6656/,https://www.imo-official.org/results/individual/year/2002/
Mathematics,IMO,2002,Luis Hernández Corbato,ESP,Bronze,,https://www.imo-official.org/results/contestant/6614/,https://www.imo-official.org/results/individual/year/2002/
Mathematics,IMO,2002,Andreas Galanis,HEL,Bronze,,https://www.imo-official.org/results/contestant/7076/,https://www.imo-official.org/results/individual/year/2002/
Mathematics,IMO,2002,Fajar Yuliawan,IDN,Bronze,,https://www.imo-official.org/results/contestant/6864/,https://www.imo-official.org/results/individual/year/2002/
Mathematics,IMO,2002,Eran Assaf,ISR,Bronze,,https://www.imo-official.org/results/contestant/6119/,https://www.imo-official.org/results/individual/year/2002/
Mathematics,IMO,2002,Giulio Tiozzo,ITA,Bronze,,https://www.imo-official.org/results/contestant/6616/,https://www.imo-official.org/results/individual/year/2002/
Mathematics,IMO,2002,Meiram Murzabulatov,KAZ,Bronze,,https://www.imo-official.org/results/contestant/7080/,https://www.imo-official.org/results/individual/year/2002/
Mathematics,IMO,2002,Daniel Andersson,SWE,Bronze,,https://www.imo-official.org/results/contestant/7081/,https://www.imo-official.org/results/individual/year/2002/
Mathematics,IMO,2002,Bezirgen Veliyev,TKM,Bronze,,https://www.imo-official.org/results/contestant/6669/,https://www.imo-official.org/results/individual/year/2002/
Mathematics,IMO,2002,Yue Yang,ARG,Bronze,,https://www.imo-official.org/results/contestant/7083/,https://www.imo-official.org/results/individual/year/2002/
Mathematics,IMO,2002,Yiying Zhao,AUS,Bronze,,https://www.imo-official.org/results/contestant/6591/,https://www.imo-official.org/results/individual/year/2002/
Mathematics,IMO,2002,Martin Windischer,AUT,Bronze,,https://www.imo-official.org/results/contestant/6738/,https://www.imo-official.org/results/individual/year/2002/
Mathematics,IMO,2002,Stanislau Halauniou,BLR,Bronze,,https://www.imo-official.org/results/contestant/7086/,https://www.imo-official.org/results/individual/year/2002/
Mathematics,IMO,2002,Iván Guillermo Contreras Palacios,COL,Bronze,,https://www.imo-official.org/results/contestant/6624/,https://www.imo-official.org/results/individual/year/2002/
Mathematics,IMO,2002,Niko Vuokko,FIN,Bronze,,https://www.imo-official.org/results/contestant/7088/,https://www.imo-official.org/results/individual/year/2002/
Mathematics,IMO,2002,Baurzhan Urgunshbayev,KAZ,Bronze,,https://www.imo-official.org/results/contestant/7089/,https://www.imo-official.org/results/individual/year/2002/
Mathematics,IMO,2002,Paulius Šarka,LTU,Bronze,,https://www.imo-official.org/results/contestant/6405/,https://www.imo-official.org/results/individual/year/2002/
Mathematics,IMO,2002,Aigars Gedroics,LVA,Bronze,,https://www.imo-official.org/results/contestant/6565/,https://www.imo-official.org/results/individual/year/2002/
Mathematics,IMO,2002,Mohamed Rahim,MAR,Bronze,,https://www.imo-official.org/results/contestant/6665/,https://www.imo-official.org/results/individual/year/2002/
Mathematics,IMO,2002,Victor Rojco,MDA,Bronze,,https://www.imo-official.org/results/contestant/7093/,https://www.imo-official.org/results/individual/year/2002/
Mathematics,IMO,2002,Erik van Ommeren,NLD,Bronze,,https://www.imo-official.org/results/contestant/6798/,https://www.imo-official.org/results/individual/year/2002/
Mathematics,IMO,2002,Matias Holte,NOR,Bronze,,https://www.imo-official.org/results/contestant/6849/,https://www.imo-official.org/results/individual/year/2002/
Mathematics,IMO,2002,Víctor Tasayco,PER,Bronze,,https://www.imo-official.org/results/contestant/6603/,https://www.imo-official.org/results/individual/year/2002/
Mathematics,IMO,2002,Paweł Parys,POL,Bronze,,https://www.imo-official.org/results/contestant/5689/,https://www.imo-official.org/results/individual/year/2002/
Mathematics,IMO,2002,Daniel Sprecher,SUI,Bronze,,https://www.imo-official.org/results/contestant/6750/,https://www.imo-official.org/results/individual/year/2002/
Mathematics,IMO,2002,Peter Bella,SVK,Bronze,,https://www.imo-official.org/results/contestant/6700/,https://www.imo-official.org/results/individual/year/2002/
Mathematics,IMO,2002,Valentina Chapovalova,SWE,Bronze,,https://www.imo-official.org/results/contestant/7100/,https://www.imo-official.org/results/individual/year/2002/
Mathematics,IMO,2002,Jelena Milanović,YUG,Bronze,,https://www.imo-official.org/results/contestant/6806/,https://www.imo-official.org/results/individual/year/2002/
Mathematics,IMO,2002,Chingiz Akhundov,AZE,Bronze,,https://www.imo-official.org/results/contestant/7102/,https://www.imo-official.org/results/individual/year/2002/
Mathematics,IMO,2002,Markus Ojala,FIN,Bronze,,https://www.imo-official.org/results/contestant/7103/,https://www.imo-official.org/results/individual/year/2002/
Mathematics,IMO,2002,Veli Peltola,FIN,Bronze,,https://www.imo-official.org/results/contestant/6861/,https://www.imo-official.org/results/individual/year/2002/
Mathematics,IMO,2002,Chi Ho Ivan Ip,HKG,Bronze,,https://www.imo-official.org/results/contestant/7105/,https://www.imo-official.org/results/individual/year/2002/
Mathematics,IMO,2002,Franco Pellegrini,ITA,Bronze,,https://www.imo-official.org/results/contestant/7106/,https://www.imo-official.org/results/individual/year/2002/
Mathematics,IMO,2002,Emanuele Spadaro,ITA,Bronze,,https://www.imo-official.org/results/contestant/6169/,https://www.imo-official.org/results/individual/year/2002/
Mathematics,IMO,2002,Artūrs Verza,LVA,Bronze,,https://www.imo-official.org/results/contestant/6712/,https://www.imo-official.org/results/individual/year/2002/
Mathematics,IMO,2002,Kai Chung Tam,MAC,Bronze,,https://www.imo-official.org/results/contestant/7110/,https://www.imo-official.org/results/individual/year/2002/
Mathematics,IMO,2002,Kuan Kio Ngai,MAC,Bronze,,https://www.imo-official.org/results/contestant/7109/,https://www.imo-official.org/results/individual/year/2002/
Mathematics,IMO,2002,Jesús Puente Arrubarrena,MEX,Bronze,,https://www.imo-official.org/results/contestant/7111/,https://www.imo-official.org/results/individual/year/2002/
Mathematics,IMO,2002,Ingrid von Glehn,SAF,Bronze,,https://www.imo-official.org/results/contestant/7112/,https://www.imo-official.org/results/individual/year/2002/
Mathematics,IMO,2002,Paul Monasterio,VEN,Bronze,,https://www.imo-official.org/results/contestant/6651/,https://www.imo-official.org/results/individual/year/2002/
Mathematics,IMO,2002,Nikola Todorović,YUG,Bronze,,https://www.imo-official.org/results/contestant/7114/,https://www.imo-official.org/results/individual/year/2002/
Mathematics,IMO,2003,Yunhao Fu,CHN,Gold,,https://www.imo-official.org/results/contestant/6883/,https://www.imo-official.org/results/individual/year/2003/
Mathematics,IMO,2003,Bảo Lê Hùng Việt,VNM,Gold,,https://www.imo-official.org/results/contestant/7363/,https://www.imo-official.org/results/individual/year/2003/
Mathematics,IMO,2003,Trọng Cảnh Nguyễn,VNM,Gold,,https://www.imo-official.org/results/contestant/7364/,https://www.imo-official.org/results/individual/year/2003/
Mathematics,IMO,2003,Kaloyan Slavov,BGR,Gold,,https://www.imo-official.org/results/contestant/6912/,https://www.imo-official.org/results/individual/year/2003/
Mathematics,IMO,2003,Rumen Zarev,BGR,Gold,,https://www.imo-official.org/results/contestant/6437/,https://www.imo-official.org/results/individual/year/2003/
Mathematics,IMO,2003,Iliya Tsekov,BGR,Gold,,https://www.imo-official.org/results/contestant/7029/,https://www.imo-official.org/results/individual/year/2003/
Mathematics,IMO,2003,Ana Caraiani,ROU,Gold,,https://www.imo-official.org/results/contestant/6502/,https://www.imo-official.org/results/individual/year/2003/
Mathematics,IMO,2003,Oleg Gol'berg,RUS,Gold,,https://www.imo-official.org/results/contestant/6889/,https://www.imo-official.org/results/individual/year/2003/
Mathematics,IMO,2003,Rosen Dimitrov Kralev,BGR,Gold,,https://www.imo-official.org/results/contestant/7370/,https://www.imo-official.org/results/individual/year/2003/
Mathematics,IMO,2003,Aleksandar Dimitrov Lishkov,BGR,Gold,,https://www.imo-official.org/results/contestant/6455/,https://www.imo-official.org/results/individual/year/2003/
Mathematics,IMO,2003,Wei Wang,CHN,Gold,,https://www.imo-official.org/results/contestant/7372/,https://www.imo-official.org/results/individual/year/2003/
Mathematics,IMO,2003,Zhen Xiang,CHN,Gold,,https://www.imo-official.org/results/contestant/7373/,https://www.imo-official.org/results/individual/year/2003/
Mathematics,IMO,2003,Christian Reiher,GER,Gold,,https://www.imo-official.org/results/contestant/5636/,https://www.imo-official.org/results/individual/year/2003/
Mathematics,IMO,2003,Nikolay Gravin,RUS,Gold,,https://www.imo-official.org/results/contestant/7375/,https://www.imo-official.org/results/individual/year/2003/
Mathematics,IMO,2003,Po-Ru Loh,USA,Gold,,https://www.imo-official.org/results/contestant/6009/,https://www.imo-official.org/results/individual/year/2003/
Mathematics,IMO,2003,Jiacong Fang,CHN,Gold,,https://www.imo-official.org/results/contestant/7377/,https://www.imo-official.org/results/individual/year/2003/
Mathematics,IMO,2003,June Hyuk Jung,KOR,Gold,,https://www.imo-official.org/results/contestant/7378/,https://www.imo-official.org/results/individual/year/2003/
Mathematics,IMO,2003,Daniel Kane,USA,Gold,,https://www.imo-official.org/results/contestant/6904/,https://www.imo-official.org/results/individual/year/2003/
Mathematics,IMO,2003,Dobromir Rahnev,BGR,Gold,,https://www.imo-official.org/results/contestant/6911/,https://www.imo-official.org/results/individual/year/2003/
Mathematics,IMO,2003,Xin Wan,CHN,Gold,,https://www.imo-official.org/results/contestant/7381/,https://www.imo-official.org/results/individual/year/2003/
Mathematics,IMO,2003,Aaron Pixton,USA,Gold,,https://www.imo-official.org/results/contestant/7382/,https://www.imo-official.org/results/individual/year/2003/
Mathematics,IMO,2003,Anders Kaseorg,USA,Gold,,https://www.imo-official.org/results/contestant/6938/,https://www.imo-official.org/results/individual/year/2003/
Mathematics,IMO,2003,Olena Bormashenko,CAN,Gold,,https://www.imo-official.org/results/contestant/6946/,https://www.imo-official.org/results/individual/year/2003/
Mathematics,IMO,2003,Thanasin Nampaisarn,THA,Gold,,https://www.imo-official.org/results/contestant/6955/,https://www.imo-official.org/results/individual/year/2003/
Mathematics,IMO,2003,Selim Bahadır,TUR,Gold,,https://www.imo-official.org/results/contestant/6523/,https://www.imo-official.org/results/individual/year/2003/
Mathematics,IMO,2003,Jacob Tsimerman,CAN,Gold,,https://www.imo-official.org/results/contestant/7387/,https://www.imo-official.org/results/individual/year/2003/
Mathematics,IMO,2003,Yeo-Il Yoon,KOR,Gold,,https://www.imo-official.org/results/contestant/7388/,https://www.imo-official.org/results/individual/year/2003/
Mathematics,IMO,2003,Varvara Shepelska,UKR,Gold,,https://www.imo-official.org/results/contestant/7389/,https://www.imo-official.org/results/individual/year/2003/
Mathematics,IMO,2003,Carlos di Fiore,ARG,Gold,,https://www.imo-official.org/results/contestant/6506/,https://www.imo-official.org/results/individual/year/2003/
Mathematics,IMO,2003,Victoria Lebed,BLR,Gold,,https://www.imo-official.org/results/contestant/6984/,https://www.imo-official.org/results/individual/year/2003/
Mathematics,IMO,2003,Béla András Rácz,HUN,Gold,,https://www.imo-official.org/results/contestant/6898/,https://www.imo-official.org/results/individual/year/2003/
Mathematics,IMO,2003,Masaki Nishimoto,JPN,Gold,,https://www.imo-official.org/results/contestant/7155/,https://www.imo-official.org/results/individual/year/2003/
Mathematics,IMO,2003,Kuat Yessenov,KAZ,Gold,,https://www.imo-official.org/results/contestant/6950/,https://www.imo-official.org/results/individual/year/2003/
Mathematics,IMO,2003,Marcin Pilipczuk,POL,Gold,,https://www.imo-official.org/results/contestant/6966/,https://www.imo-official.org/results/individual/year/2003/
Mathematics,IMO,2003,Andrey Badzyan,RUS,Gold,,https://www.imo-official.org/results/contestant/6888/,https://www.imo-official.org/results/individual/year/2003/
Mathematics,IMO,2003,Shao-Lun Huang,TWN,Gold,,https://www.imo-official.org/results/contestant/6935/,https://www.imo-official.org/results/individual/year/2003/
Mathematics,IMO,2003,Paul Jefferys,UNK,Gold,,https://www.imo-official.org/results/contestant/6650/,https://www.imo-official.org/results/individual/year/2003/
Mathematics,IMO,2003,You Zhou,CHN,Silver,,https://www.imo-official.org/results/contestant/7399/,https://www.imo-official.org/results/individual/year/2003/
Mathematics,IMO,2003,Alexey Entin,ISR,Silver,,https://www.imo-official.org/results/contestant/6101/,https://www.imo-official.org/results/individual/year/2003/
Mathematics,IMO,2003,Yoshiki Oshima,JPN,Silver,,https://www.imo-official.org/results/contestant/5598/,https://www.imo-official.org/results/individual/year/2003/
Mathematics,IMO,2003,Byoung Hyuck Kim,KOR,Silver,,https://www.imo-official.org/results/contestant/7402/,https://www.imo-official.org/results/individual/year/2003/
Mathematics,IMO,2003,Iurie Boreico,MDA,Silver,,https://www.imo-official.org/results/contestant/7403/,https://www.imo-official.org/results/individual/year/2003/
Mathematics,IMO,2003,Paweł Januszewski,POL,Silver,,https://www.imo-official.org/results/contestant/7404/,https://www.imo-official.org/results/individual/year/2003/
Mathematics,IMO,2003,Nizameddin Ordulu,TUR,Silver,,https://www.imo-official.org/results/contestant/6425/,https://www.imo-official.org/results/individual/year/2003/
Mathematics,IMO,2003,Jennifer Gardner,UNK,Silver,,https://www.imo-official.org/results/contestant/7025/,https://www.imo-official.org/results/individual/year/2003/
Mathematics,IMO,2003,Demeter Kiss,HUN,Silver,,https://www.imo-official.org/results/contestant/7407/,https://www.imo-official.org/results/individual/year/2003/
Mathematics,IMO,2003,Mark Lipson,USA,Silver,,https://www.imo-official.org/results/contestant/7408/,https://www.imo-official.org/results/individual/year/2003/
Mathematics,IMO,2003,Olivier Benoist,FRA,Silver,,https://www.imo-official.org/results/contestant/7409/,https://www.imo-official.org/results/individual/year/2003/
Mathematics,IMO,2003,Dang Khoa Nguyễn,VNM,Silver,,https://www.imo-official.org/results/contestant/7410/,https://www.imo-official.org/results/individual/year/2003/
Mathematics,IMO,2003,Hessam Mahdavifar,IRN,Silver,,https://www.imo-official.org/results/contestant/6927/,https://www.imo-official.org/results/individual/year/2003/
Mathematics,IMO,2003,Baurzhan Bektemirov,KAZ,Silver,,https://www.imo-official.org/results/contestant/6432/,https://www.imo-official.org/results/individual/year/2003/
Mathematics,IMO,2003,Andrei Ştefănescu,ROU,Silver,,https://www.imo-official.org/results/contestant/7413/,https://www.imo-official.org/results/individual/year/2003/
Mathematics,IMO,2003,Yury Volkov,RUS,Silver,,https://www.imo-official.org/results/contestant/7414/,https://www.imo-official.org/results/individual/year/2003/
Mathematics,IMO,2003,Selman Erol,TUR,Silver,,https://www.imo-official.org/results/contestant/6547/,https://www.imo-official.org/results/individual/year/2003/
Mathematics,IMO,2003,Yan Zhang,USA,Silver,,https://www.imo-official.org/results/contestant/7416/,https://www.imo-official.org/results/individual/year/2003/
Mathematics,IMO,2003,Nikoloz Jimsheleishvili,GEO,Silver,,https://www.imo-official.org/results/contestant/6742/,https://www.imo-official.org/results/individual/year/2003/
Mathematics,IMO,2003,Serin Hong,KOR,Silver,,https://www.imo-official.org/results/contestant/7418/,https://www.imo-official.org/results/individual/year/2003/
Mathematics,IMO,2003,Sainbayar Sukhbaatar,MNG,Silver,,https://www.imo-official.org/results/contestant/7022/,https://www.imo-official.org/results/individual/year/2003/
Mathematics,IMO,2003,Péter Pál Pach,HUN,Silver,,https://www.imo-official.org/results/contestant/7420/,https://www.imo-official.org/results/individual/year/2003/
Mathematics,IMO,2003,Vipul Naik,IND,Silver,,https://www.imo-official.org/results/contestant/7421/,https://www.imo-official.org/results/individual/year/2003/
Mathematics,IMO,2003,Alexander Kemarsky,ISR,Silver,,https://www.imo-official.org/results/contestant/7422/,https://www.imo-official.org/results/individual/year/2003/
Mathematics,IMO,2003,David Kunszenti-Kovács,NOR,Silver,,https://www.imo-official.org/results/contestant/5002/,https://www.imo-official.org/results/individual/year/2003/
Mathematics,IMO,2003,Dmitry Shiryaev,RUS,Silver,,https://www.imo-official.org/results/contestant/7424/,https://www.imo-official.org/results/individual/year/2003/
Mathematics,IMO,2003,Aleksandar Ilić,SCG,Silver,,https://www.imo-official.org/results/contestant/7014/,https://www.imo-official.org/results/individual/year/2003/
Mathematics,IMO,2003,Marko Radovanović,SCG,Silver,,https://www.imo-official.org/results/contestant/7426/,https://www.imo-official.org/results/individual/year/2003/
Mathematics,IMO,2003,Fatih Deniz,TUR,Silver,,https://www.imo-official.org/results/contestant/7010/,https://www.imo-official.org/results/individual/year/2003/
Mathematics,IMO,2003,Maksym Katsev,UKR,Silver,,https://www.imo-official.org/results/contestant/7428/,https://www.imo-official.org/results/individual/year/2003/
Mathematics,IMO,2003,Dang Hop Nguyễn,VNM,Silver,,https://www.imo-official.org/results/contestant/7429/,https://www.imo-official.org/results/individual/year/2003/
Mathematics,IMO,2003,Laurence Field,AUS,Silver,,https://www.imo-official.org/results/contestant/7430/,https://www.imo-official.org/results/individual/year/2003/
Mathematics,IMO,2003,Javid Habibov,AZE,Silver,,https://www.imo-official.org/results/contestant/7177/,https://www.imo-official.org/results/individual/year/2003/
Mathematics,IMO,2003,Cédric Troessaert,BEL,Silver,,https://www.imo-official.org/results/contestant/7042/,https://www.imo-official.org/results/individual/year/2003/
Mathematics,IMO,2003,Igor Khrol,BLR,Silver,,https://www.imo-official.org/results/contestant/7433/,https://www.imo-official.org/results/individual/year/2003/
Mathematics,IMO,2003,Kanstantsin Pashkovich,BLR,Silver,,https://www.imo-official.org/results/contestant/7434/,https://www.imo-official.org/results/individual/year/2003/
Mathematics,IMO,2003,Michail Rassias,HEL,Silver,,https://www.imo-official.org/results/contestant/7435/,https://www.imo-official.org/results/individual/year/2003/
Mathematics,IMO,2003,Tsz Chiu Kwok,HKG,Silver,,https://www.imo-official.org/results/contestant/7436/,https://www.imo-official.org/results/individual/year/2003/
Mathematics,IMO,2003,Endre Csóka,HUN,Silver,,https://www.imo-official.org/results/contestant/6514/,https://www.imo-official.org/results/individual/year/2003/
Mathematics,IMO,2003,Shubhangi Saraf,IND,Silver,,https://www.imo-official.org/results/contestant/7003/,https://www.imo-official.org/results/individual/year/2003/
Mathematics,IMO,2003,Kei Irie,JPN,Silver,,https://www.imo-official.org/results/contestant/7439/,https://www.imo-official.org/results/individual/year/2003/
Mathematics,IMO,2003,Baurzhan Urgunshbayev,KAZ,Silver,,https://www.imo-official.org/results/contestant/7089/,https://www.imo-official.org/results/individual/year/2003/
Mathematics,IMO,2003,Andrei Negut,ROU,Silver,,https://www.imo-official.org/results/contestant/6931/,https://www.imo-official.org/results/individual/year/2003/
Mathematics,IMO,2003,Claudiu Raicu,ROU,Silver,,https://www.imo-official.org/results/contestant/6945/,https://www.imo-official.org/results/individual/year/2003/
Mathematics,IMO,2003,Sira Sriswasdi,THA,Silver,,https://www.imo-official.org/results/contestant/6683/,https://www.imo-official.org/results/individual/year/2003/
Mathematics,IMO,2003,Swarnendu Datta,IND,Silver,,https://www.imo-official.org/results/contestant/6020/,https://www.imo-official.org/results/individual/year/2003/
Mathematics,IMO,2003,Mohammad Amin Khajehnejad,IRN,Silver,,https://www.imo-official.org/results/contestant/7445/,https://www.imo-official.org/results/individual/year/2003/
Mathematics,IMO,2003,Yuji Odaka,JPN,Silver,,https://www.imo-official.org/results/contestant/6448/,https://www.imo-official.org/results/individual/year/2003/
Mathematics,IMO,2003,Jaehyeok Heo,KOR,Silver,,https://www.imo-official.org/results/contestant/7447/,https://www.imo-official.org/results/individual/year/2003/
Mathematics,IMO,2003,Aleksander Zabłocki,POL,Silver,,https://www.imo-official.org/results/contestant/6646/,https://www.imo-official.org/results/individual/year/2003/
Mathematics,IMO,2003,Gabriel-Emanuel Kreindler,ROU,Silver,,https://www.imo-official.org/results/contestant/7449/,https://www.imo-official.org/results/individual/year/2003/
Mathematics,IMO,2003,Chung-Heng Yeh,TWN,Silver,,https://www.imo-official.org/results/contestant/7450/,https://www.imo-official.org/results/individual/year/2003/
Mathematics,IMO,2003,Dmytro Gordon,UKR,Silver,,https://www.imo-official.org/results/contestant/7451/,https://www.imo-official.org/results/individual/year/2003/
Mathematics,IMO,2003,Doniyor Nafasov,UZB,Silver,,https://www.imo-official.org/results/contestant/7215/,https://www.imo-official.org/results/individual/year/2003/
Mathematics,IMO,2003,Tien Viet Nguyễn,VNM,Silver,,https://www.imo-official.org/results/contestant/7453/,https://www.imo-official.org/results/individual/year/2003/
Mathematics,IMO,2003,Yue Yang,ARG,Silver,,https://www.imo-official.org/results/contestant/7083/,https://www.imo-official.org/results/individual/year/2003/
Mathematics,IMO,2003,Jan Moláček,CZE,Silver,,https://www.imo-official.org/results/contestant/7031/,https://www.imo-official.org/results/individual/year/2003/
Mathematics,IMO,2003,Richard Bamler,GER,Silver,,https://www.imo-official.org/results/contestant/7032/,https://www.imo-official.org/results/individual/year/2003/
Mathematics,IMO,2003,Nikhil Ashok Savale,IND,Silver,,https://www.imo-official.org/results/contestant/6564/,https://www.imo-official.org/results/individual/year/2003/
Mathematics,IMO,2003,Daw-Sen Hwang,TWN,Silver,,https://www.imo-official.org/results/contestant/7458/,https://www.imo-official.org/results/individual/year/2003/
Mathematics,IMO,2003,Daniel Nadasi,AUS,Silver,,https://www.imo-official.org/results/contestant/7459/,https://www.imo-official.org/results/individual/year/2003/
Mathematics,IMO,2003,Fábio Dias Moreira,BRA,Silver,,https://www.imo-official.org/results/contestant/7460/,https://www.imo-official.org/results/individual/year/2003/
Mathematics,IMO,2003,Pierre Simon,FRA,Silver,,https://www.imo-official.org/results/contestant/7461/,https://www.imo-official.org/results/individual/year/2003/
Mathematics,IMO,2003,Michael Tyomkyn,GER,Silver,,https://www.imo-official.org/results/contestant/6485/,https://www.imo-official.org/results/individual/year/2003/
Mathematics,IMO,2003,Hok Pun Yu,HKG,Silver,,https://www.imo-official.org/results/contestant/6051/,https://www.imo-official.org/results/individual/year/2003/
Mathematics,IMO,2003,Ahmad Peivandi Karizbodaghi,IRN,Silver,,https://www.imo-official.org/results/contestant/7464/,https://www.imo-official.org/results/individual/year/2003/
Mathematics,IMO,2003,Kyeong Su Choi,KOR,Silver,,https://www.imo-official.org/results/contestant/6965/,https://www.imo-official.org/results/individual/year/2003/
Mathematics,IMO,2003,Aleksandar Pejčev,SCG,Silver,,https://www.imo-official.org/results/contestant/7466/,https://www.imo-official.org/results/individual/year/2003/
Mathematics,IMO,2003,Martin Orr,UNK,Silver,,https://www.imo-official.org/results/contestant/7467/,https://www.imo-official.org/results/individual/year/2003/
Mathematics,IMO,2003,Alex Corrêa Abreu,BRA,Bronze,,https://www.imo-official.org/results/contestant/6483/,https://www.imo-official.org/results/individual/year/2003/
Mathematics,IMO,2003,Samuel Barbosa Feitosa,BRA,Bronze,,https://www.imo-official.org/results/contestant/7469/,https://www.imo-official.org/results/individual/year/2003/
Mathematics,IMO,2003,Robert Barrington Leigh,CAN,Bronze,,https://www.imo-official.org/results/contestant/6997/,https://www.imo-official.org/results/individual/year/2003/
Mathematics,IMO,2003,Alexandre Boritchev,FRA,Bronze,,https://www.imo-official.org/results/contestant/7472/,https://www.imo-official.org/results/individual/year/2003/
Mathematics,IMO,2003,Giorgi Merabishvili,GEO,Bronze,,https://www.imo-official.org/results/contestant/7137/,https://www.imo-official.org/results/individual/year/2003/
Mathematics,IMO,2003,Rudi Mrazović,HRV,Bronze,,https://www.imo-official.org/results/contestant/7471/,https://www.imo-official.org/results/individual/year/2003/
Mathematics,IMO,2003,Seyed Gholamhosein Mohimani Emamzadeh,IRN,Bronze,,https://www.imo-official.org/results/contestant/7474/,https://www.imo-official.org/results/individual/year/2003/
Mathematics,IMO,2003,Vadim Sheyn,ISR,Bronze,,https://www.imo-official.org/results/contestant/6676/,https://www.imo-official.org/results/individual/year/2003/
Mathematics,IMO,2003,Marco Antonio Figueroa Ibarra,MEX,Bronze,,https://www.imo-official.org/results/contestant/7476/,https://www.imo-official.org/results/individual/year/2003/
Mathematics,IMO,2003,Gerelt Tserenjigmid,MNG,Bronze,,https://www.imo-official.org/results/contestant/7068/,https://www.imo-official.org/results/individual/year/2003/
Mathematics,IMO,2003,Sherry Gong,PRI,Bronze,,https://www.imo-official.org/results/contestant/7209/,https://www.imo-official.org/results/individual/year/2003/
Mathematics,IMO,2003,Wei En Joel Tay,SGP,Bronze,,https://www.imo-official.org/results/contestant/7479/,https://www.imo-official.org/results/individual/year/2003/
Mathematics,IMO,2003,Valentina Chapovalova,SWE,Bronze,,https://www.imo-official.org/results/contestant/7100/,https://www.imo-official.org/results/individual/year/2003/
Mathematics,IMO,2003,Tirasan Khandhawit,THA,Bronze,,https://www.imo-official.org/results/contestant/6933/,https://www.imo-official.org/results/individual/year/2003/
Mathematics,IMO,2003,Hsin-Yu Chao,TWN,Bronze,,https://www.imo-official.org/results/contestant/7482/,https://www.imo-official.org/results/individual/year/2003/
Mathematics,IMO,2003,Gavin Johnstone,UNK,Bronze,,https://www.imo-official.org/results/contestant/7145/,https://www.imo-official.org/results/individual/year/2003/
Mathematics,IMO,2003,Nhat Huy Vũ,VNM,Bronze,,https://www.imo-official.org/results/contestant/7484/,https://www.imo-official.org/results/individual/year/2003/
Mathematics,IMO,2003,Antony Trinh,BEL,Bronze,,https://www.imo-official.org/results/contestant/7178/,https://www.imo-official.org/results/individual/year/2003/
Mathematics,IMO,2003,Milanka Janković,BIH,Bronze,,https://www.imo-official.org/results/contestant/7486/,https://www.imo-official.org/results/individual/year/2003/
Mathematics,IMO,2003,Stanislau Arkhipau,BLR,Bronze,,https://www.imo-official.org/results/contestant/7487/,https://www.imo-official.org/results/individual/year/2003/
Mathematics,IMO,2003,Davi Máximo Alexandrino Nogueira,BRA,Bronze,,https://www.imo-official.org/results/contestant/6508/,https://www.imo-official.org/results/individual/year/2003/
Mathematics,IMO,2003,Marko Živković,HRV,Bronze,,https://www.imo-official.org/results/contestant/6740/,https://www.imo-official.org/results/individual/year/2003/
Mathematics,IMO,2003,Anand Deopurkar,IND,Bronze,,https://www.imo-official.org/results/contestant/7490/,https://www.imo-official.org/results/individual/year/2003/
Mathematics,IMO,2003,Mohammad Abbas Rezaei,IRN,Bronze,,https://www.imo-official.org/results/contestant/7491/,https://www.imo-official.org/results/individual/year/2003/
Mathematics,IMO,2003,Eran Assaf,ISR,Bronze,,https://www.imo-official.org/results/contestant/6119/,https://www.imo-official.org/results/individual/year/2003/
Mathematics,IMO,2003,Yehonatan Yedidia,ISR,Bronze,,https://www.imo-official.org/results/contestant/7035/,https://www.imo-official.org/results/individual/year/2003/
Mathematics,IMO,2003,Tomohiro Nagasaka,JPN,Bronze,,https://www.imo-official.org/results/contestant/7494/,https://www.imo-official.org/results/individual/year/2003/
Mathematics,IMO,2003,Jelena Milanović,SCG,Bronze,,https://www.imo-official.org/results/contestant/6806/,https://www.imo-official.org/results/individual/year/2003/
Mathematics,IMO,2003,Chin-Yi Lin,TWN,Bronze,,https://www.imo-official.org/results/contestant/7496/,https://www.imo-official.org/results/individual/year/2003/
Mathematics,IMO,2003,Nathan Bowler,UNK,Bronze,,https://www.imo-official.org/results/contestant/6703/,https://www.imo-official.org/results/individual/year/2003/
Mathematics,IMO,2003,David Fidler,UNK,Bronze,,https://www.imo-official.org/results/contestant/7497/,https://www.imo-official.org/results/individual/year/2003/
Mathematics,IMO,2003,Jusuf Ramić,BIH,Bronze,,https://www.imo-official.org/results/contestant/7499/,https://www.imo-official.org/results/individual/year/2003/
Mathematics,IMO,2003,Uladzimir Kokarau,BLR,Bronze,,https://www.imo-official.org/results/contestant/7500/,https://www.imo-official.org/results/individual/year/2003/
Mathematics,IMO,2003,Tianyi (David) Han,CAN,Bronze,,https://www.imo-official.org/results/contestant/6985/,https://www.imo-official.org/results/individual/year/2003/
Mathematics,IMO,2003,Oleg Ivrii,CAN,Bronze,,https://www.imo-official.org/results/contestant/7502/,https://www.imo-official.org/results/individual/year/2003/
Mathematics,IMO,2003,Jaromír Kuben,CZE,Bronze,,https://www.imo-official.org/results/contestant/7503/,https://www.imo-official.org/results/individual/year/2003/
Mathematics,IMO,2003,Victor González Alonso,ESP,Bronze,,https://www.imo-official.org/results/contestant/7504/,https://www.imo-official.org/results/individual/year/2003/
Mathematics,IMO,2003,George Orvelashvili,GEO,Bronze,,https://www.imo-official.org/results/contestant/7505/,https://www.imo-official.org/results/individual/year/2003/
Mathematics,IMO,2003,Michail-Romanos Papalambros,HEL,Bronze,,https://www.imo-official.org/results/contestant/6673/,https://www.imo-official.org/results/individual/year/2003/
Mathematics,IMO,2003,Tsz Hang Siu,HKG,Bronze,,https://www.imo-official.org/results/contestant/7507/,https://www.imo-official.org/results/individual/year/2003/
Mathematics,IMO,2003,Albert Tihamér Kocsis,HUN,Bronze,,https://www.imo-official.org/results/contestant/7508/,https://www.imo-official.org/results/individual/year/2003/
Mathematics,IMO,2003,Septian Hartono,IDN,Bronze,,https://www.imo-official.org/results/contestant/7509/,https://www.imo-official.org/results/individual/year/2003/
Mathematics,IMO,2003,Fajar Yuliawan,IDN,Bronze,,https://www.imo-official.org/results/contestant/6864/,https://www.imo-official.org/results/individual/year/2003/
Mathematics,IMO,2003,Meiram Murzabulatov,KAZ,Bronze,,https://www.imo-official.org/results/contestant/7080/,https://www.imo-official.org/results/individual/year/2003/
Mathematics,IMO,2003,Artūrs Verza,LVA,Bronze,,https://www.imo-official.org/results/contestant/6712/,https://www.imo-official.org/results/individual/year/2003/
Mathematics,IMO,2003,Ivan Borsenco,MDA,Bronze,,https://www.imo-official.org/results/contestant/7513/,https://www.imo-official.org/results/individual/year/2003/
Mathematics,IMO,2003,Victor Rojco,MDA,Bronze,,https://www.imo-official.org/results/contestant/7093/,https://www.imo-official.org/results/individual/year/2003/
Mathematics,IMO,2003,Enkhtaivan Ganbat,MNG,Bronze,,https://www.imo-official.org/results/contestant/7515/,https://www.imo-official.org/results/individual/year/2003/
Mathematics,IMO,2003,Sainjargal Huyagdorj,MNG,Bronze,,https://www.imo-official.org/results/contestant/7516/,https://www.imo-official.org/results/individual/year/2003/
Mathematics,IMO,2003,Claudio Vicente Espinoza Choqquepura,PER,Bronze,,https://www.imo-official.org/results/contestant/7517/,https://www.imo-official.org/results/individual/year/2003/
Mathematics,IMO,2003,Alexander Smirnov,RUS,Bronze,,https://www.imo-official.org/results/contestant/7518/,https://www.imo-official.org/results/individual/year/2003/
Mathematics,IMO,2003,Tamara von Glehn,SAF,Bronze,,https://www.imo-official.org/results/contestant/7184/,https://www.imo-official.org/results/individual/year/2003/
Mathematics,IMO,2003,Natee Pitiwan,THA,Bronze,,https://www.imo-official.org/results/contestant/6619/,https://www.imo-official.org/results/individual/year/2003/
Mathematics,IMO,2003,Arslan Berdimuradow,TKM,Bronze,,https://www.imo-official.org/results/contestant/7144/,https://www.imo-official.org/results/individual/year/2003/
Mathematics,IMO,2003,Ali Adalı,TUR,Bronze,,https://www.imo-official.org/results/contestant/7041/,https://www.imo-official.org/results/individual/year/2003/
Mathematics,IMO,2003,Tetyana Shcherbyna,UKR,Bronze,,https://www.imo-official.org/results/contestant/7523/,https://www.imo-official.org/results/individual/year/2003/
Mathematics,IMO,2003,Pablo Dal Lago,ARG,Bronze,,https://www.imo-official.org/results/contestant/7524/,https://www.imo-official.org/results/individual/year/2003/
Mathematics,IMO,2003,Levon Haykazyan,ARM,Bronze,,https://www.imo-official.org/results/contestant/7525/,https://www.imo-official.org/results/individual/year/2003/
Mathematics,IMO,2003,Levon Nurbekyan,ARM,Bronze,,https://www.imo-official.org/results/contestant/6737/,https://www.imo-official.org/results/individual/year/2003/
Mathematics,IMO,2003,Peter Eberhard,GER,Bronze,,https://www.imo-official.org/results/contestant/7527/,https://www.imo-official.org/results/individual/year/2003/
Mathematics,IMO,2003,Andreas Galanis,HEL,Bronze,,https://www.imo-official.org/results/contestant/7076/,https://www.imo-official.org/results/individual/year/2003/
Mathematics,IMO,2003,Kai Sing Yeung,HKG,Bronze,,https://www.imo-official.org/results/contestant/7529/,https://www.imo-official.org/results/individual/year/2003/
Mathematics,IMO,2003,Dauren Auzhani,KAZ,Bronze,,https://www.imo-official.org/results/contestant/7530/,https://www.imo-official.org/results/individual/year/2003/
Mathematics,IMO,2003,Timur Mambetov,KGZ,Bronze,,https://www.imo-official.org/results/contestant/7156/,https://www.imo-official.org/results/individual/year/2003/
Mathematics,IMO,2003,Nurdin Takenov,KGZ,Bronze,,https://www.imo-official.org/results/contestant/7327/,https://www.imo-official.org/results/individual/year/2003/
Mathematics,IMO,2003,Marc Kaufmann,LUX,Bronze,,https://www.imo-official.org/results/contestant/7252/,https://www.imo-official.org/results/individual/year/2003/
Mathematics,IMO,2003,Kuan Kio Ngai,MAC,Bronze,,https://www.imo-official.org/results/contestant/7109/,https://www.imo-official.org/results/individual/year/2003/
Mathematics,IMO,2003,Ana Paula Estrada Vargas,MEX,Bronze,,https://www.imo-official.org/results/contestant/7535/,https://www.imo-official.org/results/individual/year/2003/
Mathematics,IMO,2003,Antonio Olivas Martinez,MEX,Bronze,,https://www.imo-official.org/results/contestant/7536/,https://www.imo-official.org/results/individual/year/2003/
Mathematics,IMO,2003,Ioan Manolescu,ROU,Bronze,,https://www.imo-official.org/results/contestant/7537/,https://www.imo-official.org/results/individual/year/2003/
Mathematics,IMO,2003,Jia Min Charmaine Sia,SGP,Bronze,,https://www.imo-official.org/results/contestant/7538/,https://www.imo-official.org/results/individual/year/2003/
Mathematics,IMO,2003,Péter Koltai,SVK,Bronze,,https://www.imo-official.org/results/contestant/7539/,https://www.imo-official.org/results/individual/year/2003/
Mathematics,IMO,2003,Lucas Rearte,ARG,Bronze,,https://www.imo-official.org/results/contestant/7015/,https://www.imo-official.org/results/individual/year/2003/
Mathematics,IMO,2003,Avet Grigoryan,ARM,Bronze,,https://www.imo-official.org/results/contestant/7243/,https://www.imo-official.org/results/individual/year/2003/
Mathematics,IMO,2003,Ross Atkins,AUS,Bronze,,https://www.imo-official.org/results/contestant/7542/,https://www.imo-official.org/results/individual/year/2003/
Mathematics,IMO,2003,Ivan Guo,AUS,Bronze,,https://www.imo-official.org/results/contestant/7543/,https://www.imo-official.org/results/individual/year/2003/
Mathematics,IMO,2003,Santiago Saavedra Pineda,COL,Bronze,,https://www.imo-official.org/results/contestant/7179/,https://www.imo-official.org/results/individual/year/2003/
Mathematics,IMO,2003,Mario García Armas,CUB,Bronze,,https://www.imo-official.org/results/contestant/7030/,https://www.imo-official.org/results/individual/year/2003/
Mathematics,IMO,2003,Pavel Kocourek,CZE,Bronze,,https://www.imo-official.org/results/contestant/7546/,https://www.imo-official.org/results/individual/year/2003/
Mathematics,IMO,2003,Raphael Beuzart-Plessis,FRA,Bronze,,https://www.imo-official.org/results/contestant/7547/,https://www.imo-official.org/results/individual/year/2003/
Mathematics,IMO,2003,Athanasios Papaioannou,HEL,Bronze,,https://www.imo-official.org/results/contestant/7283/,https://www.imo-official.org/results/individual/year/2003/
Mathematics,IMO,2003,Giulio Tiozzo,ITA,Bronze,,https://www.imo-official.org/results/contestant/6616/,https://www.imo-official.org/results/individual/year/2003/
Mathematics,IMO,2003,Jun Adachi,JPN,Bronze,,https://www.imo-official.org/results/contestant/7550/,https://www.imo-official.org/results/individual/year/2003/
Mathematics,IMO,2003,Matas Sileikis,LTU,Bronze,,https://www.imo-official.org/results/contestant/7551/,https://www.imo-official.org/results/individual/year/2003/
Mathematics,IMO,2003,Andrius Stankevicius,LTU,Bronze,,https://www.imo-official.org/results/contestant/6847/,https://www.imo-official.org/results/individual/year/2003/
Mathematics,IMO,2003,Ilija Jovčevski,MKD,Bronze,,https://www.imo-official.org/results/contestant/6147/,https://www.imo-official.org/results/individual/year/2003/
Mathematics,IMO,2003,Ingrid von Glehn,SAF,Bronze,,https://www.imo-official.org/results/contestant/7112/,https://www.imo-official.org/results/individual/year/2003/
Mathematics,IMO,2003,Tomáš Váňa,SVK,Bronze,,https://www.imo-official.org/results/contestant/7555/,https://www.imo-official.org/results/individual/year/2003/
Mathematics,IMO,2003,Galyna Dobrovolska,UKR,Bronze,,https://www.imo-official.org/results/contestant/7556/,https://www.imo-official.org/results/individual/year/2003/
Mathematics,IMO,2003,Dmytro Petrovsky,UKR,Bronze,,https://www.imo-official.org/results/contestant/7557/,https://www.imo-official.org/results/individual/year/2003/
Mathematics,IMO,2003,Tural Sadikov,AZE,Bronze,,https://www.imo-official.org/results/contestant/7235/,https://www.imo-official.org/results/individual/year/2003/
Mathematics,IMO,2003,Juan Ignacio Restrepo Lozano,COL,Bronze,,https://www.imo-official.org/results/contestant/7559/,https://www.imo-official.org/results/individual/year/2003/
Mathematics,IMO,2003,Pascual Restrepo Mesa,COL,Bronze,,https://www.imo-official.org/results/contestant/7560/,https://www.imo-official.org/results/individual/year/2003/
Mathematics,IMO,2003,Miikka Heikkinen,FIN,Bronze,,https://www.imo-official.org/results/contestant/7152/,https://www.imo-official.org/results/individual/year/2003/
Mathematics,IMO,2003,Stefanos Aretakis,HEL,Bronze,,https://www.imo-official.org/results/contestant/7125/,https://www.imo-official.org/results/individual/year/2003/
Mathematics,IMO,2003,Mario Flajšlik,HRV,Bronze,,https://www.imo-official.org/results/contestant/7561/,https://www.imo-official.org/results/individual/year/2003/
Mathematics,IMO,2003,Eyvindur Ari Pálsson,ISL,Bronze,,https://www.imo-official.org/results/contestant/6287/,https://www.imo-official.org/results/individual/year/2003/
Mathematics,IMO,2003,Ieng Wai Lio,MAC,Bronze,,https://www.imo-official.org/results/contestant/7565/,https://www.imo-official.org/results/individual/year/2003/
Mathematics,IMO,2003,Stojan Trajanovski,MKD,Bronze,,https://www.imo-official.org/results/contestant/6713/,https://www.imo-official.org/results/individual/year/2003/
Mathematics,IMO,2003,Dirk Basson,SAF,Bronze,,https://www.imo-official.org/results/contestant/6604/,https://www.imo-official.org/results/individual/year/2003/
Mathematics,IMO,2003,Michal Burger,SVK,Bronze,,https://www.imo-official.org/results/contestant/7071/,https://www.imo-official.org/results/individual/year/2003/
Mathematics,IMO,2003,František Simančík,SVK,Bronze,,https://www.imo-official.org/results/contestant/7569/,https://www.imo-official.org/results/individual/year/2003/
Mathematics,IMO,2003,Nithi Rungthanapirom,THA,Bronze,,https://www.imo-official.org/results/contestant/7570/,https://www.imo-official.org/results/individual/year/2003/
Mathematics,IMO,2003,Aziz Jurakulov,UZB,Bronze,,https://www.imo-official.org/results/contestant/7146/,https://www.imo-official.org/results/individual/year/2003/
Mathematics,IMO,2004,Jacob Tsimerman,CAN,Gold,,https://www.imo-official.org/results/contestant/7387/,https://www.imo-official.org/results/individual/year/2004/
Mathematics,IMO,2004,Béla András Rácz,HUN,Gold,,https://www.imo-official.org/results/contestant/6898/,https://www.imo-official.org/results/individual/year/2004/
Mathematics,IMO,2004,Andrey Badzyan,RUS,Gold,,https://www.imo-official.org/results/contestant/6888/,https://www.imo-official.org/results/individual/year/2004/
Mathematics,IMO,2004,Mikhail Dubashinskiy,RUS,Gold,,https://www.imo-official.org/results/contestant/6918/,https://www.imo-official.org/results/individual/year/2004/
Mathematics,IMO,2004,Zhiyi Huang,CHN,Gold,,https://www.imo-official.org/results/contestant/7823/,https://www.imo-official.org/results/individual/year/2004/
Mathematics,IMO,2004,Cheng-Chiang Tsai,TWN,Gold,,https://www.imo-official.org/results/contestant/7824/,https://www.imo-official.org/results/individual/year/2004/
Mathematics,IMO,2004,Andrei Negut,ROU,Gold,,https://www.imo-official.org/results/contestant/6931/,https://www.imo-official.org/results/individual/year/2004/
Mathematics,IMO,2004,Oleg Gol'berg,USA,Gold,,https://www.imo-official.org/results/contestant/6889/,https://www.imo-official.org/results/individual/year/2004/
Mathematics,IMO,2004,Qingsan Zhu,CHN,Gold,,https://www.imo-official.org/results/contestant/7827/,https://www.imo-official.org/results/individual/year/2004/
Mathematics,IMO,2004,Mikhail Isaev,RUS,Gold,,https://www.imo-official.org/results/contestant/7828/,https://www.imo-official.org/results/individual/year/2004/
Mathematics,IMO,2004,Tiankai Liu,USA,Gold,,https://www.imo-official.org/results/contestant/6446/,https://www.imo-official.org/results/individual/year/2004/
Mathematics,IMO,2004,Xianying Li,CHN,Gold,,https://www.imo-official.org/results/contestant/7830/,https://www.imo-official.org/results/individual/year/2004/
Mathematics,IMO,2004,Kuat Yessenov,KAZ,Gold,,https://www.imo-official.org/results/contestant/6950/,https://www.imo-official.org/results/individual/year/2004/
Mathematics,IMO,2004,Aaron Pixton,USA,Gold,,https://www.imo-official.org/results/contestant/7382/,https://www.imo-official.org/results/individual/year/2004/
Mathematics,IMO,2004,Hùng Phạm Kim,VNM,Gold,,https://www.imo-official.org/results/contestant/7833/,https://www.imo-official.org/results/individual/year/2004/
Mathematics,IMO,2004,Rosen Dimitrov Kralev,BGR,Gold,,https://www.imo-official.org/results/contestant/7370/,https://www.imo-official.org/results/individual/year/2004/
Mathematics,IMO,2004,Lozan Ivanov,BGR,Gold,,https://www.imo-official.org/results/contestant/7835/,https://www.imo-official.org/results/individual/year/2004/
Mathematics,IMO,2004,Galyna Dobrovolska,UKR,Gold,,https://www.imo-official.org/results/contestant/7556/,https://www.imo-official.org/results/individual/year/2004/
Mathematics,IMO,2004,Bảo Lê Hùng Việt,VNM,Gold,,https://www.imo-official.org/results/contestant/7363/,https://www.imo-official.org/results/individual/year/2004/
Mathematics,IMO,2004,Artur Kirkorian,BGR,Gold,,https://www.imo-official.org/results/contestant/7838/,https://www.imo-official.org/results/individual/year/2004/
Mathematics,IMO,2004,Yuncheng Lin,CHN,Gold,,https://www.imo-official.org/results/contestant/7839/,https://www.imo-official.org/results/individual/year/2004/
Mathematics,IMO,2004,Minyu Peng,CHN,Gold,,https://www.imo-official.org/results/contestant/7840/,https://www.imo-official.org/results/individual/year/2004/
Mathematics,IMO,2004,Péter Pál Pach,HUN,Gold,,https://www.imo-official.org/results/contestant/7420/,https://www.imo-official.org/results/individual/year/2004/
Mathematics,IMO,2004,Seung Myung Lee,KOR,Gold,,https://www.imo-official.org/results/contestant/7842/,https://www.imo-official.org/results/individual/year/2004/
Mathematics,IMO,2004,Nadejda Petukhova,RUS,Gold,,https://www.imo-official.org/results/contestant/7843/,https://www.imo-official.org/results/individual/year/2004/
Mathematics,IMO,2004,Son Nguyễn Kim,VNM,Gold,,https://www.imo-official.org/results/contestant/7844/,https://www.imo-official.org/results/individual/year/2004/
Mathematics,IMO,2004,Trứồng Nguyễn Minh,VNM,Gold,,https://www.imo-official.org/results/contestant/7845/,https://www.imo-official.org/results/individual/year/2004/
Mathematics,IMO,2004,Yue Yang,ARG,Gold,,https://www.imo-official.org/results/contestant/7083/,https://www.imo-official.org/results/individual/year/2004/
Mathematics,IMO,2004,Shiwu Yang,CHN,Gold,,https://www.imo-official.org/results/contestant/7847/,https://www.imo-official.org/results/individual/year/2004/
Mathematics,IMO,2004,Alexey Entin,ISR,Gold,,https://www.imo-official.org/results/contestant/6101/,https://www.imo-official.org/results/individual/year/2004/
Mathematics,IMO,2004,Toshihiro Shimizu,JPN,Gold,,https://www.imo-official.org/results/contestant/7849/,https://www.imo-official.org/results/individual/year/2004/
Mathematics,IMO,2004,Iurie Boreico,MDA,Gold,,https://www.imo-official.org/results/contestant/7403/,https://www.imo-official.org/results/individual/year/2004/
Mathematics,IMO,2004,Behzad Mehrdad,IRN,Gold,,https://www.imo-official.org/results/contestant/7851/,https://www.imo-official.org/results/individual/year/2004/
Mathematics,IMO,2004,Masaki Nishimoto,JPN,Gold,,https://www.imo-official.org/results/contestant/7155/,https://www.imo-official.org/results/individual/year/2004/
Mathematics,IMO,2004,Michał Pilipczuk,POL,Gold,,https://www.imo-official.org/results/contestant/7853/,https://www.imo-official.org/results/individual/year/2004/
Mathematics,IMO,2004,Alison Miller,USA,Gold,,https://www.imo-official.org/results/contestant/7854/,https://www.imo-official.org/results/individual/year/2004/
Mathematics,IMO,2004,Tony Zhang,USA,Gold,,https://www.imo-official.org/results/contestant/7855/,https://www.imo-official.org/results/individual/year/2004/
Mathematics,IMO,2004,Ivan Guo,AUS,Gold,,https://www.imo-official.org/results/contestant/7543/,https://www.imo-official.org/results/individual/year/2004/
Mathematics,IMO,2004,Andrey Kim,KAZ,Gold,,https://www.imo-official.org/results/contestant/7857/,https://www.imo-official.org/results/individual/year/2004/
Mathematics,IMO,2004,Sung-Yoon Kim,KOR,Gold,,https://www.imo-official.org/results/contestant/7858/,https://www.imo-official.org/results/individual/year/2004/
Mathematics,IMO,2004,Alexandr Zamorzaev-Orleanschii,MDA,Gold,,https://www.imo-official.org/results/contestant/7859/,https://www.imo-official.org/results/individual/year/2004/
Mathematics,IMO,2004,Kamil Duszenko,POL,Gold,,https://www.imo-official.org/results/contestant/7702/,https://www.imo-official.org/results/individual/year/2004/
Mathematics,IMO,2004,Hsin-Yu Chao,TWN,Gold,,https://www.imo-official.org/results/contestant/7482/,https://www.imo-official.org/results/individual/year/2004/
Mathematics,IMO,2004,Daw-Sen Hwang,TWN,Gold,,https://www.imo-official.org/results/contestant/7458/,https://www.imo-official.org/results/individual/year/2004/
Mathematics,IMO,2004,Paul Jefferys,UNK,Gold,,https://www.imo-official.org/results/contestant/6650/,https://www.imo-official.org/results/individual/year/2004/
Mathematics,IMO,2004,Ivan Dimitrov Dimitrov,BGR,Silver,,https://www.imo-official.org/results/contestant/7865/,https://www.imo-official.org/results/individual/year/2004/
Mathematics,IMO,2004,Igor Khrol,BLR,Silver,,https://www.imo-official.org/results/contestant/7433/,https://www.imo-official.org/results/individual/year/2004/
Mathematics,IMO,2004,Pascual Restrepo Mesa,COL,Silver,,https://www.imo-official.org/results/contestant/7560/,https://www.imo-official.org/results/individual/year/2004/
Mathematics,IMO,2004,Peter Scholze,GER,Silver,,https://www.imo-official.org/results/contestant/7867/,https://www.imo-official.org/results/individual/year/2004/
Mathematics,IMO,2004,Tamás Hubai,HUN,Silver,,https://www.imo-official.org/results/contestant/7868/,https://www.imo-official.org/results/individual/year/2004/
Mathematics,IMO,2004,Ali Akbar Daemi,IRN,Silver,,https://www.imo-official.org/results/contestant/7869/,https://www.imo-official.org/results/individual/year/2004/
Mathematics,IMO,2004,Mohamad Bagher Iraji,IRN,Silver,,https://www.imo-official.org/results/contestant/7870/,https://www.imo-official.org/results/individual/year/2004/
Mathematics,IMO,2004,Gerelt Tserenjigmid,MNG,Silver,,https://www.imo-official.org/results/contestant/7068/,https://www.imo-official.org/results/individual/year/2004/
Mathematics,IMO,2004,Marko Radovanović,SCG,Silver,,https://www.imo-official.org/results/contestant/7426/,https://www.imo-official.org/results/individual/year/2004/
Mathematics,IMO,2004,Anton Lunov,UKR,Silver,,https://www.imo-official.org/results/contestant/7874/,https://www.imo-official.org/results/individual/year/2004/
Mathematics,IMO,2004,Oleksandr Tsymbalyuk,UKR,Silver,,https://www.imo-official.org/results/contestant/7873/,https://www.imo-official.org/results/individual/year/2004/
Mathematics,IMO,2004,Matt Ince,USA,Silver,,https://www.imo-official.org/results/contestant/7875/,https://www.imo-official.org/results/individual/year/2004/
Mathematics,IMO,2004,Stanislau Arkhipau,BLR,Silver,,https://www.imo-official.org/results/contestant/7487/,https://www.imo-official.org/results/individual/year/2004/
Mathematics,IMO,2004,Anand Deopurkar,IND,Silver,,https://www.imo-official.org/results/contestant/7490/,https://www.imo-official.org/results/individual/year/2004/
Mathematics,IMO,2004,Vipul Naik,IND,Silver,,https://www.imo-official.org/results/contestant/7421/,https://www.imo-official.org/results/individual/year/2004/
Mathematics,IMO,2004,Mohamad Gharakhani,IRN,Silver,,https://www.imo-official.org/results/contestant/7879/,https://www.imo-official.org/results/individual/year/2004/
Mathematics,IMO,2004,Kei Irie,JPN,Silver,,https://www.imo-official.org/results/contestant/7439/,https://www.imo-official.org/results/individual/year/2004/
Mathematics,IMO,2004,Yuya Matsumoto,JPN,Silver,,https://www.imo-official.org/results/contestant/7881/,https://www.imo-official.org/results/individual/year/2004/
Mathematics,IMO,2004,Cristian Gratie,ROU,Silver,,https://www.imo-official.org/results/contestant/7882/,https://www.imo-official.org/results/individual/year/2004/
Mathematics,IMO,2004,Aleksandar Dimitrov Lishkov,BGR,Silver,,https://www.imo-official.org/results/contestant/6455/,https://www.imo-official.org/results/individual/year/2004/
Mathematics,IMO,2004,Gabriel Tavares Bujokas,BRA,Silver,,https://www.imo-official.org/results/contestant/7883/,https://www.imo-official.org/results/individual/year/2004/
Mathematics,IMO,2004,Christian Sattler,GER,Silver,,https://www.imo-official.org/results/contestant/7885/,https://www.imo-official.org/results/individual/year/2004/
Mathematics,IMO,2004,Albert Tihamér Kocsis,HUN,Silver,,https://www.imo-official.org/results/contestant/7508/,https://www.imo-official.org/results/individual/year/2004/
Mathematics,IMO,2004,Alexander Kemarsky,ISR,Silver,,https://www.imo-official.org/results/contestant/7422/,https://www.imo-official.org/results/individual/year/2004/
Mathematics,IMO,2004,Yong Sue Song,KOR,Silver,,https://www.imo-official.org/results/contestant/7888/,https://www.imo-official.org/results/individual/year/2004/
Mathematics,IMO,2004,Andrei Ştefănescu,ROU,Silver,,https://www.imo-official.org/results/contestant/7413/,https://www.imo-official.org/results/individual/year/2004/
Mathematics,IMO,2004,Shinn-Yih Huang,TWN,Silver,,https://www.imo-official.org/results/contestant/7890/,https://www.imo-official.org/results/individual/year/2004/
Mathematics,IMO,2004,Li-Ping Mo,TWN,Silver,,https://www.imo-official.org/results/contestant/7891/,https://www.imo-official.org/results/individual/year/2004/
Mathematics,IMO,2004,Roland Paulin,HUN,Silver,,https://www.imo-official.org/results/contestant/7892/,https://www.imo-official.org/results/individual/year/2004/
Mathematics,IMO,2004,Toshiki Kataoka,JPN,Silver,,https://www.imo-official.org/results/contestant/7893/,https://www.imo-official.org/results/individual/year/2004/
Mathematics,IMO,2004,Sherry Gong,PRI,Silver,,https://www.imo-official.org/results/contestant/7209/,https://www.imo-official.org/results/individual/year/2004/
Mathematics,IMO,2004,Andrei-Bogdan Ungureanu,ROU,Silver,,https://www.imo-official.org/results/contestant/7895/,https://www.imo-official.org/results/individual/year/2004/
Mathematics,IMO,2004,Milan Novaković,SCG,Silver,,https://www.imo-official.org/results/contestant/7624/,https://www.imo-official.org/results/individual/year/2004/
Mathematics,IMO,2004,Joel Tay Wei En,SGP,Silver,,https://www.imo-official.org/results/contestant/7897/,https://www.imo-official.org/results/individual/year/2004/
Mathematics,IMO,2004,Volodymyr Chelnokov,UKR,Silver,,https://www.imo-official.org/results/contestant/7898/,https://www.imo-official.org/results/individual/year/2004/
Mathematics,IMO,2004,Dimitar Nedelchev Simeonov,BGR,Silver,,https://www.imo-official.org/results/contestant/7900/,https://www.imo-official.org/results/individual/year/2004/
Mathematics,IMO,2004,Uladzimir Kokarau,BLR,Silver,,https://www.imo-official.org/results/contestant/7500/,https://www.imo-official.org/results/individual/year/2004/
Mathematics,IMO,2004,Darij Grinberg,GER,Silver,,https://www.imo-official.org/results/contestant/7901/,https://www.imo-official.org/results/individual/year/2004/
Mathematics,IMO,2004,Minas Pagonakis,HEL,Silver,,https://www.imo-official.org/results/contestant/7902/,https://www.imo-official.org/results/individual/year/2004/
Mathematics,IMO,2004,Tsz Chiu Kwok,HKG,Silver,,https://www.imo-official.org/results/contestant/7436/,https://www.imo-official.org/results/individual/year/2004/
Mathematics,IMO,2004,Adel Javanmard,IRN,Silver,,https://www.imo-official.org/results/contestant/7904/,https://www.imo-official.org/results/individual/year/2004/
Mathematics,IMO,2004,Tsukasa Kuribayashi,JPN,Silver,,https://www.imo-official.org/results/contestant/7905/,https://www.imo-official.org/results/individual/year/2004/
Mathematics,IMO,2004,Mateusz Michalek,POL,Silver,,https://www.imo-official.org/results/contestant/7906/,https://www.imo-official.org/results/individual/year/2004/
Mathematics,IMO,2004,Gabriel-Emanuel Kreindler,ROU,Silver,,https://www.imo-official.org/results/contestant/7449/,https://www.imo-official.org/results/individual/year/2004/
Mathematics,IMO,2004,Kerim Yasin Oktay,TUR,Silver,,https://www.imo-official.org/results/contestant/7908/,https://www.imo-official.org/results/individual/year/2004/
Mathematics,IMO,2004,Kun-Chieh Wang,TWN,Silver,,https://www.imo-official.org/results/contestant/7909/,https://www.imo-official.org/results/individual/year/2004/
Mathematics,IMO,2004,Thinh Nguyễn Đức,VNM,Silver,,https://www.imo-official.org/results/contestant/7910/,https://www.imo-official.org/results/individual/year/2004/
Mathematics,IMO,2004,Arne Smeets,BEL,Silver,,https://www.imo-official.org/results/contestant/7608/,https://www.imo-official.org/results/individual/year/2004/
Mathematics,IMO,2004,Rafael Daigo Hirama,BRA,Silver,,https://www.imo-official.org/results/contestant/7594/,https://www.imo-official.org/results/individual/year/2004/
Mathematics,IMO,2004,Juan Ignacio Restrepo Lozano,COL,Silver,,https://www.imo-official.org/results/contestant/7559/,https://www.imo-official.org/results/individual/year/2004/
Mathematics,IMO,2004,František Konopecký,CZE,Silver,,https://www.imo-official.org/results/contestant/7914/,https://www.imo-official.org/results/individual/year/2004/
Mathematics,IMO,2004,Erfan Salavati,IRN,Silver,,https://www.imo-official.org/results/contestant/7915/,https://www.imo-official.org/results/individual/year/2004/
Mathematics,IMO,2004,Tamara von Glehn,SAF,Silver,,https://www.imo-official.org/results/contestant/7184/,https://www.imo-official.org/results/individual/year/2004/
Mathematics,IMO,2004,Nam Hứa Khắc,VNM,Silver,,https://www.imo-official.org/results/contestant/7918/,https://www.imo-official.org/results/individual/year/2004/
Mathematics,IMO,2004,Aliaksei Levin,BLR,Silver,,https://www.imo-official.org/results/contestant/7919/,https://www.imo-official.org/results/individual/year/2004/
Mathematics,IMO,2004,Tat Chi Chung,HKG,Silver,,https://www.imo-official.org/results/contestant/7581/,https://www.imo-official.org/results/individual/year/2004/
Mathematics,IMO,2004,Kshipra Bhavalkar,IND,Silver,,https://www.imo-official.org/results/contestant/7921/,https://www.imo-official.org/results/individual/year/2004/
Mathematics,IMO,2004,Doo Sung Park,KOR,Silver,,https://www.imo-official.org/results/contestant/7922/,https://www.imo-official.org/results/individual/year/2004/
Mathematics,IMO,2004,Marc Kaufmann,LUX,Silver,,https://www.imo-official.org/results/contestant/7252/,https://www.imo-official.org/results/individual/year/2004/
Mathematics,IMO,2004,Sainbayar Sukhbaatar,MNG,Silver,,https://www.imo-official.org/results/contestant/7022/,https://www.imo-official.org/results/individual/year/2004/
Mathematics,IMO,2004,Igor Shnurnikov,RUS,Silver,,https://www.imo-official.org/results/contestant/7926/,https://www.imo-official.org/results/individual/year/2004/
Mathematics,IMO,2004,Jon Bradley Smit,SAF,Silver,,https://www.imo-official.org/results/contestant/7719/,https://www.imo-official.org/results/individual/year/2004/
Mathematics,IMO,2004,Kenneth Tay Jingyi,SGP,Silver,,https://www.imo-official.org/results/contestant/7927/,https://www.imo-official.org/results/individual/year/2004/
Mathematics,IMO,2004,František Simančík,SVK,Silver,,https://www.imo-official.org/results/contestant/7569/,https://www.imo-official.org/results/individual/year/2004/
Mathematics,IMO,2004,Tomáš Váňa,SVK,Silver,,https://www.imo-official.org/results/contestant/7555/,https://www.imo-official.org/results/individual/year/2004/
Mathematics,IMO,2004,Fatih Ölmez,TUR,Silver,,https://www.imo-official.org/results/contestant/7629/,https://www.imo-official.org/results/individual/year/2004/
Mathematics,IMO,2004,Laurence Field,AUS,Silver,,https://www.imo-official.org/results/contestant/7430/,https://www.imo-official.org/results/individual/year/2004/
Mathematics,IMO,2004,Javid Habibov,AZE,Silver,,https://www.imo-official.org/results/contestant/7177/,https://www.imo-official.org/results/individual/year/2004/
Mathematics,IMO,2004,Jan Moláček,CZE,Silver,,https://www.imo-official.org/results/contestant/7031/,https://www.imo-official.org/results/individual/year/2004/
Mathematics,IMO,2004,Stergios Antonakoudis,HEL,Silver,,https://www.imo-official.org/results/contestant/7934/,https://www.imo-official.org/results/individual/year/2004/
Mathematics,IMO,2004,Rohit Joshi,IND,Silver,,https://www.imo-official.org/results/contestant/7935/,https://www.imo-official.org/results/individual/year/2004/
Mathematics,IMO,2004,Ganbat Atarsaikhan,MNG,Silver,,https://www.imo-official.org/results/contestant/7604/,https://www.imo-official.org/results/individual/year/2004/
Mathematics,IMO,2004,Dirk Basson,SAF,Silver,,https://www.imo-official.org/results/contestant/6604/,https://www.imo-official.org/results/individual/year/2004/
Mathematics,IMO,2004,Ondrej Budáč,SVK,Silver,,https://www.imo-official.org/results/contestant/7938/,https://www.imo-official.org/results/individual/year/2004/
Mathematics,IMO,2004,Roman Cheplyaka,UKR,Silver,,https://www.imo-official.org/results/contestant/7939/,https://www.imo-official.org/results/individual/year/2004/
Mathematics,IMO,2004,Vasyl Kuznetsov,UKR,Silver,,https://www.imo-official.org/results/contestant/7940/,https://www.imo-official.org/results/individual/year/2004/
Mathematics,IMO,2004,David Fidler,UNK,Silver,,https://www.imo-official.org/results/contestant/7497/,https://www.imo-official.org/results/individual/year/2004/
Mathematics,IMO,2004,Alex Hua,AUS,Bronze,,https://www.imo-official.org/results/contestant/7942/,https://www.imo-official.org/results/individual/year/2004/
Mathematics,IMO,2004,Jaromír Kuben,CZE,Bronze,,https://www.imo-official.org/results/contestant/7503/,https://www.imo-official.org/results/individual/year/2004/
Mathematics,IMO,2004,Aleksandre Lomadze,GEO,Bronze,,https://www.imo-official.org/results/contestant/7944/,https://www.imo-official.org/results/individual/year/2004/
Mathematics,IMO,2004,Irakli Merabishvili,GEO,Bronze,,https://www.imo-official.org/results/contestant/7945/,https://www.imo-official.org/results/individual/year/2004/
Mathematics,IMO,2004,Avtandil Rukhadze,GEO,Bronze,,https://www.imo-official.org/results/contestant/7946/,https://www.imo-official.org/results/individual/year/2004/
Mathematics,IMO,2004,Marios Papamichalis,HEL,Bronze,,https://www.imo-official.org/results/contestant/7947/,https://www.imo-official.org/results/individual/year/2004/
Mathematics,IMO,2004,Anupam Prakash,IND,Bronze,,https://www.imo-official.org/results/contestant/7948/,https://www.imo-official.org/results/individual/year/2004/
Mathematics,IMO,2004,Fiachra Knox,IRL,Bronze,,https://www.imo-official.org/results/contestant/7771/,https://www.imo-official.org/results/individual/year/2004/
Mathematics,IMO,2004,Eran Assaf,ISR,Bronze,,https://www.imo-official.org/results/contestant/6119/,https://www.imo-official.org/results/individual/year/2004/
Mathematics,IMO,2004,Damir Yeliusizov,KAZ,Bronze,,https://www.imo-official.org/results/contestant/7951/,https://www.imo-official.org/results/individual/year/2004/
Mathematics,IMO,2004,Young Hun Jung,KOR,Bronze,,https://www.imo-official.org/results/contestant/7952/,https://www.imo-official.org/results/individual/year/2004/
Mathematics,IMO,2004,Kuan Kio Ngai,MAC,Bronze,,https://www.imo-official.org/results/contestant/7109/,https://www.imo-official.org/results/individual/year/2004/
Mathematics,IMO,2004,Simion Filip,MDA,Bronze,,https://www.imo-official.org/results/contestant/7955/,https://www.imo-official.org/results/individual/year/2004/
Mathematics,IMO,2004,Marco Antonio Figueroa Ibarra,MEX,Bronze,,https://www.imo-official.org/results/contestant/7476/,https://www.imo-official.org/results/individual/year/2004/
Mathematics,IMO,2004,Jakub Kallas,POL,Bronze,,https://www.imo-official.org/results/contestant/7956/,https://www.imo-official.org/results/individual/year/2004/
Mathematics,IMO,2004,Dmitry Permyakov,RUS,Bronze,,https://www.imo-official.org/results/contestant/7957/,https://www.imo-official.org/results/individual/year/2004/
Mathematics,IMO,2004,Markus Sprecher,SUI,Bronze,,https://www.imo-official.org/results/contestant/7722/,https://www.imo-official.org/results/individual/year/2004/
Mathematics,IMO,2004,Giles Coope,UNK,Bronze,,https://www.imo-official.org/results/contestant/7959/,https://www.imo-official.org/results/individual/year/2004/
Mathematics,IMO,2004,Zafar Jumaev,UZB,Bronze,,https://www.imo-official.org/results/contestant/7960/,https://www.imo-official.org/results/individual/year/2004/
Mathematics,IMO,2004,Alexandr Tarasyuk,BLR,Bronze,,https://www.imo-official.org/results/contestant/7961/,https://www.imo-official.org/results/individual/year/2004/
Mathematics,IMO,2004,János Kramár,CAN,Bronze,,https://www.imo-official.org/results/contestant/7657/,https://www.imo-official.org/results/individual/year/2004/
Mathematics,IMO,2004,Peng Shi,CAN,Bronze,,https://www.imo-official.org/results/contestant/7963/,https://www.imo-official.org/results/individual/year/2004/
Mathematics,IMO,2004,Vítězslav Kala,CZE,Bronze,,https://www.imo-official.org/results/contestant/7119/,https://www.imo-official.org/results/individual/year/2004/
Mathematics,IMO,2004,Lauri Ahlroth,FIN,Bronze,,https://www.imo-official.org/results/contestant/7965/,https://www.imo-official.org/results/individual/year/2004/
Mathematics,IMO,2004,Chiu Fai Tang,HKG,Bronze,,https://www.imo-official.org/results/contestant/7966/,https://www.imo-official.org/results/individual/year/2004/
Mathematics,IMO,2004,Attila Egri,HUN,Bronze,,https://www.imo-official.org/results/contestant/7967/,https://www.imo-official.org/results/individual/year/2004/
Mathematics,IMO,2004,Yehonatan Yedidia,ISR,Bronze,,https://www.imo-official.org/results/contestant/7035/,https://www.imo-official.org/results/individual/year/2004/
Mathematics,IMO,2004,Nurdin Takenov,KGZ,Bronze,,https://www.imo-official.org/results/contestant/7327/,https://www.imo-official.org/results/individual/year/2004/
Mathematics,IMO,2004,Se Ik Jo,KOR,Bronze,,https://www.imo-official.org/results/contestant/7970/,https://www.imo-official.org/results/individual/year/2004/
Mathematics,IMO,2004,Sugardorj Chagnaadorj,MNG,Bronze,,https://www.imo-official.org/results/contestant/7971/,https://www.imo-official.org/results/individual/year/2004/
Mathematics,IMO,2004,Adrian-Ioan Zahariuc,ROU,Bronze,,https://www.imo-official.org/results/contestant/7972/,https://www.imo-official.org/results/individual/year/2004/
Mathematics,IMO,2004,Aleksandar Pejčev,SCG,Bronze,,https://www.imo-official.org/results/contestant/7466/,https://www.imo-official.org/results/individual/year/2004/
Mathematics,IMO,2004,Jia Min Charmaine Sia,SGP,Bronze,,https://www.imo-official.org/results/contestant/7538/,https://www.imo-official.org/results/individual/year/2004/
Mathematics,IMO,2004,Wuttisak Trongsiriwat,THA,Bronze,,https://www.imo-official.org/results/contestant/7975/,https://www.imo-official.org/results/individual/year/2004/
Mathematics,IMO,2004,Martin Orr,UNK,Bronze,,https://www.imo-official.org/results/contestant/7467/,https://www.imo-official.org/results/individual/year/2004/
Mathematics,IMO,2004,Vardan Voskanyan,ARM,Bronze,,https://www.imo-official.org/results/contestant/7977/,https://www.imo-official.org/results/individual/year/2004/
Mathematics,IMO,2004,Thiago Costa Leite Santos,BRA,Bronze,,https://www.imo-official.org/results/contestant/7979/,https://www.imo-official.org/results/individual/year/2004/
Mathematics,IMO,2004,Fábio Dias Moreira,BRA,Bronze,,https://www.imo-official.org/results/contestant/7460/,https://www.imo-official.org/results/individual/year/2004/
Mathematics,IMO,2004,Santiago Saavedra Pineda,COL,Bronze,,https://www.imo-official.org/results/contestant/7179/,https://www.imo-official.org/results/individual/year/2004/
Mathematics,IMO,2004,Sofoklis Zambirinis,CYP,Bronze,,https://www.imo-official.org/results/contestant/6671/,https://www.imo-official.org/results/individual/year/2004/
Mathematics,IMO,2004,Stefanos Aretakis,HEL,Bronze,,https://www.imo-official.org/results/contestant/7125/,https://www.imo-official.org/results/individual/year/2004/
Mathematics,IMO,2004,Daniyar Kelbetov,KAZ,Bronze,,https://www.imo-official.org/results/contestant/7983/,https://www.imo-official.org/results/individual/year/2004/
Mathematics,IMO,2004,Yassine El Harti,MAR,Bronze,,https://www.imo-official.org/results/contestant/7689/,https://www.imo-official.org/results/individual/year/2004/
Mathematics,IMO,2004,Heather Rose Macbeth,NZL,Bronze,,https://www.imo-official.org/results/contestant/7985/,https://www.imo-official.org/results/individual/year/2004/
Mathematics,IMO,2004,Elnur Emrah,TUR,Bronze,,https://www.imo-official.org/results/contestant/7986/,https://www.imo-official.org/results/individual/year/2004/
Mathematics,IMO,2004,Daniel Nadasi,AUS,Bronze,,https://www.imo-official.org/results/contestant/7459/,https://www.imo-official.org/results/individual/year/2004/
Mathematics,IMO,2004,Birgit Vera Schmidt,AUT,Bronze,,https://www.imo-official.org/results/contestant/7988/,https://www.imo-official.org/results/individual/year/2004/
Mathematics,IMO,2004,Martin Wedel Jacobsen,DEN,Bronze,,https://www.imo-official.org/results/contestant/7195/,https://www.imo-official.org/results/individual/year/2004/
Mathematics,IMO,2004,Ivane Gokadze,GEO,Bronze,,https://www.imo-official.org/results/contestant/7579/,https://www.imo-official.org/results/individual/year/2004/
Mathematics,IMO,2004,George Orvelashvili,GEO,Bronze,,https://www.imo-official.org/results/contestant/7505/,https://www.imo-official.org/results/individual/year/2004/
Mathematics,IMO,2004,Theofanis Papamichalis,HEL,Bronze,,https://www.imo-official.org/results/contestant/7992/,https://www.imo-official.org/results/individual/year/2004/
Mathematics,IMO,2004,Egor Shelukhin,ISR,Bronze,,https://www.imo-official.org/results/contestant/7993/,https://www.imo-official.org/results/individual/year/2004/
Mathematics,IMO,2004,Luca Barbieri,ITA,Bronze,,https://www.imo-official.org/results/contestant/7585/,https://www.imo-official.org/results/individual/year/2004/
Mathematics,IMO,2004,Artūrs Verza,LVA,Bronze,,https://www.imo-official.org/results/contestant/6712/,https://www.imo-official.org/results/individual/year/2004/
Mathematics,IMO,2004,Hamid Ben Moussa,MAR,Bronze,,https://www.imo-official.org/results/contestant/7996/,https://www.imo-official.org/results/individual/year/2004/
Mathematics,IMO,2004,Carlos Vargas Obieta,MEX,Bronze,,https://www.imo-official.org/results/contestant/7758/,https://www.imo-official.org/results/individual/year/2004/
Mathematics,IMO,2004,Sergio Eduardo Vera Patino,PER,Bronze,,https://www.imo-official.org/results/contestant/7606/,https://www.imo-official.org/results/individual/year/2004/
Mathematics,IMO,2004,Đorđe Baralić,SCG,Bronze,,https://www.imo-official.org/results/contestant/7999/,https://www.imo-official.org/results/individual/year/2004/
Mathematics,IMO,2004,Uroš Rajković,SCG,Bronze,,https://www.imo-official.org/results/contestant/8000/,https://www.imo-official.org/results/individual/year/2004/
Mathematics,IMO,2004,Anand Bharathwaj Rajagopalan,SGP,Bronze,,https://www.imo-official.org/results/contestant/8001/,https://www.imo-official.org/results/individual/year/2004/
Mathematics,IMO,2004,Gašper Zadnik,SVN,Bronze,,https://www.imo-official.org/results/contestant/8002/,https://www.imo-official.org/results/individual/year/2004/
Mathematics,IMO,2004,Valentina Chapovalova,SWE,Bronze,,https://www.imo-official.org/results/contestant/7100/,https://www.imo-official.org/results/individual/year/2004/
Mathematics,IMO,2004,Said Tunç,TUR,Bronze,,https://www.imo-official.org/results/contestant/8004/,https://www.imo-official.org/results/individual/year/2004/
Mathematics,IMO,2004,Gjergji Zaimi,ALB,Bronze,,https://www.imo-official.org/results/contestant/7630/,https://www.imo-official.org/results/individual/year/2004/
Mathematics,IMO,2004,Pavel Irzhauski,BLR,Bronze,,https://www.imo-official.org/results/contestant/7709/,https://www.imo-official.org/results/individual/year/2004/
Mathematics,IMO,2004,Henry Wei Cheng Hsu,BRA,Bronze,,https://www.imo-official.org/results/contestant/8007/,https://www.imo-official.org/results/individual/year/2004/
Mathematics,IMO,2004,Jonathan Montano Martinez,COL,Bronze,,https://www.imo-official.org/results/contestant/7595/,https://www.imo-official.org/results/individual/year/2004/
Mathematics,IMO,2004,Raphael Beuzart-Plessis,FRA,Bronze,,https://www.imo-official.org/results/contestant/7547/,https://www.imo-official.org/results/individual/year/2004/
Mathematics,IMO,2004,Rudi Mrazović,HRV,Bronze,,https://www.imo-official.org/results/contestant/7471/,https://www.imo-official.org/results/individual/year/2004/
Mathematics,IMO,2004,Abhishek Hemantkumar Dang,IND,Bronze,,https://www.imo-official.org/results/contestant/8011/,https://www.imo-official.org/results/individual/year/2004/
Mathematics,IMO,2004,Yuri Burda,ISR,Bronze,,https://www.imo-official.org/results/contestant/8012/,https://www.imo-official.org/results/individual/year/2004/
Mathematics,IMO,2004,Carlo Maria Rosati,ITA,Bronze,,https://www.imo-official.org/results/contestant/8013/,https://www.imo-official.org/results/individual/year/2004/
Mathematics,IMO,2004,Tin Lam Ng,MAC,Bronze,,https://www.imo-official.org/results/contestant/7733/,https://www.imo-official.org/results/individual/year/2004/
Mathematics,IMO,2004,Héctor Daniel García Lara,MEX,Bronze,,https://www.imo-official.org/results/contestant/8015/,https://www.imo-official.org/results/individual/year/2004/
Mathematics,IMO,2004,David Emmanuel Uribe Gavilano,PER,Bronze,,https://www.imo-official.org/results/contestant/7776/,https://www.imo-official.org/results/individual/year/2004/
Mathematics,IMO,2004,Johan Bredberg,SWE,Bronze,,https://www.imo-official.org/results/contestant/7785/,https://www.imo-official.org/results/individual/year/2004/
Mathematics,IMO,2004,Timothée Marquis,BEL,Bronze,,https://www.imo-official.org/results/contestant/7656/,https://www.imo-official.org/results/individual/year/2004/
Mathematics,IMO,2004,Yufei Zhao,CAN,Bronze,,https://www.imo-official.org/results/contestant/8019/,https://www.imo-official.org/results/individual/year/2004/
Mathematics,IMO,2004,Maite Peña Alcaraz,ESP,Bronze,,https://www.imo-official.org/results/contestant/7611/,https://www.imo-official.org/results/individual/year/2004/
Mathematics,IMO,2004,Pierre Bertin,FRA,Bronze,,https://www.imo-official.org/results/contestant/8021/,https://www.imo-official.org/results/individual/year/2004/
Mathematics,IMO,2004,Antony Lee,FRA,Bronze,,https://www.imo-official.org/results/contestant/8022/,https://www.imo-official.org/results/individual/year/2004/
Mathematics,IMO,2004,Yun Kuen Cheung,HKG,Bronze,,https://www.imo-official.org/results/contestant/8023/,https://www.imo-official.org/results/individual/year/2004/
Mathematics,IMO,2004,Hendra Suratno Tju,IDN,Bronze,,https://www.imo-official.org/results/contestant/6743/,https://www.imo-official.org/results/individual/year/2004/
Mathematics,IMO,2004,Kamal Armel,MAR,Bronze,,https://www.imo-official.org/results/contestant/7669/,https://www.imo-official.org/results/individual/year/2004/
Mathematics,IMO,2004,Ivan Borsenco,MDA,Bronze,,https://www.imo-official.org/results/contestant/7513/,https://www.imo-official.org/results/individual/year/2004/
Mathematics,IMO,2004,Enkhbaatar Tsenguun,MNG,Bronze,,https://www.imo-official.org/results/contestant/8027/,https://www.imo-official.org/results/individual/year/2004/
Mathematics,IMO,2004,Chongli Daniel Chen,SGP,Bronze,,https://www.imo-official.org/results/contestant/8028/,https://www.imo-official.org/results/individual/year/2004/
Mathematics,IMO,2004,Saran Ahuja,THA,Bronze,,https://www.imo-official.org/results/contestant/7607/,https://www.imo-official.org/results/individual/year/2004/
Mathematics,IMO,2004,Lucas Andisco,ARG,Bronze,,https://www.imo-official.org/results/contestant/7788/,https://www.imo-official.org/results/individual/year/2004/
Mathematics,IMO,2004,Ramiro Lafuente,ARG,Bronze,,https://www.imo-official.org/results/contestant/8030/,https://www.imo-official.org/results/individual/year/2004/
Mathematics,IMO,2004,Arman Darbinyan,ARM,Bronze,,https://www.imo-official.org/results/contestant/8032/,https://www.imo-official.org/results/individual/year/2004/
Mathematics,IMO,2004,Haik Sedrakyan,ARM,Bronze,,https://www.imo-official.org/results/contestant/7234/,https://www.imo-official.org/results/individual/year/2004/
Mathematics,IMO,2004,Tigran Sloyan,ARM,Bronze,,https://www.imo-official.org/results/contestant/7681/,https://www.imo-official.org/results/individual/year/2004/
Mathematics,IMO,2004,Jorge E Moreira Broche,CUB,Bronze,,https://www.imo-official.org/results/contestant/8036/,https://www.imo-official.org/results/individual/year/2004/
Mathematics,IMO,2004,Igor Kortchemski,FRA,Bronze,,https://www.imo-official.org/results/contestant/8037/,https://www.imo-official.org/results/individual/year/2004/
Mathematics,IMO,2004,Annika Heckel,GER,Bronze,,https://www.imo-official.org/results/contestant/8038/,https://www.imo-official.org/results/individual/year/2004/
Mathematics,IMO,2004,Matija Bašić,HRV,Bronze,,https://www.imo-official.org/results/contestant/8035/,https://www.imo-official.org/results/individual/year/2004/
Mathematics,IMO,2004,Darren Chung Lee Ong,MAS,Bronze,,https://www.imo-official.org/results/contestant/7158/,https://www.imo-official.org/results/individual/year/2004/
Mathematics,IMO,2004,Andrei Galusca,MDA,Bronze,,https://www.imo-official.org/results/contestant/7671/,https://www.imo-official.org/results/individual/year/2004/
Mathematics,IMO,2004,Ingrid von Glehn,SAF,Bronze,,https://www.imo-official.org/results/contestant/7112/,https://www.imo-official.org/results/individual/year/2004/
Mathematics,IMO,2004,Nik Stopar,SVN,Bronze,,https://www.imo-official.org/results/contestant/7742/,https://www.imo-official.org/results/individual/year/2004/
Mathematics,IMO,2004,David Ericsson,SWE,Bronze,,https://www.imo-official.org/results/contestant/8043/,https://www.imo-official.org/results/individual/year/2004/
Mathematics,IMO,2004,Nithi Rungthanapirom,THA,Bronze,,https://www.imo-official.org/results/contestant/7570/,https://www.imo-official.org/results/individual/year/2004/
Mathematics,IMO,2004,Mergen Orazmuhammedov,TKM,Bronze,,https://www.imo-official.org/results/contestant/7360/,https://www.imo-official.org/results/individual/year/2004/
Mathematics,IMO,2004,Anne Marie Shepherd,UNK,Bronze,,https://www.imo-official.org/results/contestant/8046/,https://www.imo-official.org/results/individual/year/2004/
Mathematics,IMO,2004,David Frenay,BEL,Bronze,,https://www.imo-official.org/results/contestant/8047/,https://www.imo-official.org/results/individual/year/2004/
Mathematics,IMO,2004,Rafael Marini Silva,BRA,Bronze,,https://www.imo-official.org/results/contestant/8048/,https://www.imo-official.org/results/individual/year/2004/
Mathematics,IMO,2004,Juhan Aru,EST,Bronze,,https://www.imo-official.org/results/contestant/7578/,https://www.imo-official.org/results/individual/year/2004/
Mathematics,IMO,2004,Jaan Vajakas,EST,Bronze,,https://www.imo-official.org/results/contestant/7714/,https://www.imo-official.org/results/individual/year/2004/
Mathematics,IMO,2004,Goran Dražić,HRV,Bronze,,https://www.imo-official.org/results/contestant/8049/,https://www.imo-official.org/results/individual/year/2004/
Mathematics,IMO,2004,Liubomir Chiriac,MDA,Bronze,,https://www.imo-official.org/results/contestant/8053/,https://www.imo-official.org/results/individual/year/2004/
Mathematics,IMO,2004,Riste Stojanov,MKD,Bronze,,https://www.imo-official.org/results/contestant/8052/,https://www.imo-official.org/results/individual/year/2004/
Mathematics,IMO,2004,Jethro van Ekeren,NZL,Bronze,,https://www.imo-official.org/results/contestant/8054/,https://www.imo-official.org/results/individual/year/2004/
Mathematics,IMO,2004,Volodymyr Serbinenko,SUI,Bronze,,https://www.imo-official.org/results/contestant/8055/,https://www.imo-official.org/results/individual/year/2004/
Mathematics,IMO,2004,Natth Bejraburnin,THA,Bronze,,https://www.imo-official.org/results/contestant/8056/,https://www.imo-official.org/results/individual/year/2004/
Mathematics,IMO,2004,Batyr Atayev,TKM,Bronze,,https://www.imo-official.org/results/contestant/7213/,https://www.imo-official.org/results/individual/year/2004/
Mathematics,IMO,2004,Ata Firat Pir,TUR,Bronze,,https://www.imo-official.org/results/contestant/8058/,https://www.imo-official.org/results/individual/year/2004/
Mathematics,IMO,2004,Alexander Shannon,UNK,Bronze,,https://www.imo-official.org/results/contestant/8059/,https://www.imo-official.org/results/individual/year/2004/
Mathematics,IMO,2004,Jalol Qurbonov,UZB,Bronze,,https://www.imo-official.org/results/contestant/7699/,https://www.imo-official.org/results/individual/year/2004/
Mathematics,IMO,2004,Bekzod Tillaev,UZB,Bronze,,https://www.imo-official.org/results/contestant/8061/,https://www.imo-official.org/results/individual/year/2004/
Mathematics,IMO,2005,Rosen Dimitrov Kralev,BGR,Gold,,https://www.imo-official.org/results/contestant/7370/,https://www.imo-official.org/results/individual/year/2005/
Mathematics,IMO,2005,Aliaksei Levin,BLR,Gold,,https://www.imo-official.org/results/contestant/7919/,https://www.imo-official.org/results/individual/year/2005/
Mathematics,IMO,2005,Hangsheng Diao,CHN,Gold,,https://www.imo-official.org/results/contestant/8308/,https://www.imo-official.org/results/individual/year/2005/
Mathematics,IMO,2005,Ye Luo,CHN,Gold,,https://www.imo-official.org/results/contestant/8309/,https://www.imo-official.org/results/individual/year/2005/
Mathematics,IMO,2005,Qingchun Ren,CHN,Gold,,https://www.imo-official.org/results/contestant/8307/,https://www.imo-official.org/results/individual/year/2005/
Mathematics,IMO,2005,Xuancheng Shao,CHN,Gold,,https://www.imo-official.org/results/contestant/8310/,https://www.imo-official.org/results/individual/year/2005/
Mathematics,IMO,2005,Peter Scholze,GER,Gold,,https://www.imo-official.org/results/contestant/7867/,https://www.imo-official.org/results/individual/year/2005/
Mathematics,IMO,2005,Ali Akbar Daemi,IRN,Gold,,https://www.imo-official.org/results/contestant/7869/,https://www.imo-official.org/results/individual/year/2005/
Mathematics,IMO,2005,Toshiki Kataoka,JPN,Gold,,https://www.imo-official.org/results/contestant/7893/,https://www.imo-official.org/results/individual/year/2005/
Mathematics,IMO,2005,Tsukasa Kuribayashi,JPN,Gold,,https://www.imo-official.org/results/contestant/7905/,https://www.imo-official.org/results/individual/year/2005/
Mathematics,IMO,2005,Iurie Boreico,MDA,Gold,,https://www.imo-official.org/results/contestant/7403/,https://www.imo-official.org/results/individual/year/2005/
Mathematics,IMO,2005,Andrey Gavrilyuk,RUS,Gold,,https://www.imo-official.org/results/contestant/8316/,https://www.imo-official.org/results/individual/year/2005/
Mathematics,IMO,2005,Shinn-Yih Huang,TWN,Gold,,https://www.imo-official.org/results/contestant/7890/,https://www.imo-official.org/results/individual/year/2005/
Mathematics,IMO,2005,Cheng-Chiang Tsai,TWN,Gold,,https://www.imo-official.org/results/contestant/7824/,https://www.imo-official.org/results/individual/year/2005/
Mathematics,IMO,2005,Sergii Slobodianiuk,UKR,Gold,,https://www.imo-official.org/results/contestant/8319/,https://www.imo-official.org/results/individual/year/2005/
Mathematics,IMO,2005,Brian Lawrence,USA,Gold,,https://www.imo-official.org/results/contestant/8320/,https://www.imo-official.org/results/individual/year/2005/
Mathematics,IMO,2005,Alexander Magazinov,RUS,Gold,,https://www.imo-official.org/results/contestant/8321/,https://www.imo-official.org/results/individual/year/2005/
Mathematics,IMO,2005,Eric Price,USA,Gold,,https://www.imo-official.org/results/contestant/8322/,https://www.imo-official.org/results/individual/year/2005/
Mathematics,IMO,2005,Gabriel-Emanuel Kreindler,ROU,Gold,,https://www.imo-official.org/results/contestant/7449/,https://www.imo-official.org/results/individual/year/2005/
Mathematics,IMO,2005,Thomas Mildorf,USA,Gold,,https://www.imo-official.org/results/contestant/8324/,https://www.imo-official.org/results/individual/year/2005/
Mathematics,IMO,2005,Roland Paulin,HUN,Gold,,https://www.imo-official.org/results/contestant/7892/,https://www.imo-official.org/results/individual/year/2005/
Mathematics,IMO,2005,Roman Cheplyaka,UKR,Gold,,https://www.imo-official.org/results/contestant/7939/,https://www.imo-official.org/results/individual/year/2005/
Mathematics,IMO,2005,Gabriel Tavares Bujokas,BRA,Gold,,https://www.imo-official.org/results/contestant/7883/,https://www.imo-official.org/results/individual/year/2005/
Mathematics,IMO,2005,Yun Pui Tsoi,HKG,Gold,,https://www.imo-official.org/results/contestant/8328/,https://www.imo-official.org/results/individual/year/2005/
Mathematics,IMO,2005,Masaki Watanabe,JPN,Gold,,https://www.imo-official.org/results/contestant/8329/,https://www.imo-official.org/results/individual/year/2005/
Mathematics,IMO,2005,Doo Sung Park,KOR,Gold,,https://www.imo-official.org/results/contestant/7922/,https://www.imo-official.org/results/individual/year/2005/
Mathematics,IMO,2005,Dragoş-Ioan Michnea,ROU,Gold,,https://www.imo-official.org/results/contestant/8331/,https://www.imo-official.org/results/individual/year/2005/
Mathematics,IMO,2005,Andrei-Bogdan Ungureanu,ROU,Gold,,https://www.imo-official.org/results/contestant/7895/,https://www.imo-official.org/results/individual/year/2005/
Mathematics,IMO,2005,František Konopecký,CZE,Gold,,https://www.imo-official.org/results/contestant/7914/,https://www.imo-official.org/results/individual/year/2005/
Mathematics,IMO,2005,Won Ho Jeong,KOR,Gold,,https://www.imo-official.org/results/contestant/8335/,https://www.imo-official.org/results/individual/year/2005/
Mathematics,IMO,2005,Ju Gang Nam,KOR,Gold,,https://www.imo-official.org/results/contestant/8334/,https://www.imo-official.org/results/individual/year/2005/
Mathematics,IMO,2005,Nikita Kalinin,RUS,Gold,,https://www.imo-official.org/results/contestant/8336/,https://www.imo-official.org/results/individual/year/2005/
Mathematics,IMO,2005,Kun-Chieh Wang,TWN,Gold,,https://www.imo-official.org/results/contestant/7909/,https://www.imo-official.org/results/individual/year/2005/
Mathematics,IMO,2005,Robert T. Cordwell,USA,Gold,,https://www.imo-official.org/results/contestant/8338/,https://www.imo-official.org/results/individual/year/2005/
Mathematics,IMO,2005,Aleksandar Dimitrov Lishkov,BGR,Gold,,https://www.imo-official.org/results/contestant/6455/,https://www.imo-official.org/results/individual/year/2005/
Mathematics,IMO,2005,Yufei Zhao,CAN,Gold,,https://www.imo-official.org/results/contestant/8019/,https://www.imo-official.org/results/individual/year/2005/
Mathematics,IMO,2005,Jiayin Kang,CHN,Gold,,https://www.imo-official.org/results/contestant/8341/,https://www.imo-official.org/results/individual/year/2005/
Mathematics,IMO,2005,Balázs Strenner,HUN,Gold,,https://www.imo-official.org/results/contestant/8343/,https://www.imo-official.org/results/individual/year/2005/
Mathematics,IMO,2005,Morteza Saghafian,IRN,Gold,,https://www.imo-official.org/results/contestant/8344/,https://www.imo-official.org/results/individual/year/2005/
Mathematics,IMO,2005,Adrian-Ioan Zahariuc,ROU,Gold,,https://www.imo-official.org/results/contestant/7972/,https://www.imo-official.org/results/individual/year/2005/
Mathematics,IMO,2005,Pavel Kozlov,RUS,Gold,,https://www.imo-official.org/results/contestant/8346/,https://www.imo-official.org/results/individual/year/2005/
Mathematics,IMO,2005,Martin Orr,UNK,Gold,,https://www.imo-official.org/results/contestant/7467/,https://www.imo-official.org/results/individual/year/2005/
Mathematics,IMO,2005,Zsuzsanna Jankó,HUN,Silver,,https://www.imo-official.org/results/contestant/8347/,https://www.imo-official.org/results/individual/year/2005/
Mathematics,IMO,2005,Fiachra Knox,IRL,Silver,,https://www.imo-official.org/results/contestant/7771/,https://www.imo-official.org/results/individual/year/2005/
Mathematics,IMO,2005,Mostafa Einollah Zadeh Samadi,IRN,Silver,,https://www.imo-official.org/results/contestant/8349/,https://www.imo-official.org/results/individual/year/2005/
Mathematics,IMO,2005,Nathan Kettle,UNK,Silver,,https://www.imo-official.org/results/contestant/8350/,https://www.imo-official.org/results/individual/year/2005/
Mathematics,IMO,2005,Tongyuan Zhao,CHN,Silver,,https://www.imo-official.org/results/contestant/8351/,https://www.imo-official.org/results/individual/year/2005/
Mathematics,IMO,2005,Nima Ahmadi Pour Anari,IRN,Silver,,https://www.imo-official.org/results/contestant/8353/,https://www.imo-official.org/results/individual/year/2005/
Mathematics,IMO,2005,Alexandr Zamorzaev-Orleanschii,MDA,Silver,,https://www.imo-official.org/results/contestant/7859/,https://www.imo-official.org/results/individual/year/2005/
Mathematics,IMO,2005,Roman Apostol,UKR,Silver,,https://www.imo-official.org/results/contestant/8355/,https://www.imo-official.org/results/individual/year/2005/
Mathematics,IMO,2005,Hùng Phạm Kim,VNM,Silver,,https://www.imo-official.org/results/contestant/7833/,https://www.imo-official.org/results/individual/year/2005/
Mathematics,IMO,2005,Pascual Restrepo Mesa,COL,Silver,,https://www.imo-official.org/results/contestant/7560/,https://www.imo-official.org/results/individual/year/2005/
Mathematics,IMO,2005,Christian Sattler,GER,Silver,,https://www.imo-official.org/results/contestant/7885/,https://www.imo-official.org/results/individual/year/2005/
Mathematics,IMO,2005,Young Hun Jung,KOR,Silver,,https://www.imo-official.org/results/contestant/7952/,https://www.imo-official.org/results/individual/year/2005/
Mathematics,IMO,2005,Minh Trần Chiêu,VNM,Silver,,https://www.imo-official.org/results/contestant/8360/,https://www.imo-official.org/results/individual/year/2005/
Mathematics,IMO,2005,Jaromír Kuben,CZE,Silver,,https://www.imo-official.org/results/contestant/7503/,https://www.imo-official.org/results/individual/year/2005/
Mathematics,IMO,2005,Andrey Kim,KAZ,Silver,,https://www.imo-official.org/results/contestant/7857/,https://www.imo-official.org/results/individual/year/2005/
Mathematics,IMO,2005,Whan Ghang,KOR,Silver,,https://www.imo-official.org/results/contestant/8364/,https://www.imo-official.org/results/individual/year/2005/
Mathematics,IMO,2005,Hyungjune Kang,KOR,Silver,,https://www.imo-official.org/results/contestant/8363/,https://www.imo-official.org/results/individual/year/2005/
Mathematics,IMO,2005,Alexey Katyshev,RUS,Silver,,https://www.imo-official.org/results/contestant/8365/,https://www.imo-official.org/results/individual/year/2005/
Mathematics,IMO,2005,Said Tunç,TUR,Silver,,https://www.imo-official.org/results/contestant/8004/,https://www.imo-official.org/results/individual/year/2005/
Mathematics,IMO,2005,Vasyl Kuznetsov,UKR,Silver,,https://www.imo-official.org/results/contestant/7940/,https://www.imo-official.org/results/individual/year/2005/
Mathematics,IMO,2005,Đan Trần Trọng,VNM,Silver,,https://www.imo-official.org/results/contestant/8368/,https://www.imo-official.org/results/individual/year/2005/
Mathematics,IMO,2005,Esteban González Morales,COL,Silver,,https://www.imo-official.org/results/contestant/7724/,https://www.imo-official.org/results/individual/year/2005/
Mathematics,IMO,2005,Jack Hui,HKG,Silver,,https://www.imo-official.org/results/contestant/8370/,https://www.imo-official.org/results/individual/year/2005/
Mathematics,IMO,2005,Abhishek Hemantkumar Dang,IND,Silver,,https://www.imo-official.org/results/contestant/8011/,https://www.imo-official.org/results/individual/year/2005/
Mathematics,IMO,2005,Omid Hatami Varzaneh,IRN,Silver,,https://www.imo-official.org/results/contestant/8372/,https://www.imo-official.org/results/individual/year/2005/
Mathematics,IMO,2005,Ali Khezeli,IRN,Silver,,https://www.imo-official.org/results/contestant/8373/,https://www.imo-official.org/results/individual/year/2005/
Mathematics,IMO,2005,Luca Barbieri,ITA,Silver,,https://www.imo-official.org/results/contestant/7585/,https://www.imo-official.org/results/individual/year/2005/
Mathematics,IMO,2005,Michal Burger,SVK,Silver,,https://www.imo-official.org/results/contestant/7071/,https://www.imo-official.org/results/individual/year/2005/
Mathematics,IMO,2005,Gjergji Zaimi,ALB,Silver,,https://www.imo-official.org/results/contestant/7630/,https://www.imo-official.org/results/individual/year/2005/
Mathematics,IMO,2005,Tzvetelina Kirilova Tzeneva,BGR,Silver,,https://www.imo-official.org/results/contestant/8377/,https://www.imo-official.org/results/individual/year/2005/
Mathematics,IMO,2005,Yang (Richard) Peng,CAN,Silver,,https://www.imo-official.org/results/contestant/8378/,https://www.imo-official.org/results/individual/year/2005/
Mathematics,IMO,2005,Pavel Kocourek,CZE,Silver,,https://www.imo-official.org/results/contestant/7546/,https://www.imo-official.org/results/individual/year/2005/
Mathematics,IMO,2005,Darij Grinberg,GER,Silver,,https://www.imo-official.org/results/contestant/7901/,https://www.imo-official.org/results/individual/year/2005/
Mathematics,IMO,2005,Ho Chung Siu,HKG,Silver,,https://www.imo-official.org/results/contestant/8381/,https://www.imo-official.org/results/individual/year/2005/
Mathematics,IMO,2005,Gábor Steller,HUN,Silver,,https://www.imo-official.org/results/contestant/8382/,https://www.imo-official.org/results/individual/year/2005/
Mathematics,IMO,2005,Alexey Entin,ISR,Silver,,https://www.imo-official.org/results/contestant/6101/,https://www.imo-official.org/results/individual/year/2005/
Mathematics,IMO,2005,Ilya Gringlaz,ISR,Silver,,https://www.imo-official.org/results/contestant/8384/,https://www.imo-official.org/results/individual/year/2005/
Mathematics,IMO,2005,Akinori Mitani,JPN,Silver,,https://www.imo-official.org/results/contestant/8385/,https://www.imo-official.org/results/individual/year/2005/
Mathematics,IMO,2005,Heather Rose Macbeth,NZL,Silver,,https://www.imo-official.org/results/contestant/7985/,https://www.imo-official.org/results/individual/year/2005/
Mathematics,IMO,2005,Tomasz Kulczyński,POL,Silver,,https://www.imo-official.org/results/contestant/8387/,https://www.imo-official.org/results/individual/year/2005/
Mathematics,IMO,2005,Vasily Astakhov,RUS,Silver,,https://www.imo-official.org/results/contestant/8388/,https://www.imo-official.org/results/individual/year/2005/
Mathematics,IMO,2005,Yan Zhao,SGP,Silver,,https://www.imo-official.org/results/contestant/8389/,https://www.imo-official.org/results/individual/year/2005/
Mathematics,IMO,2005,Phumpong Watanaprakornkul,THA,Silver,,https://www.imo-official.org/results/contestant/8390/,https://www.imo-official.org/results/individual/year/2005/
Mathematics,IMO,2005,Yi Ou Yang,TWN,Silver,,https://www.imo-official.org/results/contestant/8391/,https://www.imo-official.org/results/individual/year/2005/
Mathematics,IMO,2005,Sherry Gong,USA,Silver,,https://www.imo-official.org/results/contestant/7209/,https://www.imo-official.org/results/individual/year/2005/
Mathematics,IMO,2005,Vesselin Atanasov Dimitrov,BGR,Silver,,https://www.imo-official.org/results/contestant/8393/,https://www.imo-official.org/results/individual/year/2005/
Mathematics,IMO,2005,Márton Erdélyi,HUN,Silver,,https://www.imo-official.org/results/contestant/8395/,https://www.imo-official.org/results/individual/year/2005/
Mathematics,IMO,2005,Markus Sprecher,SUI,Silver,,https://www.imo-official.org/results/contestant/7722/,https://www.imo-official.org/results/individual/year/2005/
Mathematics,IMO,2005,Hyun Soo Kim,USA,Silver,,https://www.imo-official.org/results/contestant/8396/,https://www.imo-official.org/results/individual/year/2005/
Mathematics,IMO,2005,Guolong Li,BEL,Silver,,https://www.imo-official.org/results/contestant/8397/,https://www.imo-official.org/results/individual/year/2005/
Mathematics,IMO,2005,Mikhail Blotski,BLR,Silver,,https://www.imo-official.org/results/contestant/8398/,https://www.imo-official.org/results/individual/year/2005/
Mathematics,IMO,2005,Goran Dražić,HRV,Silver,,https://www.imo-official.org/results/contestant/8049/,https://www.imo-official.org/results/individual/year/2005/
Mathematics,IMO,2005,Daniyar Kelbetov,KAZ,Silver,,https://www.imo-official.org/results/contestant/7983/,https://www.imo-official.org/results/individual/year/2005/
Mathematics,IMO,2005,Yong Sheng Soh,SGP,Silver,,https://www.imo-official.org/results/contestant/8402/,https://www.imo-official.org/results/individual/year/2005/
Mathematics,IMO,2005,Jingyi Kenneth Tay,SGP,Silver,,https://www.imo-official.org/results/contestant/7590/,https://www.imo-official.org/results/individual/year/2005/
Mathematics,IMO,2005,Samet Oymak,TUR,Silver,,https://www.imo-official.org/results/contestant/8403/,https://www.imo-official.org/results/individual/year/2005/
Mathematics,IMO,2005,Ivan Dimitrov Dimitrov,BGR,Silver,,https://www.imo-official.org/results/contestant/7865/,https://www.imo-official.org/results/individual/year/2005/
Mathematics,IMO,2005,Peng Shi,CAN,Silver,,https://www.imo-official.org/results/contestant/7963/,https://www.imo-official.org/results/individual/year/2005/
Mathematics,IMO,2005,Ming Fung Poon,HKG,Silver,,https://www.imo-official.org/results/contestant/8069/,https://www.imo-official.org/results/individual/year/2005/
Mathematics,IMO,2005,Andrei Ştefănescu,ROU,Silver,,https://www.imo-official.org/results/contestant/7413/,https://www.imo-official.org/results/individual/year/2005/
Mathematics,IMO,2005,Chongli Daniel Chen,SGP,Silver,,https://www.imo-official.org/results/contestant/8028/,https://www.imo-official.org/results/individual/year/2005/
Mathematics,IMO,2005,Gašper Zadnik,SVN,Silver,,https://www.imo-official.org/results/contestant/8002/,https://www.imo-official.org/results/individual/year/2005/
Mathematics,IMO,2005,Panupong Pasupat,THA,Silver,,https://www.imo-official.org/results/contestant/8410/,https://www.imo-official.org/results/individual/year/2005/
Mathematics,IMO,2005,Süleyman Fatih Hafalır,TUR,Silver,,https://www.imo-official.org/results/contestant/8411/,https://www.imo-official.org/results/individual/year/2005/
Mathematics,IMO,2005,Ruslan Maksimau,BLR,Silver,,https://www.imo-official.org/results/contestant/8412/,https://www.imo-official.org/results/individual/year/2005/
Mathematics,IMO,2005,Ondrej Budáč,SVK,Silver,,https://www.imo-official.org/results/contestant/7938/,https://www.imo-official.org/results/individual/year/2005/
Mathematics,IMO,2005,František Simančík,SVK,Silver,,https://www.imo-official.org/results/contestant/7569/,https://www.imo-official.org/results/individual/year/2005/
Mathematics,IMO,2005,Nithi Rungthanapirom,THA,Silver,,https://www.imo-official.org/results/contestant/7570/,https://www.imo-official.org/results/individual/year/2005/
Mathematics,IMO,2005,Mehmet Murat Sevim,TUR,Silver,,https://www.imo-official.org/results/contestant/8416/,https://www.imo-official.org/results/individual/year/2005/
Mathematics,IMO,2005,Che-Yu Liu,TWN,Silver,,https://www.imo-official.org/results/contestant/8417/,https://www.imo-official.org/results/individual/year/2005/
Mathematics,IMO,2005,Germán Gieczewski,ARG,Silver,,https://www.imo-official.org/results/contestant/8418/,https://www.imo-official.org/results/individual/year/2005/
Mathematics,IMO,2005,Ivan Bliznets,BLR,Silver,,https://www.imo-official.org/results/contestant/8419/,https://www.imo-official.org/results/individual/year/2005/
Mathematics,IMO,2005,Daniel Harrer,GER,Silver,,https://www.imo-official.org/results/contestant/8420/,https://www.imo-official.org/results/individual/year/2005/
Mathematics,IMO,2005,Francesco Cavazzani,ITA,Silver,,https://www.imo-official.org/results/contestant/8422/,https://www.imo-official.org/results/individual/year/2005/
Mathematics,IMO,2005,Simion Filip,MDA,Silver,,https://www.imo-official.org/results/contestant/7955/,https://www.imo-official.org/results/individual/year/2005/
Mathematics,IMO,2005,Jozef Bodnár,SVK,Silver,,https://www.imo-official.org/results/contestant/8078/,https://www.imo-official.org/results/individual/year/2005/
Mathematics,IMO,2005,Wuttisak Trongsiriwat,THA,Silver,,https://www.imo-official.org/results/contestant/7975/,https://www.imo-official.org/results/individual/year/2005/
Mathematics,IMO,2005,Matthew Lee,UNK,Silver,,https://www.imo-official.org/results/contestant/8421/,https://www.imo-official.org/results/individual/year/2005/
Mathematics,IMO,2005,Kim Ramchen,AUS,Bronze,,https://www.imo-official.org/results/contestant/8426/,https://www.imo-official.org/results/individual/year/2005/
Mathematics,IMO,2005,Marek Pechal,CZE,Bronze,,https://www.imo-official.org/results/contestant/8201/,https://www.imo-official.org/results/individual/year/2005/
Mathematics,IMO,2005,Daumilas Ardickas,LTU,Bronze,,https://www.imo-official.org/results/contestant/8191/,https://www.imo-official.org/results/individual/year/2005/
Mathematics,IMO,2005,Edgars Jākobsons,LVA,Bronze,,https://www.imo-official.org/results/contestant/7601/,https://www.imo-official.org/results/individual/year/2005/
Mathematics,IMO,2005,Daniel Chen Soncco Huarsaya,PER,Bronze,,https://www.imo-official.org/results/contestant/8431/,https://www.imo-official.org/results/individual/year/2005/
Mathematics,IMO,2005,David Emmanuel Uribe Gavilano,PER,Bronze,,https://www.imo-official.org/results/contestant/7776/,https://www.imo-official.org/results/individual/year/2005/
Mathematics,IMO,2005,Michał Pilipczuk,POL,Bronze,,https://www.imo-official.org/results/contestant/7853/,https://www.imo-official.org/results/individual/year/2005/
Mathematics,IMO,2005,Jiawei Wu,SGP,Bronze,,https://www.imo-official.org/results/contestant/8433/,https://www.imo-official.org/results/individual/year/2005/
Mathematics,IMO,2005,Oleksandr Kravets,UKR,Bronze,,https://www.imo-official.org/results/contestant/8434/,https://www.imo-official.org/results/individual/year/2005/
Mathematics,IMO,2005,Graham White,AUS,Bronze,,https://www.imo-official.org/results/contestant/8063/,https://www.imo-official.org/results/individual/year/2005/
Mathematics,IMO,2005,Juhan Aru,EST,Bronze,,https://www.imo-official.org/results/contestant/7578/,https://www.imo-official.org/results/individual/year/2005/
Mathematics,IMO,2005,Laur Tooming,EST,Bronze,,https://www.imo-official.org/results/contestant/7614/,https://www.imo-official.org/results/individual/year/2005/
Mathematics,IMO,2005,Georg Schönherr,GER,Bronze,,https://www.imo-official.org/results/contestant/8436/,https://www.imo-official.org/results/individual/year/2005/
Mathematics,IMO,2005,Sander Parawira,IDN,Bronze,,https://www.imo-official.org/results/contestant/8439/,https://www.imo-official.org/results/individual/year/2005/
Mathematics,IMO,2005,Yusuke Nakamura,JPN,Bronze,,https://www.imo-official.org/results/contestant/8440/,https://www.imo-official.org/results/individual/year/2005/
Mathematics,IMO,2005,Isaac Buenrostro Morales,MEX,Bronze,,https://www.imo-official.org/results/contestant/8441/,https://www.imo-official.org/results/individual/year/2005/
Mathematics,IMO,2005,Guevara Manuel Ángel Guevara López,MEX,Bronze,,https://www.imo-official.org/results/contestant/8442/,https://www.imo-official.org/results/individual/year/2005/
Mathematics,IMO,2005,Vinoth Nandakumar,AUS,Bronze,,https://www.imo-official.org/results/contestant/8443/,https://www.imo-official.org/results/individual/year/2005/
Mathematics,IMO,2005,Elyot Jameson Lester Grant,CAN,Bronze,,https://www.imo-official.org/results/contestant/8444/,https://www.imo-official.org/results/individual/year/2005/
Mathematics,IMO,2005,Igor Kabiljo,SCG,Bronze,,https://www.imo-official.org/results/contestant/8446/,https://www.imo-official.org/results/individual/year/2005/
Mathematics,IMO,2005,Uroš Rajković,SCG,Bronze,,https://www.imo-official.org/results/contestant/8000/,https://www.imo-official.org/results/individual/year/2005/
Mathematics,IMO,2005,Saul Glasman,UNK,Bronze,,https://www.imo-official.org/results/contestant/8445/,https://www.imo-official.org/results/individual/year/2005/
Mathematics,IMO,2005,Samuel Chow,AUS,Bronze,,https://www.imo-official.org/results/contestant/8448/,https://www.imo-official.org/results/individual/year/2005/
Mathematics,IMO,2005,Stephen Muirhead,AUS,Bronze,,https://www.imo-official.org/results/contestant/8449/,https://www.imo-official.org/results/individual/year/2005/
Mathematics,IMO,2005,Thomas Takacs,AUT,Bronze,,https://www.imo-official.org/results/contestant/7764/,https://www.imo-official.org/results/individual/year/2005/
Mathematics,IMO,2005,Tural Amirov,AZE,Bronze,,https://www.imo-official.org/results/contestant/8117/,https://www.imo-official.org/results/individual/year/2005/
Mathematics,IMO,2005,François Gonze,BEL,Bronze,,https://www.imo-official.org/results/contestant/8452/,https://www.imo-official.org/results/individual/year/2005/
Mathematics,IMO,2005,Yauheni Larchyk,BLR,Bronze,,https://www.imo-official.org/results/contestant/8453/,https://www.imo-official.org/results/individual/year/2005/
Mathematics,IMO,2005,Rudi Mrazović,HRV,Bronze,,https://www.imo-official.org/results/contestant/7471/,https://www.imo-official.org/results/individual/year/2005/
Mathematics,IMO,2005,Máté Mánfay,HUN,Bronze,,https://www.imo-official.org/results/contestant/8455/,https://www.imo-official.org/results/individual/year/2005/
Mathematics,IMO,2005,Andre Yohannes Wibisono,IDN,Bronze,,https://www.imo-official.org/results/contestant/8121/,https://www.imo-official.org/results/individual/year/2005/
Mathematics,IMO,2005,Maria Colombo,ITA,Bronze,,https://www.imo-official.org/results/contestant/8457/,https://www.imo-official.org/results/individual/year/2005/
Mathematics,IMO,2005,Kairat Zhubayev,KAZ,Bronze,,https://www.imo-official.org/results/contestant/8458/,https://www.imo-official.org/results/individual/year/2005/
Mathematics,IMO,2005,Khánh Đỗ Quốc,VNM,Bronze,,https://www.imo-official.org/results/contestant/8459/,https://www.imo-official.org/results/individual/year/2005/
Mathematics,IMO,2005,Nerses Aramyan,ARM,Bronze,,https://www.imo-official.org/results/contestant/8460/,https://www.imo-official.org/results/individual/year/2005/
Mathematics,IMO,2005,Dong Uk (David) Rhee,CAN,Bronze,,https://www.imo-official.org/results/contestant/8091/,https://www.imo-official.org/results/individual/year/2005/
Mathematics,IMO,2005,José Gabriel Acevedo Habeych,COL,Bronze,,https://www.imo-official.org/results/contestant/8137/,https://www.imo-official.org/results/individual/year/2005/
Mathematics,IMO,2005,Jakub Opršal,CZE,Bronze,,https://www.imo-official.org/results/contestant/8427/,https://www.imo-official.org/results/individual/year/2005/
Mathematics,IMO,2005,Martin Wedel Jacobsen,DEN,Bronze,,https://www.imo-official.org/results/contestant/7195/,https://www.imo-official.org/results/individual/year/2005/
Mathematics,IMO,2005,Sebastian Dumitrescu,FIN,Bronze,,https://www.imo-official.org/results/contestant/8466/,https://www.imo-official.org/results/individual/year/2005/
Mathematics,IMO,2005,Bruno Le Floch,FRA,Bronze,,https://www.imo-official.org/results/contestant/8467/,https://www.imo-official.org/results/individual/year/2005/
Mathematics,IMO,2005,Christopher Wulff,GER,Bronze,,https://www.imo-official.org/results/contestant/8464/,https://www.imo-official.org/results/individual/year/2005/
Mathematics,IMO,2005,Theodosios Douvropoulos,HEL,Bronze,,https://www.imo-official.org/results/contestant/8468/,https://www.imo-official.org/results/individual/year/2005/
Mathematics,IMO,2005,Eleftherios Tsiokos,HEL,Bronze,,https://www.imo-official.org/results/contestant/8469/,https://www.imo-official.org/results/individual/year/2005/
Mathematics,IMO,2005,On Yip Chung,HKG,Bronze,,https://www.imo-official.org/results/contestant/8470/,https://www.imo-official.org/results/individual/year/2005/
Mathematics,IMO,2005,Dimas Yusuf Danurwenda,IDN,Bronze,,https://www.imo-official.org/results/contestant/8471/,https://www.imo-official.org/results/individual/year/2005/
Mathematics,IMO,2005,Yuri Burda,ISR,Bronze,,https://www.imo-official.org/results/contestant/8012/,https://www.imo-official.org/results/individual/year/2005/
Mathematics,IMO,2005,Makoto Soejima,JPN,Bronze,,https://www.imo-official.org/results/contestant/8473/,https://www.imo-official.org/results/individual/year/2005/
Mathematics,IMO,2005,Ivan Borsenco,MDA,Bronze,,https://www.imo-official.org/results/contestant/7513/,https://www.imo-official.org/results/individual/year/2005/
Mathematics,IMO,2005,Pablo Soberón Bravo,MEX,Bronze,,https://www.imo-official.org/results/contestant/8475/,https://www.imo-official.org/results/individual/year/2005/
Mathematics,IMO,2005,Jia Min Charmaine Sia,SGP,Bronze,,https://www.imo-official.org/results/contestant/7538/,https://www.imo-official.org/results/individual/year/2005/
Mathematics,IMO,2005,Chung-Heng Yeh,TWN,Bronze,,https://www.imo-official.org/results/contestant/7450/,https://www.imo-official.org/results/individual/year/2005/
Mathematics,IMO,2005,Federico Bliman Agorio,URY,Bronze,,https://www.imo-official.org/results/contestant/7697/,https://www.imo-official.org/results/individual/year/2005/
Mathematics,IMO,2005,Vahe Musoyan,ARM,Bronze,,https://www.imo-official.org/results/contestant/7763/,https://www.imo-official.org/results/individual/year/2005/
Mathematics,IMO,2005,Michael Moßhammer,AUT,Bronze,,https://www.imo-official.org/results/contestant/8480/,https://www.imo-official.org/results/individual/year/2005/
Mathematics,IMO,2005,Igor Uljarević,BIH,Bronze,,https://www.imo-official.org/results/contestant/8481/,https://www.imo-official.org/results/individual/year/2005/
Mathematics,IMO,2005,Alvaro Javier Fuentes Suárez,CUB,Bronze,,https://www.imo-official.org/results/contestant/8482/,https://www.imo-official.org/results/individual/year/2005/
Mathematics,IMO,2005,Eske Sparsø,DEN,Bronze,,https://www.imo-official.org/results/contestant/8217/,https://www.imo-official.org/results/individual/year/2005/
Mathematics,IMO,2005,Elisa Lorenzo García,ESP,Bronze,,https://www.imo-official.org/results/contestant/8083/,https://www.imo-official.org/results/individual/year/2005/
Mathematics,IMO,2005,Irène Marcovici,FRA,Bronze,,https://www.imo-official.org/results/contestant/8485/,https://www.imo-official.org/results/individual/year/2005/
Mathematics,IMO,2005,Aleksandre Lomadze,GEO,Bronze,,https://www.imo-official.org/results/contestant/7944/,https://www.imo-official.org/results/individual/year/2005/
Mathematics,IMO,2005,Stefano Attanasio,ITA,Bronze,,https://www.imo-official.org/results/contestant/8487/,https://www.imo-official.org/results/individual/year/2005/
Mathematics,IMO,2005,Simone Di Marino,ITA,Bronze,,https://www.imo-official.org/results/contestant/8259/,https://www.imo-official.org/results/individual/year/2005/
Mathematics,IMO,2005,Sossin Viktor,KAZ,Bronze,,https://www.imo-official.org/results/contestant/8489/,https://www.imo-official.org/results/individual/year/2005/
Mathematics,IMO,2005,Jinbi Jin,NLD,Bronze,,https://www.imo-official.org/results/contestant/8491/,https://www.imo-official.org/results/individual/year/2005/
Mathematics,IMO,2005,Johan Konter,NLD,Bronze,,https://www.imo-official.org/results/contestant/8181/,https://www.imo-official.org/results/individual/year/2005/
Mathematics,IMO,2005,Marius Pachiţariu,ROU,Bronze,,https://www.imo-official.org/results/contestant/8492/,https://www.imo-official.org/results/individual/year/2005/
Mathematics,IMO,2005,Metehan Özsoy,TUR,Bronze,,https://www.imo-official.org/results/contestant/8493/,https://www.imo-official.org/results/individual/year/2005/
Mathematics,IMO,2005,Oleksandr Chuklin,UKR,Bronze,,https://www.imo-official.org/results/contestant/8494/,https://www.imo-official.org/results/individual/year/2005/
Mathematics,IMO,2005,Gabriel Carvajal,ARG,Bronze,,https://www.imo-official.org/results/contestant/8113/,https://www.imo-official.org/results/individual/year/2005/
Mathematics,IMO,2005,Konrad Pilch,AUS,Bronze,,https://www.imo-official.org/results/contestant/8496/,https://www.imo-official.org/results/individual/year/2005/
Mathematics,IMO,2005,Dimitar Nedelchev Simeonov,BGR,Bronze,,https://www.imo-official.org/results/contestant/7900/,https://www.imo-official.org/results/individual/year/2005/
Mathematics,IMO,2005,Daniel Blandón Restrepo,COL,Bronze,,https://www.imo-official.org/results/contestant/8498/,https://www.imo-official.org/results/individual/year/2005/
Mathematics,IMO,2005,Gerandy Brito Montes de Oca,CUB,Bronze,,https://www.imo-official.org/results/contestant/8499/,https://www.imo-official.org/results/individual/year/2005/
Mathematics,IMO,2005,Irakli Merabishvili,GEO,Bronze,,https://www.imo-official.org/results/contestant/7945/,https://www.imo-official.org/results/individual/year/2005/
Mathematics,IMO,2005,Zviad Metreveli,GEO,Bronze,,https://www.imo-official.org/results/contestant/8502/,https://www.imo-official.org/results/individual/year/2005/
Mathematics,IMO,2005,Ilinka Ivanoska,MKD,Bronze,,https://www.imo-official.org/results/contestant/7691/,https://www.imo-official.org/results/individual/year/2005/
Mathematics,IMO,2005,Angel Stanoev,MKD,Bronze,,https://www.imo-official.org/results/contestant/7692/,https://www.imo-official.org/results/individual/year/2005/
Mathematics,IMO,2005,Seung Won (Eric) Kang,NZL,Bronze,,https://www.imo-official.org/results/contestant/8237/,https://www.imo-official.org/results/individual/year/2005/
Mathematics,IMO,2005,Renzo Martín Monteza Valdivia,PER,Bronze,,https://www.imo-official.org/results/contestant/8506/,https://www.imo-official.org/results/individual/year/2005/
Mathematics,IMO,2005,Peter Černo,SVK,Bronze,,https://www.imo-official.org/results/contestant/8080/,https://www.imo-official.org/results/individual/year/2005/
Mathematics,IMO,2005,Saran Ahuja,THA,Bronze,,https://www.imo-official.org/results/contestant/7607/,https://www.imo-official.org/results/individual/year/2005/
Mathematics,IMO,2005,Bagtyar Orazmyrat Kurbanow,TKM,Bronze,,https://www.imo-official.org/results/contestant/8509/,https://www.imo-official.org/results/individual/year/2005/
Mathematics,IMO,2005,Jack Shotton,UNK,Bronze,,https://www.imo-official.org/results/contestant/8500/,https://www.imo-official.org/results/individual/year/2005/
Mathematics,IMO,2005,Tho Trứờng Nguyễn,VNM,Bronze,,https://www.imo-official.org/results/contestant/8510/,https://www.imo-official.org/results/individual/year/2005/
Mathematics,IMO,2005,Ignacio Agustín Rossi,ARG,Bronze,,https://www.imo-official.org/results/contestant/8256/,https://www.imo-official.org/results/individual/year/2005/
Mathematics,IMO,2005,Khachik Badeyan,ARM,Bronze,,https://www.imo-official.org/results/contestant/8512/,https://www.imo-official.org/results/individual/year/2005/
Mathematics,IMO,2005,Farhad Aghayev,AZE,Bronze,,https://www.imo-official.org/results/contestant/7765/,https://www.imo-official.org/results/individual/year/2005/
Mathematics,IMO,2005,Jaan Vajakas,EST,Bronze,,https://www.imo-official.org/results/contestant/7714/,https://www.imo-official.org/results/individual/year/2005/
Mathematics,IMO,2005,Ville Pettersson,FIN,Bronze,,https://www.imo-official.org/results/contestant/8219/,https://www.imo-official.org/results/individual/year/2005/
Mathematics,IMO,2005,Igor Kortchemski,FRA,Bronze,,https://www.imo-official.org/results/contestant/8037/,https://www.imo-official.org/results/individual/year/2005/
Mathematics,IMO,2005,Nikola Grubišić,HRV,Bronze,,https://www.imo-official.org/results/contestant/8102/,https://www.imo-official.org/results/individual/year/2005/
Mathematics,IMO,2005,Gabriele Negro,ITA,Bronze,,https://www.imo-official.org/results/contestant/8519/,https://www.imo-official.org/results/individual/year/2005/
Mathematics,IMO,2005,Bekjan Djumabaev,KGZ,Bronze,,https://www.imo-official.org/results/contestant/8177/,https://www.imo-official.org/results/individual/year/2005/
Mathematics,IMO,2005,Ernist Tilenbaev,KGZ,Bronze,,https://www.imo-official.org/results/contestant/7641/,https://www.imo-official.org/results/individual/year/2005/
Mathematics,IMO,2005,Supun Thamara Samarakoon,LKA,Bronze,,https://www.imo-official.org/results/contestant/8163/,https://www.imo-official.org/results/individual/year/2005/
Mathematics,IMO,2005,Iván Joshua Hernández Máynez,MEX,Bronze,,https://www.imo-official.org/results/contestant/8523/,https://www.imo-official.org/results/individual/year/2005/
Mathematics,IMO,2005,Luis Alberto Manuel Solano Gar,PER,Bronze,,https://www.imo-official.org/results/contestant/8524/,https://www.imo-official.org/results/individual/year/2005/
Mathematics,IMO,2005,Jossy Milagros Alva Gutiérrez,PER,Bronze,,https://www.imo-official.org/results/contestant/8525/,https://www.imo-official.org/results/individual/year/2005/
Mathematics,IMO,2005,Wojciech Śmietanka,POL,Bronze,,https://www.imo-official.org/results/contestant/8526/,https://www.imo-official.org/results/individual/year/2005/
Mathematics,IMO,2005,Simon Schuler,SUI,Bronze,,https://www.imo-official.org/results/contestant/8514/,https://www.imo-official.org/results/individual/year/2005/
Mathematics,IMO,2005,Jakub Závodný,SVK,Bronze,,https://www.imo-official.org/results/contestant/7591/,https://www.imo-official.org/results/individual/year/2005/
Mathematics,IMO,2005,Hùng Nguyễn Nguyễn,VNM,Bronze,,https://www.imo-official.org/results/contestant/8528/,https://www.imo-official.org/results/individual/year/2005/
Mathematics,IMO,2005,Armen Nurbekyan,ARM,Bronze,,https://www.imo-official.org/results/contestant/8062/,https://www.imo-official.org/results/individual/year/2005/
Mathematics,IMO,2005,Igor Ninković,BIH,Bronze,,https://www.imo-official.org/results/contestant/8530/,https://www.imo-official.org/results/individual/year/2005/
Mathematics,IMO,2005,Thomás Yoiti Sasaki Hoshina,BRA,Bronze,,https://www.imo-official.org/results/contestant/8531/,https://www.imo-official.org/results/individual/year/2005/
Mathematics,IMO,2005,Sune Nikolaj Precht Reeh,DEN,Bronze,,https://www.imo-official.org/results/contestant/8229/,https://www.imo-official.org/results/individual/year/2005/
Mathematics,IMO,2005,Fernando Daniel Gómez Sánchez,ECU,Bronze,,https://www.imo-official.org/results/contestant/7790/,https://www.imo-official.org/results/individual/year/2005/
Mathematics,IMO,2005,Giorgi Mariamidze,GEO,Bronze,,https://www.imo-official.org/results/contestant/8534/,https://www.imo-official.org/results/individual/year/2005/
Mathematics,IMO,2005,Örn Stefánsson,ISL,Bronze,,https://www.imo-official.org/results/contestant/8176/,https://www.imo-official.org/results/individual/year/2005/
Mathematics,IMO,2005,Alexey Gladkich,ISR,Bronze,,https://www.imo-official.org/results/contestant/8536/,https://www.imo-official.org/results/individual/year/2005/
Mathematics,IMO,2005,Lai Fan Pun,MAC,Bronze,,https://www.imo-official.org/results/contestant/8192/,https://www.imo-official.org/results/individual/year/2005/
Mathematics,IMO,2005,Franco Eloy Vargas Pallete,PER,Bronze,,https://www.imo-official.org/results/contestant/8538/,https://www.imo-official.org/results/individual/year/2005/
Mathematics,IMO,2005,Nadbor Drozd,POL,Bronze,,https://www.imo-official.org/results/contestant/8539/,https://www.imo-official.org/results/individual/year/2005/
Mathematics,IMO,2005,Tomasz Warszawski,POL,Bronze,,https://www.imo-official.org/results/contestant/8540/,https://www.imo-official.org/results/individual/year/2005/
Mathematics,IMO,2005,Bojan Bašić,SCG,Bronze,,https://www.imo-official.org/results/contestant/8541/,https://www.imo-official.org/results/individual/year/2005/
Mathematics,IMO,2005,Tigran Sloyan,ARM,Bronze,,https://www.imo-official.org/results/contestant/7681/,https://www.imo-official.org/results/individual/year/2005/
Mathematics,IMO,2005,Edel Pérez Castillo,CUB,Bronze,,https://www.imo-official.org/results/contestant/8543/,https://www.imo-official.org/results/individual/year/2005/
Mathematics,IMO,2005,Morten Kjær Poulsen,DEN,Bronze,,https://www.imo-official.org/results/contestant/8544/,https://www.imo-official.org/results/individual/year/2005/
Mathematics,IMO,2005,Ilia Smilga,FRA,Bronze,,https://www.imo-official.org/results/contestant/8545/,https://www.imo-official.org/results/individual/year/2005/
Mathematics,IMO,2005,Varun Suhas Jog,IND,Bronze,,https://www.imo-official.org/results/contestant/8546/,https://www.imo-official.org/results/individual/year/2005/
Mathematics,IMO,2005,Nurbol Duisenbayev,KAZ,Bronze,,https://www.imo-official.org/results/contestant/8547/,https://www.imo-official.org/results/individual/year/2005/
Mathematics,IMO,2005,Elvijs Sarkans,LVA,Bronze,,https://www.imo-official.org/results/contestant/8143/,https://www.imo-official.org/results/individual/year/2005/
Mathematics,IMO,2005,Liubomir Chiriac,MDA,Bronze,,https://www.imo-official.org/results/contestant/8053/,https://www.imo-official.org/results/individual/year/2005/
Mathematics,IMO,2005,Tom Kai Ming Wang,NZL,Bronze,,https://www.imo-official.org/results/contestant/8550/,https://www.imo-official.org/results/individual/year/2005/
Mathematics,IMO,2005,Piotr Achinger,POL,Bronze,,https://www.imo-official.org/results/contestant/8551/,https://www.imo-official.org/results/individual/year/2005/
Mathematics,IMO,2005,Napat Rujeerapaiboon,THA,Bronze,,https://www.imo-official.org/results/contestant/8131/,https://www.imo-official.org/results/individual/year/2005/
Mathematics,IMO,2005,Bar Goueta §,ISR,Bronze,,https://www.imo-official.org/results/contestant/8613/,https://www.imo-official.org/results/individual/year/2005/
Mathematics,IMO,2006,Zhiyu Liu,CHN,Gold,,https://www.imo-official.org/results/contestant/8818/,https://www.imo-official.org/results/individual/year/2006/
Mathematics,IMO,2006,Iurie Boreico,MDA,Gold,,https://www.imo-official.org/results/contestant/7403/,https://www.imo-official.org/results/individual/year/2006/
Mathematics,IMO,2006,Alexander Magazinov,RUS,Gold,,https://www.imo-official.org/results/contestant/8321/,https://www.imo-official.org/results/individual/year/2006/
Mathematics,IMO,2006,Caili Shen,CHN,Gold,,https://www.imo-official.org/results/contestant/8821/,https://www.imo-official.org/results/individual/year/2006/
Mathematics,IMO,2006,Przemysław Mazur,POL,Gold,,https://www.imo-official.org/results/contestant/8822/,https://www.imo-official.org/results/individual/year/2006/
Mathematics,IMO,2006,Yu Deng,CHN,Gold,,https://www.imo-official.org/results/contestant/8824/,https://www.imo-official.org/results/individual/year/2006/
Mathematics,IMO,2006,Long Jin,CHN,Gold,,https://www.imo-official.org/results/contestant/8823/,https://www.imo-official.org/results/individual/year/2006/
Mathematics,IMO,2006,Peter Scholze,GER,Gold,,https://www.imo-official.org/results/contestant/7867/,https://www.imo-official.org/results/individual/year/2006/
Mathematics,IMO,2006,Seok Hyeong Lee,KOR,Gold,,https://www.imo-official.org/results/contestant/8826/,https://www.imo-official.org/results/individual/year/2006/
Mathematics,IMO,2006,Rostislav Devyatov,RUS,Gold,,https://www.imo-official.org/results/contestant/8827/,https://www.imo-official.org/results/individual/year/2006/
Mathematics,IMO,2006,Qingchun Ren,CHN,Gold,,https://www.imo-official.org/results/contestant/8307/,https://www.imo-official.org/results/individual/year/2006/
Mathematics,IMO,2006,Adrian-Ioan Zahariuc,ROU,Gold,,https://www.imo-official.org/results/contestant/7972/,https://www.imo-official.org/results/individual/year/2006/
Mathematics,IMO,2006,Wenying Gan,CHN,Gold,,https://www.imo-official.org/results/contestant/8830/,https://www.imo-official.org/results/individual/year/2006/
Mathematics,IMO,2006,Yuta Ohashi,JPN,Gold,,https://www.imo-official.org/results/contestant/8831/,https://www.imo-official.org/results/individual/year/2006/
Mathematics,IMO,2006,Andrei-Bogdan Ungureanu,ROU,Gold,,https://www.imo-official.org/results/contestant/7895/,https://www.imo-official.org/results/individual/year/2006/
Mathematics,IMO,2006,Ilia Smilga,FRA,Gold,,https://www.imo-official.org/results/contestant/8545/,https://www.imo-official.org/results/individual/year/2006/
Mathematics,IMO,2006,Darij Grinberg,GER,Gold,,https://www.imo-official.org/results/contestant/7901/,https://www.imo-official.org/results/individual/year/2006/
Mathematics,IMO,2006,Maria Colombo,ITA,Gold,,https://www.imo-official.org/results/contestant/8457/,https://www.imo-official.org/results/individual/year/2006/
Mathematics,IMO,2006,Ondrej Budáč,SVK,Gold,,https://www.imo-official.org/results/contestant/7938/,https://www.imo-official.org/results/individual/year/2006/
Mathematics,IMO,2006,Arnav Tripathy,USA,Gold,,https://www.imo-official.org/results/contestant/8837/,https://www.imo-official.org/results/individual/year/2006/
Mathematics,IMO,2006,Christian Sattler,GER,Gold,,https://www.imo-official.org/results/contestant/7885/,https://www.imo-official.org/results/individual/year/2006/
Mathematics,IMO,2006,Masaki Watanabe,JPN,Gold,,https://www.imo-official.org/results/contestant/8329/,https://www.imo-official.org/results/individual/year/2006/
Mathematics,IMO,2006,In Hwan Choi,KOR,Gold,,https://www.imo-official.org/results/contestant/8841/,https://www.imo-official.org/results/individual/year/2006/
Mathematics,IMO,2006,Ju Gang Nam,KOR,Gold,,https://www.imo-official.org/results/contestant/8334/,https://www.imo-official.org/results/individual/year/2006/
Mathematics,IMO,2006,Zarathustra Brady,USA,Gold,,https://www.imo-official.org/results/contestant/8842/,https://www.imo-official.org/results/individual/year/2006/
Mathematics,IMO,2006,Mạnh Nguyễn Duy,VNM,Gold,,https://www.imo-official.org/results/contestant/8843/,https://www.imo-official.org/results/individual/year/2006/
Mathematics,IMO,2006,Georg Schönherr,GER,Gold,,https://www.imo-official.org/results/contestant/8436/,https://www.imo-official.org/results/individual/year/2006/
Mathematics,IMO,2006,Yun Pui Tsoi,HKG,Gold,,https://www.imo-official.org/results/contestant/8328/,https://www.imo-official.org/results/individual/year/2006/
Mathematics,IMO,2006,Nima Ahmadi Pour Anari,IRN,Gold,,https://www.imo-official.org/results/contestant/8353/,https://www.imo-official.org/results/individual/year/2006/
Mathematics,IMO,2006,Naser Talebizadeh Sardari,IRN,Gold,,https://www.imo-official.org/results/contestant/8847/,https://www.imo-official.org/results/individual/year/2006/
Mathematics,IMO,2006,Jaber Zarezadeh,IRN,Gold,,https://www.imo-official.org/results/contestant/8848/,https://www.imo-official.org/results/individual/year/2006/
Mathematics,IMO,2006,Simone Di Marino,ITA,Gold,,https://www.imo-official.org/results/contestant/8259/,https://www.imo-official.org/results/individual/year/2006/
Mathematics,IMO,2006,Whan Ghang,KOR,Gold,,https://www.imo-official.org/results/contestant/8364/,https://www.imo-official.org/results/individual/year/2006/
Mathematics,IMO,2006,Ivan Borsenco,MDA,Gold,,https://www.imo-official.org/results/contestant/7513/,https://www.imo-official.org/results/individual/year/2006/
Mathematics,IMO,2006,Pablo Soberón Bravo,MEX,Gold,,https://www.imo-official.org/results/contestant/8475/,https://www.imo-official.org/results/individual/year/2006/
Mathematics,IMO,2006,Eduard-Gabriel Băzăvan,ROU,Gold,,https://www.imo-official.org/results/contestant/8853/,https://www.imo-official.org/results/individual/year/2006/
Mathematics,IMO,2006,Timofey Obraztsov,RUS,Gold,,https://www.imo-official.org/results/contestant/8854/,https://www.imo-official.org/results/individual/year/2006/
Mathematics,IMO,2006,Volodymyr Serbinenko,SUI,Gold,,https://www.imo-official.org/results/contestant/8055/,https://www.imo-official.org/results/individual/year/2006/
Mathematics,IMO,2006,Phumpong Watanaprakornkul,THA,Gold,,https://www.imo-official.org/results/contestant/8390/,https://www.imo-official.org/results/individual/year/2006/
Mathematics,IMO,2006,Yi-Wei Chan,TWN,Gold,,https://www.imo-official.org/results/contestant/8857/,https://www.imo-official.org/results/individual/year/2006/
Mathematics,IMO,2006,Nataliya Goncharuk,UKR,Gold,,https://www.imo-official.org/results/contestant/8858/,https://www.imo-official.org/results/individual/year/2006/
Mathematics,IMO,2006,Hùng Hoàng Mạnh,VNM,Gold,,https://www.imo-official.org/results/contestant/8859/,https://www.imo-official.org/results/individual/year/2006/
Mathematics,IMO,2006,Pok Wai Fong,HKG,Silver,,https://www.imo-official.org/results/contestant/8860/,https://www.imo-official.org/results/individual/year/2006/
Mathematics,IMO,2006,Michał Pilipczuk,POL,Silver,,https://www.imo-official.org/results/contestant/7853/,https://www.imo-official.org/results/individual/year/2006/
Mathematics,IMO,2006,Ilya Gringlaz,ISR,Silver,,https://www.imo-official.org/results/contestant/8384/,https://www.imo-official.org/results/individual/year/2006/
Mathematics,IMO,2006,Francesco Cavazzani,ITA,Silver,,https://www.imo-official.org/results/contestant/8422/,https://www.imo-official.org/results/individual/year/2006/
Mathematics,IMO,2006,Toshiki Kataoka,JPN,Silver,,https://www.imo-official.org/results/contestant/7893/,https://www.imo-official.org/results/individual/year/2006/
Mathematics,IMO,2006,Yulhee Nam,KOR,Silver,,https://www.imo-official.org/results/contestant/8865/,https://www.imo-official.org/results/individual/year/2006/
Mathematics,IMO,2006,Pavel Zatitskiy,RUS,Silver,,https://www.imo-official.org/results/contestant/8866/,https://www.imo-official.org/results/individual/year/2006/
Mathematics,IMO,2006,Pi-Hsun Shih,TWN,Silver,,https://www.imo-official.org/results/contestant/8867/,https://www.imo-official.org/results/individual/year/2006/
Mathematics,IMO,2006,Alex (Lin) Zhai,USA,Silver,,https://www.imo-official.org/results/contestant/8868/,https://www.imo-official.org/results/individual/year/2006/
Mathematics,IMO,2006,Tigran Sloyan,ARM,Silver,,https://www.imo-official.org/results/contestant/7681/,https://www.imo-official.org/results/individual/year/2006/
Mathematics,IMO,2006,Igor Uljarević,BIH,Silver,,https://www.imo-official.org/results/contestant/8481/,https://www.imo-official.org/results/individual/year/2006/
Mathematics,IMO,2006,Farzin Barekat,CAN,Silver,,https://www.imo-official.org/results/contestant/8871/,https://www.imo-official.org/results/individual/year/2006/
Mathematics,IMO,2006,Hugo Fernández Hervás,ESP,Silver,,https://www.imo-official.org/results/contestant/8585/,https://www.imo-official.org/results/individual/year/2006/
Mathematics,IMO,2006,Gergely Kis,HUN,Silver,,https://www.imo-official.org/results/contestant/8873/,https://www.imo-official.org/results/individual/year/2006/
Mathematics,IMO,2006,Alexandr Zamorzaev-Orleanschii,MDA,Silver,,https://www.imo-official.org/results/contestant/7859/,https://www.imo-official.org/results/individual/year/2006/
Mathematics,IMO,2006,Isaac Buenrostro Morales,MEX,Silver,,https://www.imo-official.org/results/contestant/8441/,https://www.imo-official.org/results/individual/year/2006/
Mathematics,IMO,2006,Zachary Abel,USA,Silver,,https://www.imo-official.org/results/contestant/8876/,https://www.imo-official.org/results/individual/year/2006/
Mathematics,IMO,2006,Gjergji Zaimi,ALB,Silver,,https://www.imo-official.org/results/contestant/7630/,https://www.imo-official.org/results/individual/year/2006/
Mathematics,IMO,2006,Nikolay Ivanov Beluhov,BGR,Silver,,https://www.imo-official.org/results/contestant/8878/,https://www.imo-official.org/results/individual/year/2006/
Mathematics,IMO,2006,Ruslan Maksimau,BLR,Silver,,https://www.imo-official.org/results/contestant/8412/,https://www.imo-official.org/results/individual/year/2006/
Mathematics,IMO,2006,Yufei Zhao,CAN,Silver,,https://www.imo-official.org/results/contestant/8019/,https://www.imo-official.org/results/individual/year/2006/
Mathematics,IMO,2006,Goran Dražić,HRV,Silver,,https://www.imo-official.org/results/contestant/8049/,https://www.imo-official.org/results/individual/year/2006/
Mathematics,IMO,2006,Zsuzsanna Jankó,HUN,Silver,,https://www.imo-official.org/results/contestant/8347/,https://www.imo-official.org/results/individual/year/2006/
Mathematics,IMO,2006,Arman Fazeli Chaghooshi,IRN,Silver,,https://www.imo-official.org/results/contestant/8883/,https://www.imo-official.org/results/individual/year/2006/
Mathematics,IMO,2006,Jeha Yang,KOR,Silver,,https://www.imo-official.org/results/contestant/8884/,https://www.imo-official.org/results/individual/year/2006/
Mathematics,IMO,2006,Dragoş-Ioan Michnea,ROU,Silver,,https://www.imo-official.org/results/contestant/8331/,https://www.imo-official.org/results/individual/year/2006/
Mathematics,IMO,2006,Alexey Katyshev,RUS,Silver,,https://www.imo-official.org/results/contestant/8365/,https://www.imo-official.org/results/individual/year/2006/
Mathematics,IMO,2006,Teeradej Kittipassorn,THA,Silver,,https://www.imo-official.org/results/contestant/8888/,https://www.imo-official.org/results/individual/year/2006/
Mathematics,IMO,2006,Panupong Pasupat,THA,Silver,,https://www.imo-official.org/results/contestant/8410/,https://www.imo-official.org/results/individual/year/2006/
Mathematics,IMO,2006,Hale Nur Kazaçeşme,TUR,Silver,,https://www.imo-official.org/results/contestant/8889/,https://www.imo-official.org/results/individual/year/2006/
Mathematics,IMO,2006,Volodymyr Medvid,UKR,Silver,,https://www.imo-official.org/results/contestant/8890/,https://www.imo-official.org/results/individual/year/2006/
Mathematics,IMO,2006,Ryan (Taehyeon) Ko,USA,Silver,,https://www.imo-official.org/results/contestant/8892/,https://www.imo-official.org/results/individual/year/2006/
Mathematics,IMO,2006,Yi Sun,USA,Silver,,https://www.imo-official.org/results/contestant/8891/,https://www.imo-official.org/results/individual/year/2006/
Mathematics,IMO,2006,Julián Martín Eisenschlos,ARG,Silver,,https://www.imo-official.org/results/contestant/8893/,https://www.imo-official.org/results/individual/year/2006/
Mathematics,IMO,2006,Ignacio Agustín Rossi,ARG,Silver,,https://www.imo-official.org/results/contestant/8256/,https://www.imo-official.org/results/individual/year/2006/
Mathematics,IMO,2006,Charles Li,AUS,Silver,,https://www.imo-official.org/results/contestant/8895/,https://www.imo-official.org/results/individual/year/2006/
Mathematics,IMO,2006,Konrad Pilch,AUS,Silver,,https://www.imo-official.org/results/contestant/8496/,https://www.imo-official.org/results/individual/year/2006/
Mathematics,IMO,2006,Graham White,AUS,Silver,,https://www.imo-official.org/results/contestant/8063/,https://www.imo-official.org/results/individual/year/2006/
Mathematics,IMO,2006,Jafar Jafarov,AZE,Silver,,https://www.imo-official.org/results/contestant/8602/,https://www.imo-official.org/results/individual/year/2006/
Mathematics,IMO,2006,Emil Baronov,BGR,Silver,,https://www.imo-official.org/results/contestant/8899/,https://www.imo-official.org/results/individual/year/2006/
Mathematics,IMO,2006,Mikhail Karpuk,BLR,Silver,,https://www.imo-official.org/results/contestant/8900/,https://www.imo-official.org/results/individual/year/2006/
Mathematics,IMO,2006,Artsiom Mitskevich,BLR,Silver,,https://www.imo-official.org/results/contestant/8901/,https://www.imo-official.org/results/individual/year/2006/
Mathematics,IMO,2006,Viktoriya Krakovna,CAN,Silver,,https://www.imo-official.org/results/contestant/8902/,https://www.imo-official.org/results/individual/year/2006/
Mathematics,IMO,2006,Jack Hui,HKG,Silver,,https://www.imo-official.org/results/contestant/8370/,https://www.imo-official.org/results/individual/year/2006/
Mathematics,IMO,2006,Márton Erdélyi,HUN,Silver,,https://www.imo-official.org/results/contestant/8395/,https://www.imo-official.org/results/individual/year/2006/
Mathematics,IMO,2006,Valerio Melani,ITA,Silver,,https://www.imo-official.org/results/contestant/8905/,https://www.imo-official.org/results/individual/year/2006/
Mathematics,IMO,2006,Yuki Ito,JPN,Silver,,https://www.imo-official.org/results/contestant/8906/,https://www.imo-official.org/results/individual/year/2006/
Mathematics,IMO,2006,Yuki Yoshida,JPN,Silver,,https://www.imo-official.org/results/contestant/8907/,https://www.imo-official.org/results/individual/year/2006/
Mathematics,IMO,2006,Batuhan Karagöz,TUR,Silver,,https://www.imo-official.org/results/contestant/8908/,https://www.imo-official.org/results/individual/year/2006/
Mathematics,IMO,2006,Metehan Özsoy,TUR,Silver,,https://www.imo-official.org/results/contestant/8493/,https://www.imo-official.org/results/individual/year/2006/
Mathematics,IMO,2006,Chung-Heng Yeh,TWN,Silver,,https://www.imo-official.org/results/contestant/7450/,https://www.imo-official.org/results/individual/year/2006/
Mathematics,IMO,2006,Thomas Eccles,UNK,Silver,,https://www.imo-official.org/results/contestant/8911/,https://www.imo-official.org/results/individual/year/2006/
Mathematics,IMO,2006,Jonathan Lee,UNK,Silver,,https://www.imo-official.org/results/contestant/8912/,https://www.imo-official.org/results/individual/year/2006/
Mathematics,IMO,2006,Jack Shotton,UNK,Silver,,https://www.imo-official.org/results/contestant/8500/,https://www.imo-official.org/results/individual/year/2006/
Mathematics,IMO,2006,Thọ Nguyễn Xuân,VNM,Silver,,https://www.imo-official.org/results/contestant/8914/,https://www.imo-official.org/results/individual/year/2006/
Mathematics,IMO,2006,Dimitar Nedelchev Simeonov,BGR,Silver,,https://www.imo-official.org/results/contestant/7900/,https://www.imo-official.org/results/individual/year/2006/
Mathematics,IMO,2006,Daumilas Ardickas,LTU,Silver,,https://www.imo-official.org/results/contestant/8191/,https://www.imo-official.org/results/individual/year/2006/
Mathematics,IMO,2006,Wojciech Śmietanka,POL,Silver,,https://www.imo-official.org/results/contestant/8526/,https://www.imo-official.org/results/individual/year/2006/
Mathematics,IMO,2006,Alexander Glazman,RUS,Silver,,https://www.imo-official.org/results/contestant/8918/,https://www.imo-official.org/results/individual/year/2006/
Mathematics,IMO,2006,Yan Zhao,SGP,Silver,,https://www.imo-official.org/results/contestant/8389/,https://www.imo-official.org/results/individual/year/2006/
Mathematics,IMO,2006,Markus Sprecher,SUI,Silver,,https://www.imo-official.org/results/contestant/7722/,https://www.imo-official.org/results/individual/year/2006/
Mathematics,IMO,2006,Samuel Hapák,SVK,Silver,,https://www.imo-official.org/results/contestant/8921/,https://www.imo-official.org/results/individual/year/2006/
Mathematics,IMO,2006,Hasan Hüseyin Eruslu,TUR,Silver,,https://www.imo-official.org/results/contestant/8624/,https://www.imo-official.org/results/individual/year/2006/
Mathematics,IMO,2006,I-An Fan,TWN,Silver,,https://www.imo-official.org/results/contestant/8923/,https://www.imo-official.org/results/individual/year/2006/
Mathematics,IMO,2006,Tzu-Chiao Lin,TWN,Silver,,https://www.imo-official.org/results/contestant/8924/,https://www.imo-official.org/results/individual/year/2006/
Mathematics,IMO,2006,Daniel Lightwing,UNK,Silver,,https://www.imo-official.org/results/contestant/8925/,https://www.imo-official.org/results/individual/year/2006/
Mathematics,IMO,2006,Dong Uk (David) Rhee,CAN,Silver,,https://www.imo-official.org/results/contestant/8091/,https://www.imo-official.org/results/individual/year/2006/
Mathematics,IMO,2006,Zviad Metreveli,GEO,Silver,,https://www.imo-official.org/results/contestant/8502/,https://www.imo-official.org/results/individual/year/2006/
Mathematics,IMO,2006,On Yip Chung,HKG,Silver,,https://www.imo-official.org/results/contestant/8470/,https://www.imo-official.org/results/individual/year/2006/
Mathematics,IMO,2006,Alexey Gladkich,ISR,Silver,,https://www.imo-official.org/results/contestant/8536/,https://www.imo-official.org/results/individual/year/2006/
Mathematics,IMO,2006,Iván Joshua Hernández Máynez,MEX,Silver,,https://www.imo-official.org/results/contestant/8523/,https://www.imo-official.org/results/individual/year/2006/
Mathematics,IMO,2006,Shing Chan Chang,PAR,Silver,,https://www.imo-official.org/results/contestant/8931/,https://www.imo-official.org/results/individual/year/2006/
Mathematics,IMO,2006,Jaroslav Knebl,SVK,Silver,,https://www.imo-official.org/results/contestant/8932/,https://www.imo-official.org/results/individual/year/2006/
Mathematics,IMO,2006,Matjaž Berčič,SVN,Silver,,https://www.imo-official.org/results/contestant/8089/,https://www.imo-official.org/results/individual/year/2006/
Mathematics,IMO,2006,Elina Mihaylova Robeva,BGR,Silver,,https://www.imo-official.org/results/contestant/8934/,https://www.imo-official.org/results/individual/year/2006/
Mathematics,IMO,2006,Peng Shi,CAN,Silver,,https://www.imo-official.org/results/contestant/7963/,https://www.imo-official.org/results/individual/year/2006/
Mathematics,IMO,2006,Csaba Nagy,HUN,Silver,,https://www.imo-official.org/results/contestant/8936/,https://www.imo-official.org/results/individual/year/2006/
Mathematics,IMO,2006,Roland Paulin,HUN,Silver,,https://www.imo-official.org/results/contestant/7892/,https://www.imo-official.org/results/individual/year/2006/
Mathematics,IMO,2006,Mohammad Bavarian,IRN,Silver,,https://www.imo-official.org/results/contestant/8938/,https://www.imo-official.org/results/individual/year/2006/
Mathematics,IMO,2006,Seyed Jalil Kazemi Tabar Amir Kolaei,IRN,Silver,,https://www.imo-official.org/results/contestant/8939/,https://www.imo-official.org/results/individual/year/2006/
Mathematics,IMO,2006,Inna Entova,ISR,Silver,,https://www.imo-official.org/results/contestant/8940/,https://www.imo-official.org/results/individual/year/2006/
Mathematics,IMO,2006,Nurbol Duisenbayev,KAZ,Silver,,https://www.imo-official.org/results/contestant/8547/,https://www.imo-official.org/results/individual/year/2006/
Mathematics,IMO,2006,Daniel Chen Soncco Huarsaya,PER,Silver,,https://www.imo-official.org/results/contestant/8431/,https://www.imo-official.org/results/individual/year/2006/
Mathematics,IMO,2006,Wei Quan Lim,SGP,Silver,,https://www.imo-official.org/results/contestant/8943/,https://www.imo-official.org/results/individual/year/2006/
Mathematics,IMO,2006,Teerawut Wannaphahoon,THA,Silver,,https://www.imo-official.org/results/contestant/8944/,https://www.imo-official.org/results/individual/year/2006/
Mathematics,IMO,2006,Jumageldi Chariyev,TKM,Silver,,https://www.imo-official.org/results/contestant/8945/,https://www.imo-official.org/results/individual/year/2006/
Mathematics,IMO,2006,Che-Yu Liu,TWN,Silver,,https://www.imo-official.org/results/contestant/8417/,https://www.imo-official.org/results/individual/year/2006/
Mathematics,IMO,2006,Oleksandr Chuklin,UKR,Silver,,https://www.imo-official.org/results/contestant/8494/,https://www.imo-official.org/results/individual/year/2006/
Mathematics,IMO,2006,Trường Lê Nam,VNM,Silver,,https://www.imo-official.org/results/contestant/8948/,https://www.imo-official.org/results/individual/year/2006/
Mathematics,IMO,2006,Vinoth Nandakumar,AUS,Bronze,,https://www.imo-official.org/results/contestant/8443/,https://www.imo-official.org/results/individual/year/2006/
Mathematics,IMO,2006,Yimin Ge,AUT,Bronze,,https://www.imo-official.org/results/contestant/8600/,https://www.imo-official.org/results/individual/year/2006/
Mathematics,IMO,2006,Leonardo Ribeiro de Castro Carvalho,BRA,Bronze,,https://www.imo-official.org/results/contestant/8951/,https://www.imo-official.org/results/individual/year/2006/
Mathematics,IMO,2006,Laur Tooming,EST,Bronze,,https://www.imo-official.org/results/contestant/7614/,https://www.imo-official.org/results/individual/year/2006/
Mathematics,IMO,2006,Rati Gelashvili,GEO,Bronze,,https://www.imo-official.org/results/contestant/8954/,https://www.imo-official.org/results/individual/year/2006/
Mathematics,IMO,2006,Akaki Mamageishvili,GEO,Bronze,,https://www.imo-official.org/results/contestant/8955/,https://www.imo-official.org/results/individual/year/2006/
Mathematics,IMO,2006,Matthias Ohst,GER,Bronze,,https://www.imo-official.org/results/contestant/8119/,https://www.imo-official.org/results/individual/year/2006/
Mathematics,IMO,2006,Apurv Nakade,IND,Bronze,,https://www.imo-official.org/results/contestant/8956/,https://www.imo-official.org/results/individual/year/2006/
Mathematics,IMO,2006,Örn Stefánsson,ISL,Bronze,,https://www.imo-official.org/results/contestant/8176/,https://www.imo-official.org/results/individual/year/2006/
Mathematics,IMO,2006,Dan Carmon,ISR,Bronze,,https://www.imo-official.org/results/contestant/8958/,https://www.imo-official.org/results/individual/year/2006/
Mathematics,IMO,2006,Kęstutis Česnavičius,LTU,Bronze,,https://www.imo-official.org/results/contestant/8959/,https://www.imo-official.org/results/individual/year/2006/
Mathematics,IMO,2006,Rūdolfs Kreicbergs,LVA,Bronze,,https://www.imo-official.org/results/contestant/8206/,https://www.imo-official.org/results/individual/year/2006/
Mathematics,IMO,2006,Jørgen Vold Rennemo,NOR,Bronze,,https://www.imo-official.org/results/contestant/8595/,https://www.imo-official.org/results/individual/year/2006/
Mathematics,IMO,2006,Krzysztof Dorobisz,POL,Bronze,,https://www.imo-official.org/results/contestant/8962/,https://www.imo-official.org/results/individual/year/2006/
Mathematics,IMO,2006,Marius Pachiţariu,ROU,Bronze,,https://www.imo-official.org/results/contestant/8492/,https://www.imo-official.org/results/individual/year/2006/
Mathematics,IMO,2006,Cristian Tălău,ROU,Bronze,,https://www.imo-official.org/results/contestant/8964/,https://www.imo-official.org/results/individual/year/2006/
Mathematics,IMO,2006,Gunnar Guannan Peng,SWE,Bronze,,https://www.imo-official.org/results/contestant/8578/,https://www.imo-official.org/results/individual/year/2006/
Mathematics,IMO,2006,Đức Đặng Bảo,VNM,Bronze,,https://www.imo-official.org/results/contestant/8966/,https://www.imo-official.org/results/individual/year/2006/
Mathematics,IMO,2006,François Gonze,BEL,Bronze,,https://www.imo-official.org/results/contestant/8452/,https://www.imo-official.org/results/individual/year/2006/
Mathematics,IMO,2006,Tzvetelina Kirilova Tzeneva,BGR,Bronze,,https://www.imo-official.org/results/contestant/8377/,https://www.imo-official.org/results/individual/year/2006/
Mathematics,IMO,2006,Rafael Mendes de Oliveira,BRA,Bronze,,https://www.imo-official.org/results/contestant/8969/,https://www.imo-official.org/results/individual/year/2006/
Mathematics,IMO,2006,Daniel Harrer,GER,Bronze,,https://www.imo-official.org/results/contestant/8420/,https://www.imo-official.org/results/individual/year/2006/
Mathematics,IMO,2006,Andrey Kim,KAZ,Bronze,,https://www.imo-official.org/results/contestant/7857/,https://www.imo-official.org/results/individual/year/2006/
Mathematics,IMO,2006,Daulet Zhanguzin,KAZ,Bronze,,https://www.imo-official.org/results/contestant/8972/,https://www.imo-official.org/results/individual/year/2006/
Mathematics,IMO,2006,Sumiya Baasandorj,MNG,Bronze,,https://www.imo-official.org/results/contestant/8973/,https://www.imo-official.org/results/individual/year/2006/
Mathematics,IMO,2006,Marijana Smailagić,SRB,Bronze,,https://www.imo-official.org/results/contestant/8974/,https://www.imo-official.org/results/individual/year/2006/
Mathematics,IMO,2006,Ján Mikuláš,SVK,Bronze,,https://www.imo-official.org/results/contestant/8975/,https://www.imo-official.org/results/individual/year/2006/
Mathematics,IMO,2006,Danylo Radchenko,UKR,Bronze,,https://www.imo-official.org/results/contestant/8976/,https://www.imo-official.org/results/individual/year/2006/
Mathematics,IMO,2006,Utkir Boltaev,UZB,Bronze,,https://www.imo-official.org/results/contestant/8977/,https://www.imo-official.org/results/individual/year/2006/
Mathematics,IMO,2006,Peter Gila,AUT,Bronze,,https://www.imo-official.org/results/contestant/8565/,https://www.imo-official.org/results/individual/year/2006/
Mathematics,IMO,2006,Vedran Karahodžić,BIH,Bronze,,https://www.imo-official.org/results/contestant/8979/,https://www.imo-official.org/results/individual/year/2006/
Mathematics,IMO,2006,Leandro Farias Maia,BRA,Bronze,,https://www.imo-official.org/results/contestant/8583/,https://www.imo-official.org/results/individual/year/2006/
Mathematics,IMO,2006,Zbyněk Konečný,CZE,Bronze,,https://www.imo-official.org/results/contestant/8981/,https://www.imo-official.org/results/individual/year/2006/
Mathematics,IMO,2006,Pavel Šalom,CZE,Bronze,,https://www.imo-official.org/results/contestant/8982/,https://www.imo-official.org/results/individual/year/2006/
Mathematics,IMO,2006,Heiki Niglas,EST,Bronze,,https://www.imo-official.org/results/contestant/8983/,https://www.imo-official.org/results/individual/year/2006/
Mathematics,IMO,2006,Esa Vesalainen,FIN,Bronze,,https://www.imo-official.org/results/contestant/8800/,https://www.imo-official.org/results/individual/year/2006/
Mathematics,IMO,2006,Konstantinos Psychas,HEL,Bronze,,https://www.imo-official.org/results/contestant/8985/,https://www.imo-official.org/results/individual/year/2006/
Mathematics,IMO,2006,Chiu Wai Wong,HKG,Bronze,,https://www.imo-official.org/results/contestant/8760/,https://www.imo-official.org/results/individual/year/2006/
Mathematics,IMO,2006,Chak Hei Yuen,HKG,Bronze,,https://www.imo-official.org/results/contestant/8987/,https://www.imo-official.org/results/individual/year/2006/
Mathematics,IMO,2006,Nikola Adžaga,HRV,Bronze,,https://www.imo-official.org/results/contestant/8988/,https://www.imo-official.org/results/individual/year/2006/
Mathematics,IMO,2006,Riddhipratim Basu,IND,Bronze,,https://www.imo-official.org/results/contestant/8641/,https://www.imo-official.org/results/individual/year/2006/
Mathematics,IMO,2006,Teruhisa Koshikawa,JPN,Bronze,,https://www.imo-official.org/results/contestant/8990/,https://www.imo-official.org/results/individual/year/2006/
Mathematics,IMO,2006,Supun Thamara Samarakoon,LKA,Bronze,,https://www.imo-official.org/results/contestant/8163/,https://www.imo-official.org/results/individual/year/2006/
Mathematics,IMO,2006,Jayamuni Mario Shashindra Srimal Silva,LKA,Bronze,,https://www.imo-official.org/results/contestant/8992/,https://www.imo-official.org/results/individual/year/2006/
Mathematics,IMO,2006,Lai Fan Pun,MAC,Bronze,,https://www.imo-official.org/results/contestant/8192/,https://www.imo-official.org/results/individual/year/2006/
Mathematics,IMO,2006,Vitalie Patrînica,MDA,Bronze,,https://www.imo-official.org/results/contestant/8684/,https://www.imo-official.org/results/individual/year/2006/
Mathematics,IMO,2006,Guevara Manuel Ángel Guevara López,MEX,Bronze,,https://www.imo-official.org/results/contestant/8442/,https://www.imo-official.org/results/individual/year/2006/
Mathematics,IMO,2006,Bat-Erdene Tsend,MNG,Bronze,,https://www.imo-official.org/results/contestant/8996/,https://www.imo-official.org/results/individual/year/2006/
Mathematics,IMO,2006,Albert James Liley,NZL,Bronze,,https://www.imo-official.org/results/contestant/8210/,https://www.imo-official.org/results/individual/year/2006/
Mathematics,IMO,2006,Rupert Nelson,NZL,Bronze,,https://www.imo-official.org/results/contestant/8997/,https://www.imo-official.org/results/individual/year/2006/
Mathematics,IMO,2006,Marcin Dublański,POL,Bronze,,https://www.imo-official.org/results/contestant/8999/,https://www.imo-official.org/results/individual/year/2006/
Mathematics,IMO,2006,Jun Wei Ho,SGP,Bronze,,https://www.imo-official.org/results/contestant/9002/,https://www.imo-official.org/results/individual/year/2006/
Mathematics,IMO,2006,Marko Jevremović,SRB,Bronze,,https://www.imo-official.org/results/contestant/9000/,https://www.imo-official.org/results/individual/year/2006/
Mathematics,IMO,2006,Aleksandar Trokicić,SRB,Bronze,,https://www.imo-official.org/results/contestant/9001/,https://www.imo-official.org/results/individual/year/2006/
Mathematics,IMO,2006,Špela Špenko,SVN,Bronze,,https://www.imo-official.org/results/contestant/8576/,https://www.imo-official.org/results/individual/year/2006/
Mathematics,IMO,2006,Joel Erik Larsson,SWE,Bronze,,https://www.imo-official.org/results/contestant/9004/,https://www.imo-official.org/results/individual/year/2006/
Mathematics,IMO,2006,Saul Glasman,UNK,Bronze,,https://www.imo-official.org/results/contestant/8445/,https://www.imo-official.org/results/individual/year/2006/
Mathematics,IMO,2006,Anri Rembeci,ALB,Bronze,,https://www.imo-official.org/results/contestant/9006/,https://www.imo-official.org/results/individual/year/2006/
Mathematics,IMO,2006,Roberto Aníbal Morales,ARG,Bronze,,https://www.imo-official.org/results/contestant/9007/,https://www.imo-official.org/results/individual/year/2006/
Mathematics,IMO,2006,Pablo Nicolás Zimmermann,ARG,Bronze,,https://www.imo-official.org/results/contestant/9008/,https://www.imo-official.org/results/individual/year/2006/
Mathematics,IMO,2006,Nerses Aramyan,ARM,Bronze,,https://www.imo-official.org/results/contestant/8460/,https://www.imo-official.org/results/individual/year/2006/
Mathematics,IMO,2006,Vinh Pham,AUS,Bronze,,https://www.imo-official.org/results/contestant/9010/,https://www.imo-official.org/results/individual/year/2006/
Mathematics,IMO,2006,Michael Moßhammer,AUT,Bronze,,https://www.imo-official.org/results/contestant/8480/,https://www.imo-official.org/results/individual/year/2006/
Mathematics,IMO,2006,Khalil Nasirov,AZE,Bronze,,https://www.imo-official.org/results/contestant/8187/,https://www.imo-official.org/results/individual/year/2006/
Mathematics,IMO,2006,Irfan Glogić,BIH,Bronze,,https://www.imo-official.org/results/contestant/9013/,https://www.imo-official.org/results/individual/year/2006/
Mathematics,IMO,2006,Aliaksandr Mandryk,BLR,Bronze,,https://www.imo-official.org/results/contestant/9014/,https://www.imo-official.org/results/individual/year/2006/
Mathematics,IMO,2006,Yauheni Zhybryk,BLR,Bronze,,https://www.imo-official.org/results/contestant/9015/,https://www.imo-official.org/results/individual/year/2006/
Mathematics,IMO,2006,André Linhares Rodrigues,BRA,Bronze,,https://www.imo-official.org/results/contestant/9016/,https://www.imo-official.org/results/individual/year/2006/
Mathematics,IMO,2006,Régis Prado Barbosa,BRA,Bronze,,https://www.imo-official.org/results/contestant/9018/,https://www.imo-official.org/results/individual/year/2006/
Mathematics,IMO,2006,Guilherme Rodrigues Nogueira de Souza,BRA,Bronze,,https://www.imo-official.org/results/contestant/8566/,https://www.imo-official.org/results/individual/year/2006/
Mathematics,IMO,2006,Yang (Richard) Peng,CAN,Bronze,,https://www.imo-official.org/results/contestant/8378/,https://www.imo-official.org/results/individual/year/2006/
Mathematics,IMO,2006,Diego Cifuentes,COL,Bronze,,https://www.imo-official.org/results/contestant/9021/,https://www.imo-official.org/results/individual/year/2006/
Mathematics,IMO,2006,José Alejandro Samper,COL,Bronze,,https://www.imo-official.org/results/contestant/9020/,https://www.imo-official.org/results/individual/year/2006/
Mathematics,IMO,2006,Daniel Campos Salas,CRI,Bronze,,https://www.imo-official.org/results/contestant/8608/,https://www.imo-official.org/results/individual/year/2006/
Mathematics,IMO,2006,Jaroslav Hančl,CZE,Bronze,,https://www.imo-official.org/results/contestant/8647/,https://www.imo-official.org/results/individual/year/2006/
Mathematics,IMO,2006,Fernando Daniel Gómez Sánchez,ECU,Bronze,,https://www.imo-official.org/results/contestant/7790/,https://www.imo-official.org/results/individual/year/2006/
Mathematics,IMO,2006,Javier de la Nuez González,ESP,Bronze,,https://www.imo-official.org/results/contestant/8610/,https://www.imo-official.org/results/individual/year/2006/
Mathematics,IMO,2006,Xavier Ros Otón,ESP,Bronze,,https://www.imo-official.org/results/contestant/9026/,https://www.imo-official.org/results/individual/year/2006/
Mathematics,IMO,2006,Sebastian Dumitrescu,FIN,Bronze,,https://www.imo-official.org/results/contestant/8466/,https://www.imo-official.org/results/individual/year/2006/
Mathematics,IMO,2006,Ville Pettersson,FIN,Bronze,,https://www.imo-official.org/results/contestant/8219/,https://www.imo-official.org/results/individual/year/2006/
Mathematics,IMO,2006,Jukka Sireni,FIN,Bronze,,https://www.imo-official.org/results/contestant/9029/,https://www.imo-official.org/results/individual/year/2006/
Mathematics,IMO,2006,Bruno Le Floch,FRA,Bronze,,https://www.imo-official.org/results/contestant/8467/,https://www.imo-official.org/results/individual/year/2006/
Mathematics,IMO,2006,Benjamin Scellier,FRA,Bronze,,https://www.imo-official.org/results/contestant/9031/,https://www.imo-official.org/results/individual/year/2006/
Mathematics,IMO,2006,Irène Waldspurger,FRA,Bronze,,https://www.imo-official.org/results/contestant/9032/,https://www.imo-official.org/results/individual/year/2006/
Mathematics,IMO,2006,Irakli Chitaia,GEO,Bronze,,https://www.imo-official.org/results/contestant/9033/,https://www.imo-official.org/results/individual/year/2006/
Mathematics,IMO,2006,Rallis Karamichalis,HEL,Bronze,,https://www.imo-official.org/results/contestant/9034/,https://www.imo-official.org/results/individual/year/2006/
Mathematics,IMO,2006,István Tomon,HUN,Bronze,,https://www.imo-official.org/results/contestant/9035/,https://www.imo-official.org/results/individual/year/2006/
Mathematics,IMO,2006,Ashay Arvind Burungale,IND,Bronze,,https://www.imo-official.org/results/contestant/9036/,https://www.imo-official.org/results/individual/year/2006/
Mathematics,IMO,2006,Varun Suhas Jog,IND,Bronze,,https://www.imo-official.org/results/contestant/8546/,https://www.imo-official.org/results/individual/year/2006/
Mathematics,IMO,2006,Manas Rajendra Joglekar,IND,Bronze,,https://www.imo-official.org/results/contestant/9038/,https://www.imo-official.org/results/individual/year/2006/
Mathematics,IMO,2006,Asset Mussagaliyev,KAZ,Bronze,,https://www.imo-official.org/results/contestant/9040/,https://www.imo-official.org/results/individual/year/2006/
Mathematics,IMO,2006,Merlan Nagidulin,KAZ,Bronze,,https://www.imo-official.org/results/contestant/9039/,https://www.imo-official.org/results/individual/year/2006/
Mathematics,IMO,2006,Rankothge Buddhihemal Mahindaratne,LKA,Bronze,,https://www.imo-official.org/results/contestant/8615/,https://www.imo-official.org/results/individual/year/2006/
Mathematics,IMO,2006,Laurynas Mikšys,LTU,Bronze,,https://www.imo-official.org/results/contestant/9042/,https://www.imo-official.org/results/individual/year/2006/
Mathematics,IMO,2006,Vladimirs Murevičs,LVA,Bronze,,https://www.imo-official.org/results/contestant/8682/,https://www.imo-official.org/results/individual/year/2006/
Mathematics,IMO,2006,Elvijs Sarkans,LVA,Bronze,,https://www.imo-official.org/results/contestant/8143/,https://www.imo-official.org/results/individual/year/2006/
Mathematics,IMO,2006,Chi Choi Wong,MAC,Bronze,,https://www.imo-official.org/results/contestant/8616/,https://www.imo-official.org/results/individual/year/2006/
Mathematics,IMO,2006,Loke Zhi Kin,MAS,Bronze,,https://www.imo-official.org/results/contestant/9049/,https://www.imo-official.org/results/individual/year/2006/
Mathematics,IMO,2006,Liubomir Chiriac,MDA,Bronze,,https://www.imo-official.org/results/contestant/8053/,https://www.imo-official.org/results/individual/year/2006/
Mathematics,IMO,2006,Andrei Frimu,MDA,Bronze,,https://www.imo-official.org/results/contestant/9047/,https://www.imo-official.org/results/individual/year/2006/
Mathematics,IMO,2006,Viktor Simjanoski,MKD,Bronze,,https://www.imo-official.org/results/contestant/8592/,https://www.imo-official.org/results/individual/year/2006/
Mathematics,IMO,2006,Jossy Milagros Alva Gutiérrez,PER,Bronze,,https://www.imo-official.org/results/contestant/8525/,https://www.imo-official.org/results/individual/year/2006/
Mathematics,IMO,2006,Maciej Skórski,POL,Bronze,,https://www.imo-official.org/results/contestant/9051/,https://www.imo-official.org/results/individual/year/2006/
Mathematics,IMO,2006,Afonso José Sousa Bandeira,POR,Bronze,,https://www.imo-official.org/results/contestant/8737/,https://www.imo-official.org/results/individual/year/2006/
Mathematics,IMO,2006,João Manuel Gonçalves Caldeira,POR,Bronze,,https://www.imo-official.org/results/contestant/8739/,https://www.imo-official.org/results/individual/year/2006/
Mathematics,IMO,2006,João Leitão Guerreiro,POR,Bronze,,https://www.imo-official.org/results/contestant/8738/,https://www.imo-official.org/results/individual/year/2006/
Mathematics,IMO,2006,Bryan Kuen-Yew Hooi,SGP,Bronze,,https://www.imo-official.org/results/contestant/9057/,https://www.imo-official.org/results/individual/year/2006/
Mathematics,IMO,2006,Jiawei Wu,SGP,Bronze,,https://www.imo-official.org/results/contestant/8433/,https://www.imo-official.org/results/individual/year/2006/
Mathematics,IMO,2006,Marija Jelić,SRB,Bronze,,https://www.imo-official.org/results/contestant/9055/,https://www.imo-official.org/results/individual/year/2006/
Mathematics,IMO,2006,Mladen Radojević,SRB,Bronze,,https://www.imo-official.org/results/contestant/9056/,https://www.imo-official.org/results/individual/year/2006/
Mathematics,IMO,2006,István Estélyi,SVK,Bronze,,https://www.imo-official.org/results/contestant/9059/,https://www.imo-official.org/results/individual/year/2006/
Mathematics,IMO,2006,Michal Takács,SVK,Bronze,,https://www.imo-official.org/results/contestant/9060/,https://www.imo-official.org/results/individual/year/2006/
Mathematics,IMO,2006,David Gajser,SVN,Bronze,,https://www.imo-official.org/results/contestant/8249/,https://www.imo-official.org/results/individual/year/2006/
Mathematics,IMO,2006,Peter Lendero,SVN,Bronze,,https://www.imo-official.org/results/contestant/8212/,https://www.imo-official.org/results/individual/year/2006/
Mathematics,IMO,2006,Zihan Hans Liu,SWE,Bronze,,https://www.imo-official.org/results/contestant/9063/,https://www.imo-official.org/results/individual/year/2006/
Mathematics,IMO,2006,Sarita Bunsupha,THA,Bronze,,https://www.imo-official.org/results/contestant/9064/,https://www.imo-official.org/results/individual/year/2006/
Mathematics,IMO,2006,Tanawit Sae Sue,THA,Bronze,,https://www.imo-official.org/results/contestant/9065/,https://www.imo-official.org/results/individual/year/2006/
Mathematics,IMO,2006,Arslan Muhammetmyrat Hojiyev,TKM,Bronze,,https://www.imo-official.org/results/contestant/8198/,https://www.imo-official.org/results/individual/year/2006/
Mathematics,IMO,2006,Cafer Tayyar Yıldırım,TUR,Bronze,,https://www.imo-official.org/results/contestant/9067/,https://www.imo-official.org/results/individual/year/2006/
Mathematics,IMO,2006,Vitalii Lishunov,UKR,Bronze,,https://www.imo-official.org/results/contestant/9068/,https://www.imo-official.org/results/individual/year/2006/
Mathematics,IMO,2006,Javlonbek Bozorov,UZB,Bronze,,https://www.imo-official.org/results/contestant/9069/,https://www.imo-official.org/results/individual/year/2006/
Mathematics,IMO,2006,Quý Lê Hồng,VNM,Bronze,,https://www.imo-official.org/results/contestant/9070/,https://www.imo-official.org/results/individual/year/2006/
Mathematics,IMO,2007,Konstantin Matveev,RUS,Gold,,https://www.imo-official.org/results/contestant/15785/,https://www.imo-official.org/results/individual/year/2007/
Mathematics,IMO,2007,Caili Shen,CHN,Gold,,https://www.imo-official.org/results/contestant/8821/,https://www.imo-official.org/results/individual/year/2007/
Mathematics,IMO,2007,Peter Scholze,GER,Gold,,https://www.imo-official.org/results/contestant/7867/,https://www.imo-official.org/results/individual/year/2007/
Mathematics,IMO,2007,Pietro Vertechi,ITA,Gold,,https://www.imo-official.org/results/contestant/15607/,https://www.imo-official.org/results/individual/year/2007/
Mathematics,IMO,2007,Danylo Radchenko,UKR,Gold,,https://www.imo-official.org/results/contestant/8976/,https://www.imo-official.org/results/individual/year/2007/
Mathematics,IMO,2007,Maria Ilyukhina,RUS,Gold,,https://www.imo-official.org/results/contestant/15784/,https://www.imo-official.org/results/individual/year/2007/
Mathematics,IMO,2007,Toshiki Kataoka,JPN,Gold,,https://www.imo-official.org/results/contestant/7893/,https://www.imo-official.org/results/individual/year/2007/
Mathematics,IMO,2007,Whan Ghang,KOR,Gold,,https://www.imo-official.org/results/contestant/8364/,https://www.imo-official.org/results/individual/year/2007/
Mathematics,IMO,2007,Livia Alexandra Ilie,ROU,Gold,,https://www.imo-official.org/results/contestant/15770/,https://www.imo-official.org/results/individual/year/2007/
Mathematics,IMO,2007,Sherry Gong,USA,Gold,,https://www.imo-official.org/results/contestant/7209/,https://www.imo-official.org/results/individual/year/2007/
Mathematics,IMO,2007,Alex (Lin) Zhai,USA,Gold,,https://www.imo-official.org/results/contestant/8868/,https://www.imo-official.org/results/individual/year/2007/
Mathematics,IMO,2007,Deyan Stanislavov Simeonov,BGR,Gold,,https://www.imo-official.org/results/contestant/15440/,https://www.imo-official.org/results/individual/year/2007/
Mathematics,IMO,2007,Jeha Yang,KOR,Gold,,https://www.imo-official.org/results/contestant/8884/,https://www.imo-official.org/results/individual/year/2007/
Mathematics,IMO,2007,Alexey Esin,RUS,Gold,,https://www.imo-official.org/results/contestant/15782/,https://www.imo-official.org/results/individual/year/2007/
Mathematics,IMO,2007,Panupong Pasupat,THA,Gold,,https://www.imo-official.org/results/contestant/8410/,https://www.imo-official.org/results/individual/year/2007/
Mathematics,IMO,2007,Cafer Tayyar Yıldırım,TUR,Gold,,https://www.imo-official.org/results/contestant/9067/,https://www.imo-official.org/results/individual/year/2007/
Mathematics,IMO,2007,Jack Shotton,UNK,Gold,,https://www.imo-official.org/results/contestant/8500/,https://www.imo-official.org/results/individual/year/2007/
Mathematics,IMO,2007,Bách Đỗ Xuân,VNM,Gold,,https://www.imo-official.org/results/contestant/15893/,https://www.imo-official.org/results/individual/year/2007/
Mathematics,IMO,2007,Nikolay Ivanov Beluhov,BGR,Gold,,https://www.imo-official.org/results/contestant/8878/,https://www.imo-official.org/results/individual/year/2007/
Mathematics,IMO,2007,Lei Fu,CHN,Gold,,https://www.imo-official.org/results/contestant/15465/,https://www.imo-official.org/results/individual/year/2007/
Mathematics,IMO,2007,Xuan Wang,CHN,Gold,,https://www.imo-official.org/results/contestant/15461/,https://www.imo-official.org/results/individual/year/2007/
Mathematics,IMO,2007,Ben Yang,CHN,Gold,,https://www.imo-official.org/results/contestant/15464/,https://www.imo-official.org/results/individual/year/2007/
Mathematics,IMO,2007,Seyedhesam Firouzi,IRN,Gold,,https://www.imo-official.org/results/contestant/15588/,https://www.imo-official.org/results/individual/year/2007/
Mathematics,IMO,2007,Makoto Soejima,JPN,Gold,,https://www.imo-official.org/results/contestant/8473/,https://www.imo-official.org/results/individual/year/2007/
Mathematics,IMO,2007,Przemysław Mazur,POL,Gold,,https://www.imo-official.org/results/contestant/8822/,https://www.imo-official.org/results/individual/year/2007/
Mathematics,IMO,2007,Mladen Radojević,SRB,Gold,,https://www.imo-official.org/results/contestant/9056/,https://www.imo-official.org/results/individual/year/2007/
Mathematics,IMO,2007,Thái Phạm Thành,VNM,Gold,,https://www.imo-official.org/results/contestant/15896/,https://www.imo-official.org/results/individual/year/2007/
Mathematics,IMO,2007,Artsiom Mitskevich,BLR,Gold,,https://www.imo-official.org/results/contestant/8901/,https://www.imo-official.org/results/individual/year/2007/
Mathematics,IMO,2007,Benjamin Scellier,FRA,Gold,,https://www.imo-official.org/results/contestant/9031/,https://www.imo-official.org/results/individual/year/2007/
Mathematics,IMO,2007,Rati Gelashvili,GEO,Gold,,https://www.imo-official.org/results/contestant/8954/,https://www.imo-official.org/results/individual/year/2007/
Mathematics,IMO,2007,Kęstutis Česnavičius,LTU,Gold,,https://www.imo-official.org/results/contestant/8959/,https://www.imo-official.org/results/individual/year/2007/
Mathematics,IMO,2007,An Sung Chol,PRK,Gold,,https://www.imo-official.org/results/contestant/15766/,https://www.imo-official.org/results/individual/year/2007/
Mathematics,IMO,2007,Sergey Drozdov,RUS,Gold,,https://www.imo-official.org/results/contestant/15783/,https://www.imo-official.org/results/individual/year/2007/
Mathematics,IMO,2007,Ivan Mitrofanov,RUS,Gold,,https://www.imo-official.org/results/contestant/15786/,https://www.imo-official.org/results/individual/year/2007/
Mathematics,IMO,2007,Pao-Yu Chien,TWN,Gold,,https://www.imo-official.org/results/contestant/15849/,https://www.imo-official.org/results/individual/year/2007/
Mathematics,IMO,2007,Kuan-Chieh Liao,TWN,Gold,,https://www.imo-official.org/results/contestant/15852/,https://www.imo-official.org/results/individual/year/2007/
Mathematics,IMO,2007,Volodymyr Medvid,UKR,Gold,,https://www.imo-official.org/results/contestant/8890/,https://www.imo-official.org/results/individual/year/2007/
Mathematics,IMO,2007,Pavlo Mishchenko,UKR,Gold,,https://www.imo-official.org/results/contestant/15868/,https://www.imo-official.org/results/individual/year/2007/
Mathematics,IMO,2007,Tùng Phạm Duy,VNM,Gold,,https://www.imo-official.org/results/contestant/15898/,https://www.imo-official.org/results/individual/year/2007/
Mathematics,IMO,2007,Matthew Cedric Menzies,AUS,Silver,,https://www.imo-official.org/results/contestant/15396/,https://www.imo-official.org/results/individual/year/2007/
Mathematics,IMO,2007,Tengyu Ma,CHN,Silver,,https://www.imo-official.org/results/contestant/15463/,https://www.imo-official.org/results/individual/year/2007/
Mathematics,IMO,2007,Cho Ho Lam,HKG,Silver,,https://www.imo-official.org/results/contestant/15556/,https://www.imo-official.org/results/individual/year/2007/
Mathematics,IMO,2007,Chiu Wai Wong,HKG,Silver,,https://www.imo-official.org/results/contestant/8760/,https://www.imo-official.org/results/individual/year/2007/
Mathematics,IMO,2007,Mohammad Reza Takapoui,IRN,Silver,,https://www.imo-official.org/results/contestant/15584/,https://www.imo-official.org/results/individual/year/2007/
Mathematics,IMO,2007,Soo Hong Lee,KOR,Silver,,https://www.imo-official.org/results/contestant/15628/,https://www.imo-official.org/results/individual/year/2007/
Mathematics,IMO,2007,Jørgen Vold Rennemo,NOR,Silver,,https://www.imo-official.org/results/contestant/8595/,https://www.imo-official.org/results/individual/year/2007/
Mathematics,IMO,2007,Kang Chung Hyok,PRK,Silver,,https://www.imo-official.org/results/contestant/15763/,https://www.imo-official.org/results/individual/year/2007/
Mathematics,IMO,2007,Kim Jin Hyok,PRK,Silver,,https://www.imo-official.org/results/contestant/15762/,https://www.imo-official.org/results/individual/year/2007/
Mathematics,IMO,2007,An Ok Song,PRK,Silver,,https://www.imo-official.org/results/contestant/15761/,https://www.imo-official.org/results/individual/year/2007/
Mathematics,IMO,2007,Lucian-Gabriel Țurea,ROU,Silver,,https://www.imo-official.org/results/contestant/15774/,https://www.imo-official.org/results/individual/year/2007/
Mathematics,IMO,2007,Yi-Wei Chan,TWN,Silver,,https://www.imo-official.org/results/contestant/8857/,https://www.imo-official.org/results/individual/year/2007/
Mathematics,IMO,2007,Brian Lawrence,USA,Silver,,https://www.imo-official.org/results/contestant/8320/,https://www.imo-official.org/results/individual/year/2007/
Mathematics,IMO,2007,Sơn Lê Ngọc,VNM,Silver,,https://www.imo-official.org/results/contestant/15895/,https://www.imo-official.org/results/individual/year/2007/
Mathematics,IMO,2007,Chương Nguyễn Xuân,VNM,Silver,,https://www.imo-official.org/results/contestant/15894/,https://www.imo-official.org/results/individual/year/2007/
Mathematics,IMO,2007,Han Hu,CHN,Silver,,https://www.imo-official.org/results/contestant/15460/,https://www.imo-official.org/results/individual/year/2007/
Mathematics,IMO,2007,Dániel Korándi,HUN,Silver,,https://www.imo-official.org/results/contestant/15561/,https://www.imo-official.org/results/individual/year/2007/
Mathematics,IMO,2007,Raymond Christopher,IDN,Silver,,https://www.imo-official.org/results/contestant/15570/,https://www.imo-official.org/results/individual/year/2007/
Mathematics,IMO,2007,Jeong Soo Sim,KOR,Silver,,https://www.imo-official.org/results/contestant/15629/,https://www.imo-official.org/results/individual/year/2007/
Mathematics,IMO,2007,Sin Kum Song,PRK,Silver,,https://www.imo-official.org/results/contestant/15764/,https://www.imo-official.org/results/individual/year/2007/
Mathematics,IMO,2007,Gergő Gyenizse,HUN,Silver,,https://www.imo-official.org/results/contestant/15565/,https://www.imo-official.org/results/individual/year/2007/
Mathematics,IMO,2007,Shayan Dashmiz,IRN,Silver,,https://www.imo-official.org/results/contestant/15585/,https://www.imo-official.org/results/individual/year/2007/
Mathematics,IMO,2007,Norifumi Seki,JPN,Silver,,https://www.imo-official.org/results/contestant/15610/,https://www.imo-official.org/results/individual/year/2007/
Mathematics,IMO,2007,Seok Hyeong Lee,KOR,Silver,,https://www.imo-official.org/results/contestant/8826/,https://www.imo-official.org/results/individual/year/2007/
Mathematics,IMO,2007,Iurie Boreico,MDA,Silver,,https://www.imo-official.org/results/contestant/7403/,https://www.imo-official.org/results/individual/year/2007/
Mathematics,IMO,2007,Yimin Ge,AUT,Silver,,https://www.imo-official.org/results/contestant/8600/,https://www.imo-official.org/results/individual/year/2007/
Mathematics,IMO,2007,Daniel Chen Soncco Huarsaya,PER,Silver,,https://www.imo-official.org/results/contestant/8431/,https://www.imo-official.org/results/individual/year/2007/
Mathematics,IMO,2007,Viktor Bogdanskyy,UKR,Silver,,https://www.imo-official.org/results/contestant/15866/,https://www.imo-official.org/results/individual/year/2007/
Mathematics,IMO,2007,Tigran Sloyan,ARM,Silver,,https://www.imo-official.org/results/contestant/7681/,https://www.imo-official.org/results/individual/year/2007/
Mathematics,IMO,2007,Aleksandar Kirilov Daskalov,BGR,Silver,,https://www.imo-official.org/results/contestant/15445/,https://www.imo-official.org/results/individual/year/2007/
Mathematics,IMO,2007,Giorgi Arabidze,GEO,Silver,,https://www.imo-official.org/results/contestant/15538/,https://www.imo-official.org/results/individual/year/2007/
Mathematics,IMO,2007,Friedrich Feuerstein,GER,Silver,,https://www.imo-official.org/results/contestant/7617/,https://www.imo-official.org/results/individual/year/2007/
Mathematics,IMO,2007,Georg Schröter,GER,Silver,,https://www.imo-official.org/results/contestant/15547/,https://www.imo-official.org/results/individual/year/2007/
Mathematics,IMO,2007,Nikolaos Romanidis,HEL,Silver,,https://www.imo-official.org/results/contestant/9086/,https://www.imo-official.org/results/individual/year/2007/
Mathematics,IMO,2007,Pok Wai Fong,HKG,Silver,,https://www.imo-official.org/results/contestant/8860/,https://www.imo-official.org/results/individual/year/2007/
Mathematics,IMO,2007,Abhishek Hemantkumar Dang,IND,Silver,,https://www.imo-official.org/results/contestant/8011/,https://www.imo-official.org/results/individual/year/2007/
Mathematics,IMO,2007,Saeed Hadikhanloo,IRN,Silver,,https://www.imo-official.org/results/contestant/15589/,https://www.imo-official.org/results/individual/year/2007/
Mathematics,IMO,2007,Maria Colombo,ITA,Silver,,https://www.imo-official.org/results/contestant/8457/,https://www.imo-official.org/results/individual/year/2007/
Mathematics,IMO,2007,Yoon Joo Kim,KOR,Silver,,https://www.imo-official.org/results/contestant/15630/,https://www.imo-official.org/results/individual/year/2007/
Mathematics,IMO,2007,Sumiya Baasandorj,MNG,Silver,,https://www.imo-official.org/results/contestant/8973/,https://www.imo-official.org/results/individual/year/2007/
Mathematics,IMO,2007,Wojciech Zaremba,POL,Silver,,https://www.imo-official.org/results/contestant/15754/,https://www.imo-official.org/results/individual/year/2007/
Mathematics,IMO,2007,Elena Mădălina Persu,ROU,Silver,,https://www.imo-official.org/results/contestant/15772/,https://www.imo-official.org/results/individual/year/2007/
Mathematics,IMO,2007,Vladislav Volkov,RUS,Silver,,https://www.imo-official.org/results/contestant/15787/,https://www.imo-official.org/results/individual/year/2007/
Mathematics,IMO,2007,Roberto Aníbal Morales,ARG,Silver,,https://www.imo-official.org/results/contestant/9007/,https://www.imo-official.org/results/individual/year/2007/
Mathematics,IMO,2007,Elina Mihaylova Robeva,BGR,Silver,,https://www.imo-official.org/results/contestant/8934/,https://www.imo-official.org/results/individual/year/2007/
Mathematics,IMO,2007,Régis Prado Barbosa,BRA,Silver,,https://www.imo-official.org/results/contestant/9018/,https://www.imo-official.org/results/individual/year/2007/
Mathematics,IMO,2007,Pak Hin Lee,HKG,Silver,,https://www.imo-official.org/results/contestant/15557/,https://www.imo-official.org/results/individual/year/2007/
Mathematics,IMO,2007,Byambajav Namsraijav,MNG,Silver,,https://www.imo-official.org/results/contestant/15689/,https://www.imo-official.org/results/individual/year/2007/
Mathematics,IMO,2007,Wich Huengwattanakul,THA,Silver,,https://www.imo-official.org/results/contestant/15830/,https://www.imo-official.org/results/individual/year/2007/
Mathematics,IMO,2007,Pasin Manurangsi,THA,Silver,,https://www.imo-official.org/results/contestant/15835/,https://www.imo-official.org/results/individual/year/2007/
Mathematics,IMO,2007,Suthee Ruangwises,THA,Silver,,https://www.imo-official.org/results/contestant/15833/,https://www.imo-official.org/results/individual/year/2007/
Mathematics,IMO,2007,Melih Üçer,TUR,Silver,,https://www.imo-official.org/results/contestant/15863/,https://www.imo-official.org/results/individual/year/2007/
Mathematics,IMO,2007,Yu-Wei Fan,TWN,Silver,,https://www.imo-official.org/results/contestant/15850/,https://www.imo-official.org/results/individual/year/2007/
Mathematics,IMO,2007,Igor Uljarević,BIH,Silver,,https://www.imo-official.org/results/contestant/8481/,https://www.imo-official.org/results/individual/year/2007/
Mathematics,IMO,2007,Yauheni Zhybryk,BLR,Silver,,https://www.imo-official.org/results/contestant/9015/,https://www.imo-official.org/results/individual/year/2007/
Mathematics,IMO,2007,Alexander Remorov,CAN,Silver,,https://www.imo-official.org/results/contestant/15453/,https://www.imo-official.org/results/individual/year/2007/
Mathematics,IMO,2007,Lisa Sauermann,GER,Silver,,https://www.imo-official.org/results/contestant/15545/,https://www.imo-official.org/results/individual/year/2007/
Mathematics,IMO,2007,Jack Hui,HKG,Silver,,https://www.imo-official.org/results/contestant/8370/,https://www.imo-official.org/results/individual/year/2007/
Mathematics,IMO,2007,Csaba Nagy,HUN,Silver,,https://www.imo-official.org/results/contestant/8936/,https://www.imo-official.org/results/individual/year/2007/
Mathematics,IMO,2007,Takuya Inoue,JPN,Silver,,https://www.imo-official.org/results/contestant/15609/,https://www.imo-official.org/results/individual/year/2007/
Mathematics,IMO,2007,Motoki Takigiku,JPN,Silver,,https://www.imo-official.org/results/contestant/15613/,https://www.imo-official.org/results/individual/year/2007/
Mathematics,IMO,2007,Yuki Yoshida,JPN,Silver,,https://www.imo-official.org/results/contestant/8907/,https://www.imo-official.org/results/individual/year/2007/
Mathematics,IMO,2007,Andrei Frimu,MDA,Silver,,https://www.imo-official.org/results/contestant/9047/,https://www.imo-official.org/results/individual/year/2007/
Mathematics,IMO,2007,Alexandr Zamorzaev-Orleanschii,MDA,Silver,,https://www.imo-official.org/results/contestant/7859/,https://www.imo-official.org/results/individual/year/2007/
Mathematics,IMO,2007,Süreyya Emre Kurt,TUR,Silver,,https://www.imo-official.org/results/contestant/15860/,https://www.imo-official.org/results/individual/year/2007/
Mathematics,IMO,2007,Pi-Hsun Shih,TWN,Silver,,https://www.imo-official.org/results/contestant/8867/,https://www.imo-official.org/results/individual/year/2007/
Mathematics,IMO,2007,Eric Larson,USA,Silver,,https://www.imo-official.org/results/contestant/15882/,https://www.imo-official.org/results/individual/year/2007/
Mathematics,IMO,2007,Arnav Tripathy,USA,Silver,,https://www.imo-official.org/results/contestant/8837/,https://www.imo-official.org/results/individual/year/2007/
Mathematics,IMO,2007,Utkir Boltaev,UZB,Silver,,https://www.imo-official.org/results/contestant/8977/,https://www.imo-official.org/results/individual/year/2007/
Mathematics,IMO,2007,Thanh Đặng Ngọc,VNM,Silver,,https://www.imo-official.org/results/contestant/15897/,https://www.imo-official.org/results/individual/year/2007/
Mathematics,IMO,2007,Tzvetelina Kirilova Tzeneva,BGR,Silver,,https://www.imo-official.org/results/contestant/8377/,https://www.imo-official.org/results/individual/year/2007/
Mathematics,IMO,2007,Henrique Pondé de Oliveira Pinto,BRA,Silver,,https://www.imo-official.org/results/contestant/15434/,https://www.imo-official.org/results/individual/year/2007/
Mathematics,IMO,2007,Santiago Cuéllar,COL,Silver,,https://www.imo-official.org/results/contestant/9126/,https://www.imo-official.org/results/individual/year/2007/
Mathematics,IMO,2007,Sebastian Dumitrescu,FIN,Silver,,https://www.imo-official.org/results/contestant/8466/,https://www.imo-official.org/results/individual/year/2007/
Mathematics,IMO,2007,Bálint Hujter,HUN,Silver,,https://www.imo-official.org/results/contestant/15560/,https://www.imo-official.org/results/individual/year/2007/
Mathematics,IMO,2007,László Miklós Lovász,HUN,Silver,,https://www.imo-official.org/results/contestant/15562/,https://www.imo-official.org/results/individual/year/2007/
Mathematics,IMO,2007,Manas Rajendra Joglekar,IND,Silver,,https://www.imo-official.org/results/contestant/9038/,https://www.imo-official.org/results/individual/year/2007/
Mathematics,IMO,2007,Atul Shekhar Shekhar,IND,Silver,,https://www.imo-official.org/results/contestant/15574/,https://www.imo-official.org/results/individual/year/2007/
Mathematics,IMO,2007,Igor Stassiy,KAZ,Silver,,https://www.imo-official.org/results/contestant/15617/,https://www.imo-official.org/results/individual/year/2007/
Mathematics,IMO,2007,Chi Choi Wong,MAC,Silver,,https://www.imo-official.org/results/contestant/8616/,https://www.imo-official.org/results/individual/year/2007/
Mathematics,IMO,2007,Tomasz Kobos,POL,Silver,,https://www.imo-official.org/results/contestant/15751/,https://www.imo-official.org/results/individual/year/2007/
Mathematics,IMO,2007,Mihail-Eugen Dumitrescu,ROU,Silver,,https://www.imo-official.org/results/contestant/15771/,https://www.imo-official.org/results/individual/year/2007/
Mathematics,IMO,2007,Dragoş-Ciprian Ionescu,ROU,Silver,,https://www.imo-official.org/results/contestant/15773/,https://www.imo-official.org/results/individual/year/2007/
Mathematics,IMO,2007,Jafar Jafarov,AZE,Bronze,,https://www.imo-official.org/results/contestant/8602/,https://www.imo-official.org/results/individual/year/2007/
Mathematics,IMO,2007,Dobrin Ruslanov Urumov,BGR,Bronze,,https://www.imo-official.org/results/contestant/15444/,https://www.imo-official.org/results/individual/year/2007/
Mathematics,IMO,2007,Stanislau Shapavalau,BLR,Bronze,,https://www.imo-official.org/results/contestant/15429/,https://www.imo-official.org/results/individual/year/2007/
Mathematics,IMO,2007,Yan Li,CAN,Bronze,,https://www.imo-official.org/results/contestant/15452/,https://www.imo-official.org/results/individual/year/2007/
Mathematics,IMO,2007,Arman Fazeli Chaghooshi,IRN,Bronze,,https://www.imo-official.org/results/contestant/8883/,https://www.imo-official.org/results/individual/year/2007/
Mathematics,IMO,2007,Maciej Gawron,POL,Bronze,,https://www.imo-official.org/results/contestant/15750/,https://www.imo-official.org/results/individual/year/2007/
Mathematics,IMO,2007,Adrian-Ioan Zahariuc,ROU,Bronze,,https://www.imo-official.org/results/contestant/7972/,https://www.imo-official.org/results/individual/year/2007/
Mathematics,IMO,2007,Michal Szabados,SVK,Bronze,,https://www.imo-official.org/results/contestant/15820/,https://www.imo-official.org/results/individual/year/2007/
Mathematics,IMO,2007,Zihan Hans Liu,SWE,Bronze,,https://www.imo-official.org/results/contestant/9063/,https://www.imo-official.org/results/individual/year/2007/
Mathematics,IMO,2007,Semih Yavuz,TUR,Bronze,,https://www.imo-official.org/results/contestant/15864/,https://www.imo-official.org/results/individual/year/2007/
Mathematics,IMO,2007,Ildar Maratovich Gaisin,AUS,Bronze,,https://www.imo-official.org/results/contestant/15391/,https://www.imo-official.org/results/individual/year/2007/
Mathematics,IMO,2007,Giles Samuel Vernon Gardam,AUS,Bronze,,https://www.imo-official.org/results/contestant/15392/,https://www.imo-official.org/results/individual/year/2007/
Mathematics,IMO,2007,Ramon Moreira Nunes,BRA,Bronze,,https://www.imo-official.org/results/contestant/15439/,https://www.imo-official.org/results/individual/year/2007/
Mathematics,IMO,2007,Kent Wai Kit Huynh,CAN,Bronze,,https://www.imo-official.org/results/contestant/15450/,https://www.imo-official.org/results/individual/year/2007/
Mathematics,IMO,2007,Daniel Campos Salas,CRI,Bronze,,https://www.imo-official.org/results/contestant/8608/,https://www.imo-official.org/results/individual/year/2007/
Mathematics,IMO,2007,Sune Kristian Jakobsen,DEN,Bronze,,https://www.imo-official.org/results/contestant/9187/,https://www.imo-official.org/results/individual/year/2007/
Mathematics,IMO,2007,Andrei Iliaşenco,MDA,Bronze,,https://www.imo-official.org/results/contestant/15676/,https://www.imo-official.org/results/individual/year/2007/
Mathematics,IMO,2007,Isaac Buenrostro Morales,MEX,Bronze,,https://www.imo-official.org/results/contestant/8441/,https://www.imo-official.org/results/individual/year/2007/
Mathematics,IMO,2007,Marko Jevremović,SRB,Bronze,,https://www.imo-official.org/results/contestant/9000/,https://www.imo-official.org/results/individual/year/2007/
Mathematics,IMO,2007,Teodor von Burg,SRB,Bronze,,https://www.imo-official.org/results/contestant/15800/,https://www.imo-official.org/results/individual/year/2007/
Mathematics,IMO,2007,Yuriy Shyshatskyy,UKR,Bronze,,https://www.imo-official.org/results/contestant/15871/,https://www.imo-official.org/results/individual/year/2007/
Mathematics,IMO,2007,Tedrick Leung,USA,Bronze,,https://www.imo-official.org/results/contestant/15879/,https://www.imo-official.org/results/individual/year/2007/
Mathematics,IMO,2007,Redi Haderi,ALB,Bronze,,https://www.imo-official.org/results/contestant/15378/,https://www.imo-official.org/results/individual/year/2007/
Mathematics,IMO,2007,Irene Yuan Lo,AUS,Bronze,,https://www.imo-official.org/results/contestant/15394/,https://www.imo-official.org/results/individual/year/2007/
Mathematics,IMO,2007,Cheuk Ting Li,HKG,Bronze,,https://www.imo-official.org/results/contestant/15558/,https://www.imo-official.org/results/individual/year/2007/
Mathematics,IMO,2007,Andrea Fogari,ITA,Bronze,,https://www.imo-official.org/results/contestant/15604/,https://www.imo-official.org/results/individual/year/2007/
Mathematics,IMO,2007,Alen Bayev,KAZ,Bronze,,https://www.imo-official.org/results/contestant/15615/,https://www.imo-official.org/results/individual/year/2007/
Mathematics,IMO,2007,Asset Daliyev,KAZ,Bronze,,https://www.imo-official.org/results/contestant/15614/,https://www.imo-official.org/results/individual/year/2007/
Mathematics,IMO,2007,Chi Wa Iao,MAC,Bronze,,https://www.imo-official.org/results/contestant/9193/,https://www.imo-official.org/results/individual/year/2007/
Mathematics,IMO,2007,Aldo Pacchiano Camacho,MEX,Bronze,,https://www.imo-official.org/results/contestant/9092/,https://www.imo-official.org/results/individual/year/2007/
Mathematics,IMO,2007,Bodan Arsovski,MKD,Bronze,,https://www.imo-official.org/results/contestant/9164/,https://www.imo-official.org/results/individual/year/2007/
Mathematics,IMO,2007,Ronald Ping Man Chan,NZL,Bronze,,https://www.imo-official.org/results/contestant/9262/,https://www.imo-official.org/results/individual/year/2007/
Mathematics,IMO,2007,Ricardo Jesús Ramos Castillo,PER,Bronze,,https://www.imo-official.org/results/contestant/15742/,https://www.imo-official.org/results/individual/year/2007/
Mathematics,IMO,2007,Bryan Kuen-Yew Hooi,SGP,Bronze,,https://www.imo-official.org/results/contestant/9057/,https://www.imo-official.org/results/individual/year/2007/
Mathematics,IMO,2007,Marija Jelić,SRB,Bronze,,https://www.imo-official.org/results/contestant/9055/,https://www.imo-official.org/results/individual/year/2007/
Mathematics,IMO,2007,Jure Vogrinc,SVN,Bronze,,https://www.imo-official.org/results/contestant/15799/,https://www.imo-official.org/results/individual/year/2007/
Mathematics,IMO,2007,Kuan-Yu Lin,TWN,Bronze,,https://www.imo-official.org/results/contestant/15851/,https://www.imo-official.org/results/individual/year/2007/
Mathematics,IMO,2007,Hamrozjon Chuyanov,UZB,Bronze,,https://www.imo-official.org/results/contestant/15888/,https://www.imo-official.org/results/individual/year/2007/
Mathematics,IMO,2007,Anthony David Morris,AUS,Bronze,,https://www.imo-official.org/results/contestant/15395/,https://www.imo-official.org/results/individual/year/2007/
Mathematics,IMO,2007,Dzianis Pirshtuk,BLR,Bronze,,https://www.imo-official.org/results/contestant/15428/,https://www.imo-official.org/results/individual/year/2007/
Mathematics,IMO,2007,Rafael Sampaio de Rezende,BRA,Bronze,,https://www.imo-official.org/results/contestant/15437/,https://www.imo-official.org/results/individual/year/2007/
Mathematics,IMO,2007,Steven Neil Karp,CAN,Bronze,,https://www.imo-official.org/results/contestant/15451/,https://www.imo-official.org/results/individual/year/2007/
Mathematics,IMO,2007,Fernando Manrique Montañez,PER,Bronze,,https://www.imo-official.org/results/contestant/15738/,https://www.imo-official.org/results/individual/year/2007/
Mathematics,IMO,2007,Jia-Han Chiam,SGP,Bronze,,https://www.imo-official.org/results/contestant/15789/,https://www.imo-official.org/results/individual/year/2007/
Mathematics,IMO,2007,Tomáš Rusin,SVK,Bronze,,https://www.imo-official.org/results/contestant/15823/,https://www.imo-official.org/results/individual/year/2007/
Mathematics,IMO,2007,Potcharapol Suteparuk,THA,Bronze,,https://www.imo-official.org/results/contestant/15832/,https://www.imo-official.org/results/individual/year/2007/
Mathematics,IMO,2007,Akbarshoh Fayzulloev,TJK,Bronze,,https://www.imo-official.org/results/contestant/9236/,https://www.imo-official.org/results/individual/year/2007/
Mathematics,IMO,2007,Stanislav Nikolayenko,UKR,Bronze,,https://www.imo-official.org/results/contestant/15869/,https://www.imo-official.org/results/individual/year/2007/
Mathematics,IMO,2007,Tigran Hakobyan,ARM,Bronze,,https://www.imo-official.org/results/contestant/9074/,https://www.imo-official.org/results/individual/year/2007/
Mathematics,IMO,2007,Ruslan Muslumov,AZE,Bronze,,https://www.imo-official.org/results/contestant/15403/,https://www.imo-official.org/results/individual/year/2007/
Mathematics,IMO,2007,Sviatlana Auchynnikava,BLR,Bronze,,https://www.imo-official.org/results/contestant/15427/,https://www.imo-official.org/results/individual/year/2007/
Mathematics,IMO,2007,Federico Castillo,COL,Bronze,,https://www.imo-official.org/results/contestant/15471/,https://www.imo-official.org/results/individual/year/2007/
Mathematics,IMO,2007,Jorge Alberto Olarte,COL,Bronze,,https://www.imo-official.org/results/contestant/15470/,https://www.imo-official.org/results/individual/year/2007/
Mathematics,IMO,2007,José Alejandro Samper,COL,Bronze,,https://www.imo-official.org/results/contestant/9020/,https://www.imo-official.org/results/individual/year/2007/
Mathematics,IMO,2007,Douglas Curbelo Aguilera,CUB,Bronze,,https://www.imo-official.org/results/contestant/15483/,https://www.imo-official.org/results/individual/year/2007/
Mathematics,IMO,2007,Zbyněk Konečný,CZE,Bronze,,https://www.imo-official.org/results/contestant/8981/,https://www.imo-official.org/results/individual/year/2007/
Mathematics,IMO,2007,Diego Bruno Izquierdo Arseguet,ESP,Bronze,,https://www.imo-official.org/results/contestant/15512/,https://www.imo-official.org/results/individual/year/2007/
Mathematics,IMO,2007,Adrián Rodrigo Escudero,ESP,Bronze,,https://www.imo-official.org/results/contestant/15513/,https://www.imo-official.org/results/individual/year/2007/
Mathematics,IMO,2007,Nikolai Voitsehhovski,EST,Bronze,,https://www.imo-official.org/results/contestant/9083/,https://www.imo-official.org/results/individual/year/2007/
Mathematics,IMO,2007,Petar Sirković,HRV,Bronze,,https://www.imo-official.org/results/contestant/15478/,https://www.imo-official.org/results/individual/year/2007/
Mathematics,IMO,2007,Mattia Galeotti,ITA,Bronze,,https://www.imo-official.org/results/contestant/15605/,https://www.imo-official.org/results/individual/year/2007/
Mathematics,IMO,2007,Asset Mussagaliyev,KAZ,Bronze,,https://www.imo-official.org/results/contestant/9040/,https://www.imo-official.org/results/individual/year/2007/
Mathematics,IMO,2007,Aistis Atminas,LTU,Bronze,,https://www.imo-official.org/results/contestant/8560/,https://www.imo-official.org/results/individual/year/2007/
Mathematics,IMO,2007,Vytautas Gruslys,LTU,Bronze,,https://www.imo-official.org/results/contestant/8768/,https://www.imo-official.org/results/individual/year/2007/
Mathematics,IMO,2007,Giancarlo Kerg,LUX,Bronze,,https://www.imo-official.org/results/contestant/8723/,https://www.imo-official.org/results/individual/year/2007/
Mathematics,IMO,2007,Mircea Grecu,MDA,Bronze,,https://www.imo-official.org/results/contestant/15675/,https://www.imo-official.org/results/individual/year/2007/
Mathematics,IMO,2007,Wouter Zomervrucht,NLD,Bronze,,https://www.imo-official.org/results/contestant/15704/,https://www.imo-official.org/results/individual/year/2007/
Mathematics,IMO,2007,Tomasz Kulczyński,POL,Bronze,,https://www.imo-official.org/results/contestant/8387/,https://www.imo-official.org/results/individual/year/2007/
Mathematics,IMO,2007,Gar Goei Loke,SGP,Bronze,,https://www.imo-official.org/results/contestant/15791/,https://www.imo-official.org/results/individual/year/2007/
Mathematics,IMO,2007,Volodymyr Serbinenko,SUI,Bronze,,https://www.imo-official.org/results/contestant/8055/,https://www.imo-official.org/results/individual/year/2007/
Mathematics,IMO,2007,Gunnar Guannan Peng,SWE,Bronze,,https://www.imo-official.org/results/contestant/8578/,https://www.imo-official.org/results/individual/year/2007/
Mathematics,IMO,2007,Warut Suksompong,THA,Bronze,,https://www.imo-official.org/results/contestant/15834/,https://www.imo-official.org/results/individual/year/2007/
Mathematics,IMO,2007,Tom Lovering,UNK,Bronze,,https://www.imo-official.org/results/contestant/15875/,https://www.imo-official.org/results/individual/year/2007/
Mathematics,IMO,2007,Ozod Zoyirov,UZB,Bronze,,https://www.imo-official.org/results/contestant/15887/,https://www.imo-official.org/results/individual/year/2007/
Mathematics,IMO,2007,Fernando Martín Vidal,ARG,Bronze,,https://www.imo-official.org/results/contestant/9073/,https://www.imo-official.org/results/individual/year/2007/
Mathematics,IMO,2007,Philipp Schönbauer,AUT,Bronze,,https://www.imo-official.org/results/contestant/15400/,https://www.imo-official.org/results/individual/year/2007/
Mathematics,IMO,2007,Hoan-Phung Bui,BEL,Bronze,,https://www.imo-official.org/results/contestant/15414/,https://www.imo-official.org/results/individual/year/2007/
Mathematics,IMO,2007,Pierre-Alain Jacqmin,BEL,Bronze,,https://www.imo-official.org/results/contestant/15415/,https://www.imo-official.org/results/individual/year/2007/
Mathematics,IMO,2007,Vadzim Sliusarau,BLR,Bronze,,https://www.imo-official.org/results/contestant/15430/,https://www.imo-official.org/results/individual/year/2007/
Mathematics,IMO,2007,Miroslav Klimoš,CZE,Bronze,,https://www.imo-official.org/results/contestant/15490/,https://www.imo-official.org/results/individual/year/2007/
Mathematics,IMO,2007,Lenka Slavíková,CZE,Bronze,,https://www.imo-official.org/results/contestant/15494/,https://www.imo-official.org/results/individual/year/2007/
Mathematics,IMO,2007,Guillaume Brunerie,FRA,Bronze,,https://www.imo-official.org/results/contestant/15534/,https://www.imo-official.org/results/individual/year/2007/
Mathematics,IMO,2007,Stanislas Sochacki,FRA,Bronze,,https://www.imo-official.org/results/contestant/15535/,https://www.imo-official.org/results/individual/year/2007/
Mathematics,IMO,2007,Giorgi Nadiradze,GEO,Bronze,,https://www.imo-official.org/results/contestant/9085/,https://www.imo-official.org/results/individual/year/2007/
Mathematics,IMO,2007,Stephan Neupert,GER,Bronze,,https://www.imo-official.org/results/contestant/15544/,https://www.imo-official.org/results/individual/year/2007/
Mathematics,IMO,2007,Dimitrios Papadimitriou,HEL,Bronze,,https://www.imo-official.org/results/contestant/15550/,https://www.imo-official.org/results/individual/year/2007/
Mathematics,IMO,2007,Antonio Krnjak,HRV,Bronze,,https://www.imo-official.org/results/contestant/15480/,https://www.imo-official.org/results/individual/year/2007/
Mathematics,IMO,2007,Seyedmahyar Sefidgaran,IRN,Bronze,,https://www.imo-official.org/results/contestant/15587/,https://www.imo-official.org/results/individual/year/2007/
Mathematics,IMO,2007,Omri Ben Eliezer,ISR,Bronze,,https://www.imo-official.org/results/contestant/15600/,https://www.imo-official.org/results/individual/year/2007/
Mathematics,IMO,2007,Dan Carmon,ISR,Bronze,,https://www.imo-official.org/results/contestant/8958/,https://www.imo-official.org/results/individual/year/2007/
Mathematics,IMO,2007,Denis Nardin,ITA,Bronze,,https://www.imo-official.org/results/contestant/15606/,https://www.imo-official.org/results/individual/year/2007/
Mathematics,IMO,2007,Loke Zhi Kin,MAS,Bronze,,https://www.imo-official.org/results/contestant/9049/,https://www.imo-official.org/results/individual/year/2007/
Mathematics,IMO,2007,Fernando Campos García,MEX,Bronze,,https://www.imo-official.org/results/contestant/15682/,https://www.imo-official.org/results/individual/year/2007/
Mathematics,IMO,2007,Viktor Simjanoski,MKD,Bronze,,https://www.imo-official.org/results/contestant/8592/,https://www.imo-official.org/results/individual/year/2007/
Mathematics,IMO,2007,Espen Arild Jenssen,NOR,Bronze,,https://www.imo-official.org/results/contestant/9252/,https://www.imo-official.org/results/individual/year/2007/
Mathematics,IMO,2007,Ilya Chevyrev,NZL,Bronze,,https://www.imo-official.org/results/contestant/15720/,https://www.imo-official.org/results/individual/year/2007/
Mathematics,IMO,2007,João Pedro Correia Matias,POR,Bronze,,https://www.imo-official.org/results/contestant/15758/,https://www.imo-official.org/results/individual/year/2007/
Mathematics,IMO,2007,Wei Quan Lim,SGP,Bronze,,https://www.imo-official.org/results/contestant/8943/,https://www.imo-official.org/results/individual/year/2007/
Mathematics,IMO,2007,Dušan Milijančević,SRB,Bronze,,https://www.imo-official.org/results/contestant/15803/,https://www.imo-official.org/results/individual/year/2007/
Mathematics,IMO,2007,Samuel Hapák,SVK,Bronze,,https://www.imo-official.org/results/contestant/8921/,https://www.imo-official.org/results/individual/year/2007/
Mathematics,IMO,2007,Martin Hergouth,SVN,Bronze,,https://www.imo-official.org/results/contestant/15795/,https://www.imo-official.org/results/individual/year/2007/
Mathematics,IMO,2007,Harald Freij,SWE,Bronze,,https://www.imo-official.org/results/contestant/15824/,https://www.imo-official.org/results/individual/year/2007/
Mathematics,IMO,2007,Burak Saglam,TUR,Bronze,,https://www.imo-official.org/results/contestant/15861/,https://www.imo-official.org/results/individual/year/2007/
Mathematics,IMO,2007,Peter Gila,AUT,Bronze,,https://www.imo-official.org/results/contestant/8565/,https://www.imo-official.org/results/individual/year/2007/
Mathematics,IMO,2007,Fabian Mayrhuber,AUT,Bronze,,https://www.imo-official.org/results/contestant/9137/,https://www.imo-official.org/results/individual/year/2007/
Mathematics,IMO,2007,Elyar Gulamhuseynli,AZE,Bronze,,https://www.imo-official.org/results/contestant/15405/,https://www.imo-official.org/results/individual/year/2007/
Mathematics,IMO,2007,Guolong Li,BEL,Bronze,,https://www.imo-official.org/results/contestant/8397/,https://www.imo-official.org/results/individual/year/2007/
Mathematics,IMO,2007,Rafael Tupynambá Dutra,BRA,Bronze,,https://www.imo-official.org/results/contestant/15438/,https://www.imo-official.org/results/individual/year/2007/
Mathematics,IMO,2007,Jiří Řihák,CZE,Bronze,,https://www.imo-official.org/results/contestant/15493/,https://www.imo-official.org/results/individual/year/2007/
Mathematics,IMO,2007,Michal Rolínek,CZE,Bronze,,https://www.imo-official.org/results/contestant/15492/,https://www.imo-official.org/results/individual/year/2007/
Mathematics,IMO,2007,Qi Han,ECU,Bronze,,https://www.imo-official.org/results/contestant/9189/,https://www.imo-official.org/results/individual/year/2007/
Mathematics,IMO,2007,Michail Savvas,HEL,Bronze,,https://www.imo-official.org/results/contestant/15552/,https://www.imo-official.org/results/individual/year/2007/
Mathematics,IMO,2007,Anastasios Vafeidis,HEL,Bronze,,https://www.imo-official.org/results/contestant/15551/,https://www.imo-official.org/results/individual/year/2007/
Mathematics,IMO,2007,Stephen Dolan,IRL,Bronze,,https://www.imo-official.org/results/contestant/9159/,https://www.imo-official.org/results/individual/year/2007/
Mathematics,IMO,2007,Inna Entova,ISR,Bronze,,https://www.imo-official.org/results/contestant/8940/,https://www.imo-official.org/results/individual/year/2007/
Mathematics,IMO,2007,Nurazem Kaldybaev,KGZ,Bronze,,https://www.imo-official.org/results/contestant/15622/,https://www.imo-official.org/results/individual/year/2007/
Mathematics,IMO,2007,Florian Meier,LIE,Bronze,,https://www.imo-official.org/results/contestant/15644/,https://www.imo-official.org/results/individual/year/2007/
Mathematics,IMO,2007,Cristian Manuel Oliva Avilés,MEX,Bronze,,https://www.imo-official.org/results/contestant/15681/,https://www.imo-official.org/results/individual/year/2007/
Mathematics,IMO,2007,Aleksandar Ilioski,MKD,Bronze,,https://www.imo-official.org/results/contestant/8773/,https://www.imo-official.org/results/individual/year/2007/
Mathematics,IMO,2007,Enkhzaya Tunge Tamgat,MNG,Bronze,,https://www.imo-official.org/results/contestant/15688/,https://www.imo-official.org/results/individual/year/2007/
Mathematics,IMO,2007,Rupert Nelson,NZL,Bronze,,https://www.imo-official.org/results/contestant/8997/,https://www.imo-official.org/results/individual/year/2007/
Mathematics,IMO,2007,Zaeem Hussain,PAK,Bronze,,https://www.imo-official.org/results/contestant/9171/,https://www.imo-official.org/results/individual/year/2007/
Mathematics,IMO,2007,Lei Lei,SGP,Bronze,,https://www.imo-official.org/results/contestant/15793/,https://www.imo-official.org/results/individual/year/2007/
Mathematics,IMO,2007,Ondrej Mikuláš,SVK,Bronze,,https://www.imo-official.org/results/contestant/15821/,https://www.imo-official.org/results/individual/year/2007/
Mathematics,IMO,2007,Miha Čančula,SVN,Bronze,,https://www.imo-official.org/results/contestant/15794/,https://www.imo-official.org/results/individual/year/2007/
Mathematics,IMO,2007,Urban Jezernik,SVN,Bronze,,https://www.imo-official.org/results/contestant/8692/,https://www.imo-official.org/results/individual/year/2007/
Mathematics,IMO,2007,Tom Primožič,SVN,Bronze,,https://www.imo-official.org/results/contestant/15798/,https://www.imo-official.org/results/individual/year/2007/
Mathematics,IMO,2007,Daniel Xiaochen Wang,SWE,Bronze,,https://www.imo-official.org/results/contestant/15826/,https://www.imo-official.org/results/individual/year/2007/
Mathematics,IMO,2007,Tim Hennock,UNK,Bronze,,https://www.imo-official.org/results/contestant/15874/,https://www.imo-official.org/results/individual/year/2007/
Mathematics,IMO,2007,Alison Zhu,UNK,Bronze,,https://www.imo-official.org/results/contestant/15872/,https://www.imo-official.org/results/individual/year/2007/
Mathematics,IMO,2007,Bahriddin Abdiev,UZB,Bronze,,https://www.imo-official.org/results/contestant/15886/,https://www.imo-official.org/results/individual/year/2007/
Physics,IPhO,2000,Lu Ying,People's Republic of China,Gold,1,,https://ipho-unofficial.org/timeline/2000/individual
Physics,IPhO,2000,Christoph Keller,Switzerland,Gold,2,,https://ipho-unofficial.org/timeline/2000/individual
Physics,IPhO,2000,Xiao Jing,People's Republic of China,Gold,3,,https://ipho-unofficial.org/timeline/2000/individual
Physics,IPhO,2000,Alexei Vakhov,Russia,Gold,4,,https://ipho-unofficial.org/timeline/2000/individual
Physics,IPhO,2000,Chen Xiaosheng,People's Republic of China,Gold,5,,https://ipho-unofficial.org/timeline/2000/individual
Physics,IPhO,2000,Ákos Hegedűs,Hungary,Gold,6,,https://ipho-unofficial.org/timeline/2000/individual
Physics,IPhO,2000,M Arvind,India,Gold,7,,https://ipho-unofficial.org/timeline/2000/individual
Physics,IPhO,2000,Navneet Loiwal,India,Gold,8,,https://ipho-unofficial.org/timeline/2000/individual
Physics,IPhO,2000,Evgeni Panov,Russia,Gold,9,,https://ipho-unofficial.org/timeline/2000/individual
Physics,IPhO,2000,Song Junliang,People's Republic of China,Gold,10,,https://ipho-unofficial.org/timeline/2000/individual
Physics,IPhO,2000,Zhang Chi,People's Republic of China,Gold,11,,https://ipho-unofficial.org/timeline/2000/individual
Physics,IPhO,2000,Balázs Pozsgay,Hungary,Gold,12,,https://ipho-unofficial.org/timeline/2000/individual
Physics,IPhO,2000,Nikolay Pavlov,Bulgaria,Gold,13,,https://ipho-unofficial.org/timeline/2000/individual
Physics,IPhO,2000,Chien-Jen Lai,Taiwan,Gold,14,,https://ipho-unofficial.org/timeline/2000/individual
Physics,IPhO,2000,Kuang-Ting Chen,Taiwan,Gold,15,,https://ipho-unofficial.org/timeline/2000/individual
Physics,IPhO,2000,Gregory Price,United States of America,Silver,16,,https://ipho-unofficial.org/timeline/2000/individual
Physics,IPhO,2000,Payam Seifi,Islamic Republic of Iran,Silver,17,,https://ipho-unofficial.org/timeline/2000/individual
Physics,IPhO,2000,Youngsub Yoon,Republic of Korea,Silver,18,,https://ipho-unofficial.org/timeline/2000/individual
Physics,IPhO,2000,Chan-Youn Park,Republic of Korea,Silver,19,,https://ipho-unofficial.org/timeline/2000/individual
Physics,IPhO,2000,Ehsan Ardestanizadeh,Islamic Republic of Iran,Silver,20,,https://ipho-unofficial.org/timeline/2000/individual
Physics,IPhO,2000,Jan Houštěk,Czech Republic,Silver,21,,https://ipho-unofficial.org/timeline/2000/individual
Physics,IPhO,2000,Pouyan Ghaemi Mohammadi,Islamic Republic of Iran,Silver,22,,https://ipho-unofficial.org/timeline/2000/individual
Physics,IPhO,2000,Sang-Geol Koh,Republic of Korea,Silver,23,,https://ipho-unofficial.org/timeline/2000/individual
Physics,IPhO,2000,Mikhail Rotaev,Russia,Silver,24,,https://ipho-unofficial.org/timeline/2000/individual
Physics,IPhO,2000,David Houseman,Australia,Silver,25,,https://ipho-unofficial.org/timeline/2000/individual
Physics,IPhO,2000,Vitali Vavilov,Russia,Silver,26,,https://ipho-unofficial.org/timeline/2000/individual
Physics,IPhO,2000,Halim Kusumaatmaja,Indonesia,Bronze,27,,https://ipho-unofficial.org/timeline/2000/individual
Physics,IPhO,2000,Jiří Chaloupka,Czech Republic,Bronze,28,,https://ipho-unofficial.org/timeline/2000/individual
Physics,IPhO,2000,Nipun Kwatra,India,Bronze,29,,https://ipho-unofficial.org/timeline/2000/individual
Physics,IPhO,2000,Roman Bakulin,Ukraine,Bronze,30,,https://ipho-unofficial.org/timeline/2000/individual
Physics,IPhO,2000,Anthony Miller,United States of America,Bronze,31,,https://ipho-unofficial.org/timeline/2000/individual
Physics,IPhO,2000,Gerald Cooray,Sweden,Bronze,32,,https://ipho-unofficial.org/timeline/2000/individual
Physics,IPhO,2000,Ismail Hasanov,Azerbaijan,Bronze,33,,https://ipho-unofficial.org/timeline/2000/individual
Physics,IPhO,2000,Abhineet Sawa,India,Bronze,34,,https://ipho-unofficial.org/timeline/2000/individual
Physics,IPhO,2000,Hsi-Chun Liu,Taiwan,Bronze,35,,https://ipho-unofficial.org/timeline/2000/individual
Physics,IPhO,2000,Yevgen Kovalyshen,Ukraine,Bronze,36,,https://ipho-unofficial.org/timeline/2000/individual
Physics,IPhO,2000,Jurgis Pasukonis,Lithuania,Bronze,37,,https://ipho-unofficial.org/timeline/2000/individual
Physics,IPhO,2000,Tran Viet Bac,Vietnam,Bronze,38,,https://ipho-unofficial.org/timeline/2000/individual
Physics,IPhO,2000,Michael Vrable,United States of America,Bronze,39,,https://ipho-unofficial.org/timeline/2000/individual
Physics,IPhO,2000,Andrew Ferris,Australia,Bronze,40,,https://ipho-unofficial.org/timeline/2000/individual
Physics,IPhO,2000,Jason Oh,United States of America,Bronze,41,,https://ipho-unofficial.org/timeline/2000/individual
Physics,IPhO,2000,Stevan Nadj-Perge,Yugoslavia,Bronze,42,,https://ipho-unofficial.org/timeline/2000/individual
Physics,IPhO,2000,András Mathé,Hungary,Bronze,43,,https://ipho-unofficial.org/timeline/2000/individual
Physics,IPhO,2000,Mahdieh Bagher Shemirani,Islamic Republic of Iran,Bronze,44,,https://ipho-unofficial.org/timeline/2000/individual
Physics,IPhO,2000,Kamiar Rahnama Rad,Islamic Republic of Iran,Bronze,45,,https://ipho-unofficial.org/timeline/2000/individual
Physics,IPhO,2000,Yoga Divayana,Indonesia,Bronze,46,,https://ipho-unofficial.org/timeline/2000/individual
Physics,IPhO,2000,Merse Előd Gáspár,Hungary,Bronze,47,,https://ipho-unofficial.org/timeline/2000/individual
Physics,IPhO,2000,Serguei Jouk,Russia,Bronze,48,,https://ipho-unofficial.org/timeline/2000/individual
Physics,IPhO,2000,Dao Anh Duc,Vietnam,Bronze,49,,https://ipho-unofficial.org/timeline/2000/individual
Physics,IPhO,2000,Jouttenus Teppo,Finland,Bronze,50,,https://ipho-unofficial.org/timeline/2000/individual
Physics,IPhO,2000,Edward Smith,United Kingdom,Bronze,51,,https://ipho-unofficial.org/timeline/2000/individual
Physics,IPhO,2000,Yang-Ting Chien,Taiwan,Bronze,52,,https://ipho-unofficial.org/timeline/2000/individual
Physics,IPhO,2000,Vu Ngoc Anh,Vietnam,Bronze,53,,https://ipho-unofficial.org/timeline/2000/individual
Physics,IPhO,2000,Stefan Pauliuk,Germany,Bronze,54,,https://ipho-unofficial.org/timeline/2000/individual
Physics,IPhO,2000,Vasyl Bilykh,Ukraine,Bronze,55,,https://ipho-unofficial.org/timeline/2000/individual
Physics,IPhO,2000,Tobias Fritz,Germany,Bronze,56,,https://ipho-unofficial.org/timeline/2000/individual
Physics,IPhO,2000,Bahar Riand Passa,Indonesia,Bronze,57,,https://ipho-unofficial.org/timeline/2000/individual
Physics,IPhO,2000,Carlo Castellana,Italy,Bronze,58,,https://ipho-unofficial.org/timeline/2000/individual
Physics,IPhO,2000,Henry Lockwood,United Kingdom,Bronze,59,,https://ipho-unofficial.org/timeline/2000/individual
Physics,IPhO,2000,Gergely Patay,Hungary,Bronze,60,,https://ipho-unofficial.org/timeline/2000/individual
Physics,IPhO,2000,Artyom Tonkikh,Israel,Bronze,61,,https://ipho-unofficial.org/timeline/2000/individual
Physics,IPhO,2000,Joseph Yu,United States of America,Bronze,62,,https://ipho-unofficial.org/timeline/2000/individual
Physics,IPhO,2000,Hoang Ngoc Thach,Vietnam,Bronze,63,,https://ipho-unofficial.org/timeline/2000/individual
Physics,IPhO,2000,Andrés Aceña,Argentina,Bronze,64,,https://ipho-unofficial.org/timeline/2000/individual
Physics,IPhO,2000,Stefan Salom,Yugoslavia,Bronze,65,,https://ipho-unofficial.org/timeline/2000/individual
Physics,IPhO,2000,Bremana Adhi,Indonesia,Bronze,66,,https://ipho-unofficial.org/timeline/2000/individual
Physics,IPhO,2000,Pim Altena,Netherlands,Bronze,67,,https://ipho-unofficial.org/timeline/2000/individual
Physics,IPhO,2000,Ng Wee Hao,Singapore,Bronze,68,,https://ipho-unofficial.org/timeline/2000/individual
Physics,IPhO,2000,Pavel Petrov,Estonia,Honourable Mention,69,,https://ipho-unofficial.org/timeline/2000/individual
Physics,IPhO,2000,Przemysław Piotr Broniek,Poland,Honourable Mention,70,,https://ipho-unofficial.org/timeline/2000/individual
Physics,IPhO,2000,Andrej Košmrlj,Slovenia,Honourable Mention,71,,https://ipho-unofficial.org/timeline/2000/individual
Physics,IPhO,2000,Fethi Mübin Ramazanoğlu,Türkiye,Honourable Mention,72,,https://ipho-unofficial.org/timeline/2000/individual
Physics,IPhO,2000,Aliaksandr Mikhniuk,Belarus,Honourable Mention,73,,https://ipho-unofficial.org/timeline/2000/individual
Physics,IPhO,2000,Lemmetty Mikko,Finland,Honourable Mention,74,,https://ipho-unofficial.org/timeline/2000/individual
Physics,IPhO,2000,Yeong-Jyi Lei,Taiwan,Honourable Mention,75,,https://ipho-unofficial.org/timeline/2000/individual
Physics,IPhO,2000,Juraj Suchar,Slovakia,Honourable Mention,76,,https://ipho-unofficial.org/timeline/2000/individual
Physics,IPhO,2000,Igor Stamenov,Yugoslavia,Honourable Mention,77,,https://ipho-unofficial.org/timeline/2000/individual
Physics,IPhO,2000,Andrew Thomas,United Kingdom,Honourable Mention,78,,https://ipho-unofficial.org/timeline/2000/individual
Physics,IPhO,2000,Urmo Visk,Estonia,Honourable Mention,79,,https://ipho-unofficial.org/timeline/2000/individual
Physics,IPhO,2000,Kyung Min Lee,Republic of Korea,Honourable Mention,80,,https://ipho-unofficial.org/timeline/2000/individual
Physics,IPhO,2000,V Srikanth,India,Honourable Mention,81,,https://ipho-unofficial.org/timeline/2000/individual
Physics,IPhO,2000,Stefan Ingi Valdimarsson,Iceland,Honourable Mention,82,,https://ipho-unofficial.org/timeline/2000/individual
Physics,IPhO,2000,Eugen Gaburov,Moldova,Honourable Mention,83,,https://ipho-unofficial.org/timeline/2000/individual
Physics,IPhO,2000,Ştefan Ichim,Romania,Honourable Mention,84,,https://ipho-unofficial.org/timeline/2000/individual
Physics,IPhO,2000,Jonathan Tay Jianxiong,Singapore,Honourable Mention,85,,https://ipho-unofficial.org/timeline/2000/individual
Physics,IPhO,2000,Tivadar Mach,Italy,Honourable Mention,86,,https://ipho-unofficial.org/timeline/2000/individual
Physics,IPhO,2000,Toh Kai Yang,Singapore,Honourable Mention,87,,https://ipho-unofficial.org/timeline/2000/individual
Physics,IPhO,2000,Matej Kanduč,Slovenia,Honourable Mention,88,,https://ipho-unofficial.org/timeline/2000/individual
Physics,IPhO,2000,Duygu Kuzum,Türkiye,Honourable Mention,89,,https://ipho-unofficial.org/timeline/2000/individual
Physics,IPhO,2000,Keve Kurucz,Slovakia,Honourable Mention,90,,https://ipho-unofficial.org/timeline/2000/individual
Physics,IPhO,2000,Danil Murtazin,Kazakhstan,Honourable Mention,91,,https://ipho-unofficial.org/timeline/2000/individual
Physics,IPhO,2000,Chris Pedder,United Kingdom,Honourable Mention,92,,https://ipho-unofficial.org/timeline/2000/individual
Physics,IPhO,2000,Plamen Bokov,Bulgaria,Honourable Mention,93,,https://ipho-unofficial.org/timeline/2000/individual
Physics,IPhO,2000,Sebastian Höppner,Germany,Honourable Mention,94,,https://ipho-unofficial.org/timeline/2000/individual
Physics,IPhO,2000,Maarten van der Schrieck,Netherlands,Honourable Mention,95,,https://ipho-unofficial.org/timeline/2000/individual
Physics,IPhO,2000,Nguyen Trung Dung,Vietnam,Honourable Mention,96,,https://ipho-unofficial.org/timeline/2000/individual
Physics,IPhO,2000,Dusko Kuzmanovski,North Macedonia,Honourable Mention,97,,https://ipho-unofficial.org/timeline/2000/individual
Physics,IPhO,2000,Peter Cendula,Slovakia,Honourable Mention,98,,https://ipho-unofficial.org/timeline/2000/individual
Physics,IPhO,2000,Iztok Pižorn,Slovenia,Honourable Mention,99,,https://ipho-unofficial.org/timeline/2000/individual
Physics,IPhO,2000,Jan Kapitán,Czech Republic,Honourable Mention,100,,https://ipho-unofficial.org/timeline/2000/individual
Physics,IPhO,2000,Anthony Phillips,Australia,Honourable Mention,101,,https://ipho-unofficial.org/timeline/2000/individual
Physics,IPhO,2000,Frédéric Dupuis,Canada,Honourable Mention,102,,https://ipho-unofficial.org/timeline/2000/individual
Physics,IPhO,2000,Denis Dmitriev,Canada,Honourable Mention,103,,https://ipho-unofficial.org/timeline/2000/individual
Physics,IPhO,2000,Ian Preston,Australia,Honourable Mention,104,,https://ipho-unofficial.org/timeline/2000/individual
Physics,IPhO,2000,Bakhtiyar Hadjiev,Azerbaijan,Honourable Mention,105,,https://ipho-unofficial.org/timeline/2000/individual
Physics,IPhO,2000,Ruza Markov,Yugoslavia,Honourable Mention,106,,https://ipho-unofficial.org/timeline/2000/individual
Physics,IPhO,2000,Ariel Lempel,Argentina,Honourable Mention,107,,https://ipho-unofficial.org/timeline/2000/individual
Physics,IPhO,2000,Adrian Sauerbrey,Germany,Honourable Mention,108,,https://ipho-unofficial.org/timeline/2000/individual
Physics,IPhO,2000,Iulian Sandu Popa,Romania,Honourable Mention,109,,https://ipho-unofficial.org/timeline/2000/individual
Physics,IPhO,2000,Selma de Mink,Netherlands,Honourable Mention,110,,https://ipho-unofficial.org/timeline/2000/individual
Physics,IPhO,2000,Nickolay Levkovich,Belarus,Honourable Mention,111,,https://ipho-unofficial.org/timeline/2000/individual
Physics,IPhO,2000,Olena Ryabinina,Ukraine,Honourable Mention,112,,https://ipho-unofficial.org/timeline/2000/individual
Physics,IPhO,2000,Raikhlin Vladimir,Israel,Honourable Mention,113,,https://ipho-unofficial.org/timeline/2000/individual
Physics,IPhO,2000,Reynier Bravo,Cuba,Honourable Mention,114,,https://ipho-unofficial.org/timeline/2000/individual
Physics,IPhO,2000,Victor Dedov,Belarus,Honourable Mention,115,,https://ipho-unofficial.org/timeline/2000/individual
Physics,IPhO,2000,Brian Lim Youliang,Singapore,Honourable Mention,116,,https://ipho-unofficial.org/timeline/2000/individual
Physics,IPhO,2000,Matthias Treier,Switzerland,Honourable Mention,117,,https://ipho-unofficial.org/timeline/2000/individual
Physics,IPhO,2000,Katarina Petrovic,Yugoslavia,Honourable Mention,118,,https://ipho-unofficial.org/timeline/2000/individual
Physics,IPhO,2000,Mikhail Yakutovich,Belarus,Honourable Mention,119,,https://ipho-unofficial.org/timeline/2000/individual
Physics,IPhO,2000,Zainul Abidin,Indonesia,Honourable Mention,120,,https://ipho-unofficial.org/timeline/2000/individual
Physics,IPhO,2000,Marco del Rey,Spain,Honourable Mention,121,,https://ipho-unofficial.org/timeline/2000/individual
Physics,IPhO,2000,Jakub Maksymilian Gac,Poland,Honourable Mention,122,,https://ipho-unofficial.org/timeline/2000/individual
Physics,IPhO,2000,Peter Molnar,Slovakia,Honourable Mention,123,,https://ipho-unofficial.org/timeline/2000/individual
Physics,IPhO,2000,Piti Ongmongkolkul,Thailand,Honourable Mention,124,,https://ipho-unofficial.org/timeline/2000/individual
Physics,IPhO,2000,Flyktman Jouni,Finland,Honourable Mention,125,,https://ipho-unofficial.org/timeline/2000/individual
Physics,IPhO,2000,Amitai Zernik,Israel,Honourable Mention,126,,https://ipho-unofficial.org/timeline/2000/individual
Physics,IPhO,2000,Adele Morrison,Australia,Honourable Mention,127,,https://ipho-unofficial.org/timeline/2000/individual
Physics,IPhO,2000,Nadine Grosse,Germany,Honourable Mention,128,,https://ipho-unofficial.org/timeline/2000/individual
Physics,IPhO,2000,Florin Ioniţă,Romania,Honourable Mention,129,,https://ipho-unofficial.org/timeline/2000/individual
Physics,IPhO,2000,Jonathan Barmak,Argentina,Honourable Mention,130,,https://ipho-unofficial.org/timeline/2000/individual
Physics,IPhO,2001,Daniyar Nurgaliev,Russia,Gold,1,,https://ipho-unofficial.org/timeline/2001/individual
Physics,IPhO,2001,Ali Farahanchi,Islamic Republic of Iran,Gold,2,,https://ipho-unofficial.org/timeline/2001/individual
Physics,IPhO,2001,Aliaksandr Yermalitski,Belarus,Gold,3,,https://ipho-unofficial.org/timeline/2001/individual
Physics,IPhO,2001,Nandan Dixit,India,Gold,4,,https://ipho-unofficial.org/timeline/2001/individual
Physics,IPhO,2001,Andrzej Goerlich,Poland,Gold,5,,https://ipho-unofficial.org/timeline/2001/individual
Physics,IPhO,2001,Chenbo Shi,People's Republic of China,Gold,6,,https://ipho-unofficial.org/timeline/2001/individual
Physics,IPhO,2001,Yang Qi,People's Republic of China,Gold,7,,https://ipho-unofficial.org/timeline/2001/individual
Physics,IPhO,2001,Andrew Lutomirski,United States of America,Gold,8,,https://ipho-unofficial.org/timeline/2001/individual
Physics,IPhO,2001,Hsin-Yu Tsai,Taiwan,Gold,9,,https://ipho-unofficial.org/timeline/2001/individual
Physics,IPhO,2001,Kirill Korolev,Russia,Gold,10,,https://ipho-unofficial.org/timeline/2001/individual
Physics,IPhO,2001,Vyacheslav Lysov,Ukraine,Gold,11,,https://ipho-unofficial.org/timeline/2001/individual
Physics,IPhO,2001,Willie Wong,United States of America,Gold,12,,https://ipho-unofficial.org/timeline/2001/individual
Physics,IPhO,2001,Yan Liu,People's Republic of China,Gold,13,,https://ipho-unofficial.org/timeline/2001/individual
Physics,IPhO,2001,Nguyen Bao Trung,Vietnam,Gold,14,,https://ipho-unofficial.org/timeline/2001/individual
Physics,IPhO,2001,Parag Agarwal,India,Gold,15,,https://ipho-unofficial.org/timeline/2001/individual
Physics,IPhO,2001,Wei-Yin Chen,Taiwan,Gold,16,,https://ipho-unofficial.org/timeline/2001/individual
Physics,IPhO,2001,Joel Weiqiang Goh,Singapore,Gold,17,,https://ipho-unofficial.org/timeline/2001/individual
Physics,IPhO,2001,Brian Beck,United States of America,Gold,18,,https://ipho-unofficial.org/timeline/2001/individual
Physics,IPhO,2001,Petr Klimay,Russia,Gold,19,,https://ipho-unofficial.org/timeline/2001/individual
Physics,IPhO,2001,Danil Murtazin,Kazakhstan,Gold,20,,https://ipho-unofficial.org/timeline/2001/individual
Physics,IPhO,2001,Arvind Thiagarajan,India,Gold,21,,https://ipho-unofficial.org/timeline/2001/individual
Physics,IPhO,2001,Yimin Wei,People's Republic of China,Gold,22,,https://ipho-unofficial.org/timeline/2001/individual
Physics,IPhO,2001,Naresh Satyan,India,Silver,23,,https://ipho-unofficial.org/timeline/2001/individual
Physics,IPhO,2001,Viatcheslav Muravev,Kazakhstan,Silver,24,,https://ipho-unofficial.org/timeline/2001/individual
Physics,IPhO,2001,Fethi Mübin Ramazanoğlu,Türkiye,Silver,25,,https://ipho-unofficial.org/timeline/2001/individual
Physics,IPhO,2001,Daniel Peng,United States of America,Silver,26,,https://ipho-unofficial.org/timeline/2001/individual
Physics,IPhO,2001,László Siroki,Hungary,Silver,27,,https://ipho-unofficial.org/timeline/2001/individual
Physics,IPhO,2001,Claude Warnick,United Kingdom,Silver,28,,https://ipho-unofficial.org/timeline/2001/individual
Physics,IPhO,2001,Bin Wu,People's Republic of China,Silver,29,,https://ipho-unofficial.org/timeline/2001/individual
Physics,IPhO,2001,Graham Dennis,Australia,Silver,30,,https://ipho-unofficial.org/timeline/2001/individual
Physics,IPhO,2001,Vyacheslav Kalinin,Russia,Silver,31,,https://ipho-unofficial.org/timeline/2001/individual
Physics,IPhO,2001,Rezy Pradipta,Indonesia,Silver,32,,https://ipho-unofficial.org/timeline/2001/individual
Physics,IPhO,2001,Stefan Pauliuk,Germany,Silver,33,,https://ipho-unofficial.org/timeline/2001/individual
Physics,IPhO,2001,Vladimir Novakovski,United States of America,Silver,34,,https://ipho-unofficial.org/timeline/2001/individual
Physics,IPhO,2001,Siarhei Maksimau,Belarus,Silver,35,,https://ipho-unofficial.org/timeline/2001/individual
Physics,IPhO,2001,Balázs Pozsgay,Hungary,Silver,36,,https://ipho-unofficial.org/timeline/2001/individual
Physics,IPhO,2001,Nikolay Pavlov,Bulgaria,Silver,37,,https://ipho-unofficial.org/timeline/2001/individual
Physics,IPhO,2001,S. Vijay Kumar,India,Silver,38,,https://ipho-unofficial.org/timeline/2001/individual
Physics,IPhO,2001,Iman Aganj,Islamic Republic of Iran,Silver,39,,https://ipho-unofficial.org/timeline/2001/individual
Physics,IPhO,2001,Seyed Peyman Shariat Panahi,Islamic Republic of Iran,Silver,40,,https://ipho-unofficial.org/timeline/2001/individual
Physics,IPhO,2001,Fábio Diales Da Rocha,Portugal,Silver,41,,https://ipho-unofficial.org/timeline/2001/individual
Physics,IPhO,2001,Tsung-Yu Kao,Taiwan,Silver,42,,https://ipho-unofficial.org/timeline/2001/individual
Physics,IPhO,2001,Miroslav Hejna,Czech Republic,Silver,43,,https://ipho-unofficial.org/timeline/2001/individual
Physics,IPhO,2001,Robert Haslhofer,Austria,Silver,44,,https://ipho-unofficial.org/timeline/2001/individual
Physics,IPhO,2001,Erdal Yılmaz,Türkiye,Silver,45,,https://ipho-unofficial.org/timeline/2001/individual
Physics,IPhO,2001,Frederick Petrus,Indonesia,Silver,46,,https://ipho-unofficial.org/timeline/2001/individual
Physics,IPhO,2001,Péter Varju,Hungary,Silver,47,,https://ipho-unofficial.org/timeline/2001/individual
Physics,IPhO,2001,Zakhar Mayzelis,Ukraine,Silver,48,,https://ipho-unofficial.org/timeline/2001/individual
Physics,IPhO,2001,Aleksei Boiko,Australia,Silver,49,,https://ipho-unofficial.org/timeline/2001/individual
Physics,IPhO,2001,Endel Soolo,Estonia,Silver,50,,https://ipho-unofficial.org/timeline/2001/individual
Physics,IPhO,2001,Hamed Alikhani,Islamic Republic of Iran,Silver,51,,https://ipho-unofficial.org/timeline/2001/individual
Physics,IPhO,2001,Kyung Min Lee,Republic of Korea,Silver,52,,https://ipho-unofficial.org/timeline/2001/individual
Physics,IPhO,2001,Mateusz Kwaśnicki,Poland,Silver,53,,https://ipho-unofficial.org/timeline/2001/individual
Physics,IPhO,2001,Jurgis Pasukonis,Lithuania,Silver,54,,https://ipho-unofficial.org/timeline/2001/individual
Physics,IPhO,2001,Oleksandr Nazaruk,Ukraine,Silver,55,,https://ipho-unofficial.org/timeline/2001/individual
Physics,IPhO,2001,Andrej Košmrlj,Slovenia,Silver,56,,https://ipho-unofficial.org/timeline/2001/individual
Physics,IPhO,2001,Stefan Meinel,Germany,Silver,57,,https://ipho-unofficial.org/timeline/2001/individual
Physics,IPhO,2001,Svetoslav Ivanov,Bulgaria,Silver,58,,https://ipho-unofficial.org/timeline/2001/individual
Physics,IPhO,2001,Ivan Sadovskyy,Ukraine,Silver,59,,https://ipho-unofficial.org/timeline/2001/individual
Physics,IPhO,2001,Tobias Fritz,Germany,Silver,60,,https://ipho-unofficial.org/timeline/2001/individual
Physics,IPhO,2001,Min Hyuk Lim,Republic of Korea,Silver,61,,https://ipho-unofficial.org/timeline/2001/individual
Physics,IPhO,2001,Liviu Tancau,Canada,Silver,62,,https://ipho-unofficial.org/timeline/2001/individual
Physics,IPhO,2001,Jevgenij Solovjov,Lithuania,Bronze,63,,https://ipho-unofficial.org/timeline/2001/individual
Physics,IPhO,2001,Wong Sang Sunwoo,Republic of Korea,Bronze,64,,https://ipho-unofficial.org/timeline/2001/individual
Physics,IPhO,2001,Tatijana Burankova,Belarus,Bronze,65,,https://ipho-unofficial.org/timeline/2001/individual
Physics,IPhO,2001,Dzhelil Rufat,Bulgaria,Bronze,66,,https://ipho-unofficial.org/timeline/2001/individual
Physics,IPhO,2001,Michail Makovskij,Belarus,Bronze,67,,https://ipho-unofficial.org/timeline/2001/individual
Physics,IPhO,2001,Bogdan Malaescu,Romania,Bronze,68,,https://ipho-unofficial.org/timeline/2001/individual
Physics,IPhO,2001,Anthony Iman Hertanto,Indonesia,Bronze,69,,https://ipho-unofficial.org/timeline/2001/individual
Physics,IPhO,2001,Jesse McKeown,Canada,Bronze,70,,https://ipho-unofficial.org/timeline/2001/individual
Physics,IPhO,2001,Chia-Chun Wang,Taiwan,Bronze,71,,https://ipho-unofficial.org/timeline/2001/individual
Physics,IPhO,2001,Ender Öztürk,Türkiye,Bronze,72,,https://ipho-unofficial.org/timeline/2001/individual
Physics,IPhO,2001,Ersen Ekrem,Türkiye,Bronze,73,,https://ipho-unofficial.org/timeline/2001/individual
Physics,IPhO,2001,Ali Vakili,Islamic Republic of Iran,Bronze,74,,https://ipho-unofficial.org/timeline/2001/individual
Physics,IPhO,2001,Noam Raphael,Israel,Bronze,75,,https://ipho-unofficial.org/timeline/2001/individual
Physics,IPhO,2001,Bart Van Den Dries,Netherlands,Bronze,76,,https://ipho-unofficial.org/timeline/2001/individual
Physics,IPhO,2001,Sebastian Höppner,Germany,Bronze,77,,https://ipho-unofficial.org/timeline/2001/individual
Physics,IPhO,2001,Chia-Hui Lin,Taiwan,Bronze,78,,https://ipho-unofficial.org/timeline/2001/individual
Physics,IPhO,2001,Dmytro Sergeyev,Ukraine,Bronze,79,,https://ipho-unofficial.org/timeline/2001/individual
Physics,IPhO,2001,Michał Jóźwikowski,Poland,Bronze,80,,https://ipho-unofficial.org/timeline/2001/individual
Physics,IPhO,2001,Bui Le Na,Vietnam,Bronze,81,,https://ipho-unofficial.org/timeline/2001/individual
Physics,IPhO,2001,Norbert Požár,Czech Republic,Bronze,82,,https://ipho-unofficial.org/timeline/2001/individual
Physics,IPhO,2001,Bence Béky,Hungary,Bronze,83,,https://ipho-unofficial.org/timeline/2001/individual
Physics,IPhO,2001,Kaya Demir,Türkiye,Bronze,84,,https://ipho-unofficial.org/timeline/2001/individual
Physics,IPhO,2001,Chung Wan Ha,Republic of Korea,Bronze,85,,https://ipho-unofficial.org/timeline/2001/individual
Physics,IPhO,2001,Jan Pipek,Czech Republic,Bronze,86,,https://ipho-unofficial.org/timeline/2001/individual
Physics,IPhO,2001,Andrés Aceña,Argentina,Bronze,87,,https://ipho-unofficial.org/timeline/2001/individual
Physics,IPhO,2001,Joost Hoogeveen,Netherlands,Bronze,88,,https://ipho-unofficial.org/timeline/2001/individual
Physics,IPhO,2001,Gencho Zhilkov,Bulgaria,Bronze,89,,https://ipho-unofficial.org/timeline/2001/individual
Physics,IPhO,2001,Peteris Ledins,Latvia,Bronze,90,,https://ipho-unofficial.org/timeline/2001/individual
Physics,IPhO,2001,Dang Ngoc Duong,Vietnam,Bronze,91,,https://ipho-unofficial.org/timeline/2001/individual
Physics,IPhO,2001,Imam Makhfudz,Indonesia,Bronze,92,,https://ipho-unofficial.org/timeline/2001/individual
Physics,IPhO,2001,Jonathan Fittall,United Kingdom,Bronze,93,,https://ipho-unofficial.org/timeline/2001/individual
Physics,IPhO,2001,Frédéric Dupuis,Canada,Bronze,94,,https://ipho-unofficial.org/timeline/2001/individual
Physics,IPhO,2001,Martin Beránek,Czech Republic,Bronze,95,,https://ipho-unofficial.org/timeline/2001/individual
Physics,IPhO,2001,Stefano Pugnetti,Italy,Bronze,96,,https://ipho-unofficial.org/timeline/2001/individual
Physics,IPhO,2001,Jay Huiyi Chua,Singapore,Bronze,97,,https://ipho-unofficial.org/timeline/2001/individual
Physics,IPhO,2001,Yuri Deshko,Belarus,Bronze,98,,https://ipho-unofficial.org/timeline/2001/individual
Physics,IPhO,2001,Won Hee Ko,Republic of Korea,Bronze,99,,https://ipho-unofficial.org/timeline/2001/individual
Physics,IPhO,2001,Alexander Köhler,Germany,Bronze,100,,https://ipho-unofficial.org/timeline/2001/individual
Physics,IPhO,2001,Dion Boesten,Netherlands,Bronze,101,,https://ipho-unofficial.org/timeline/2001/individual
Physics,IPhO,2001,Ádám Nagy,Hungary,Bronze,102,,https://ipho-unofficial.org/timeline/2001/individual
Physics,IPhO,2001,Greg Londish,Australia,Bronze,103,,https://ipho-unofficial.org/timeline/2001/individual
Physics,IPhO,2001,Alar Ainla,Estonia,Bronze,104,,https://ipho-unofficial.org/timeline/2001/individual
Physics,IPhO,2001,Tara Chalermsongsak,Thailand,Bronze,105,,https://ipho-unofficial.org/timeline/2001/individual
Physics,IPhO,2001,Rizki Muhammad Ridwan,Indonesia,Bronze,106,,https://ipho-unofficial.org/timeline/2001/individual
Physics,IPhO,2001,Ziyan Huang,Singapore,Bronze,107,,https://ipho-unofficial.org/timeline/2001/individual
Physics,IPhO,2001,Jan Kapitán,Czech Republic,Bronze,108,,https://ipho-unofficial.org/timeline/2001/individual
Physics,IPhO,2001,Gregor Tavčar,Slovenia,Bronze,109,,https://ipho-unofficial.org/timeline/2001/individual
Physics,IPhO,2001,Pavel Petrov,Estonia,Bronze,110,,https://ipho-unofficial.org/timeline/2001/individual
Physics,IPhO,2001,Edwin Thomson,United Kingdom,Bronze,111,,https://ipho-unofficial.org/timeline/2001/individual
Physics,IPhO,2001,Germ Oostra,Netherlands,Bronze,112,,https://ipho-unofficial.org/timeline/2001/individual
Physics,IPhO,2001,Matthew Verdon,Australia,Bronze,113,,https://ipho-unofficial.org/timeline/2001/individual
Physics,IPhO,2001,Ian Leroux,Canada,Bronze,114,,https://ipho-unofficial.org/timeline/2001/individual
Physics,IPhO,2001,Silviu Stefan Pufu,Romania,Bronze,115,,https://ipho-unofficial.org/timeline/2001/individual
Physics,IPhO,2001,Tiberiu Teşileanu,Romania,Honourable Mention,116,,https://ipho-unofficial.org/timeline/2001/individual
Physics,IPhO,2001,Mojca Miklavec,Slovenia,Honourable Mention,117,,https://ipho-unofficial.org/timeline/2001/individual
Physics,IPhO,2001,Branislav Novotny,Slovakia,Honourable Mention,118,,https://ipho-unofficial.org/timeline/2001/individual
Physics,IPhO,2001,Fredrik Jansson,Finland,Honourable Mention,119,,https://ipho-unofficial.org/timeline/2001/individual
Physics,IPhO,2001,Teemu Hynninen,Finland,Honourable Mention,120,,https://ipho-unofficial.org/timeline/2001/individual
Physics,IPhO,2001,Yaser Raza Khan,Pakistan,Honourable Mention,121,,https://ipho-unofficial.org/timeline/2001/individual
Physics,IPhO,2001,Sergei Amirian,Georgia,Honourable Mention,122,,https://ipho-unofficial.org/timeline/2001/individual
Physics,IPhO,2001,Aleksandar Vacic,Yugoslavia,Honourable Mention,123,,https://ipho-unofficial.org/timeline/2001/individual
Physics,IPhO,2001,Gustavo Moreno,Argentina,Honourable Mention,124,,https://ipho-unofficial.org/timeline/2001/individual
Physics,IPhO,2001,Dragan Simeonov,Slovenia,Honourable Mention,125,,https://ipho-unofficial.org/timeline/2001/individual
Physics,IPhO,2001,Florin Ioniţă,Romania,Honourable Mention,126,,https://ipho-unofficial.org/timeline/2001/individual
Physics,IPhO,2001,Grigor Aslanyan Vartani,Armenia,Honourable Mention,127,,https://ipho-unofficial.org/timeline/2001/individual
Physics,IPhO,2001,Eelco De Jong,Netherlands,Honourable Mention,128,,https://ipho-unofficial.org/timeline/2001/individual
Physics,IPhO,2001,Maciej Fijałkowski,Poland,Honourable Mention,129,,https://ipho-unofficial.org/timeline/2001/individual
Physics,IPhO,2001,Bjarke Moelgaard,Denmark,Honourable Mention,130,,https://ipho-unofficial.org/timeline/2001/individual
Physics,IPhO,2001,Biljana Gajic,Yugoslavia,Honourable Mention,131,,https://ipho-unofficial.org/timeline/2001/individual
Physics,IPhO,2001,Vytautas Liuolia,Lithuania,Honourable Mention,132,,https://ipho-unofficial.org/timeline/2001/individual
Physics,IPhO,2001,Thiti Taychatanapat,Thailand,Honourable Mention,133,,https://ipho-unofficial.org/timeline/2001/individual
Physics,IPhO,2001,Teemu Murtola,Finland,Honourable Mention,134,,https://ipho-unofficial.org/timeline/2001/individual
Physics,IPhO,2001,Tomas Dzetkulic,Slovakia,Honourable Mention,135,,https://ipho-unofficial.org/timeline/2001/individual
Physics,IPhO,2001,Mile Karlica,Croatia,Honourable Mention,136,,https://ipho-unofficial.org/timeline/2001/individual
Physics,IPhO,2001,Adam Działak,Poland,Honourable Mention,137,,https://ipho-unofficial.org/timeline/2001/individual
Physics,IPhO,2001,Michael Khanevsky,Israel,Honourable Mention,138,,https://ipho-unofficial.org/timeline/2001/individual
Physics,IPhO,2001,Zoltan Mics,Slovakia,Honourable Mention,139,,https://ipho-unofficial.org/timeline/2001/individual
Physics,IPhO,2001,Hovnatan Karapetyan Harutyuni,Armenia,Honourable Mention,140,,https://ipho-unofficial.org/timeline/2001/individual
Physics,IPhO,2001,Gheorghe Chistol,Moldova,Honourable Mention,141,,https://ipho-unofficial.org/timeline/2001/individual
Physics,IPhO,2001,Klaus Jäger,Austria,Honourable Mention,142,,https://ipho-unofficial.org/timeline/2001/individual
Physics,IPhO,2001,Do Chinh,Vietnam,Honourable Mention,143,,https://ipho-unofficial.org/timeline/2001/individual
Physics,IPhO,2001,Rui Zhen Tan,Singapore,Honourable Mention,144,,https://ipho-unofficial.org/timeline/2001/individual
Physics,IPhO,2001,Giga Chkareuli,Georgia,Honourable Mention,145,,https://ipho-unofficial.org/timeline/2001/individual
Physics,IPhO,2001,Uchupol Ruangsri,Thailand,Honourable Mention,146,,https://ipho-unofficial.org/timeline/2001/individual
Physics,IPhO,2001,Egons Lavendelis,Latvia,Honourable Mention,147,,https://ipho-unofficial.org/timeline/2001/individual
Physics,IPhO,2001,Serena Zhiyi Lee,Singapore,Honourable Mention,148,,https://ipho-unofficial.org/timeline/2001/individual
Physics,IPhO,2001,Oded Tsur,Israel,Honourable Mention,149,,https://ipho-unofficial.org/timeline/2001/individual
Physics,IPhO,2001,Nathan Vercruyssen,Belgium,Honourable Mention,150,,https://ipho-unofficial.org/timeline/2001/individual
Physics,IPhO,2001,Şemsuddin Bulekbayev,Turkmenistan,Honourable Mention,151,,https://ipho-unofficial.org/timeline/2001/individual
Physics,IPhO,2001,Pablo Veltri,Argentina,Honourable Mention,152,,https://ipho-unofficial.org/timeline/2001/individual
Physics,IPhO,2001,Supiti Buranawatanachoke,Thailand,Honourable Mention,153,,https://ipho-unofficial.org/timeline/2001/individual
Physics,IPhO,2001,Nemanja Spasojevic,Yugoslavia,Honourable Mention,154,,https://ipho-unofficial.org/timeline/2001/individual
Physics,IPhO,2001,Simona Şerban,Romania,Honourable Mention,155,,https://ipho-unofficial.org/timeline/2001/individual
Physics,IPhO,2001,Milan Radonjic,Yugoslavia,Honourable Mention,156,,https://ipho-unofficial.org/timeline/2001/individual
Physics,IPhO,2001,Vu Khanh Tung,Vietnam,Honourable Mention,157,,https://ipho-unofficial.org/timeline/2001/individual
Physics,IPhO,2001,Gunārs Grundmanis,Latvia,Honourable Mention,158,,https://ipho-unofficial.org/timeline/2001/individual
Physics,IPhO,2001,Giovanni Petrucciani,Italy,Honourable Mention,159,,https://ipho-unofficial.org/timeline/2001/individual
Physics,IPhO,2001,Guilherme Leite Pimentel,Brazil,Honourable Mention,160,,https://ipho-unofficial.org/timeline/2001/individual
Physics,IPhO,2001,Stanislav Miklik,Slovakia,Honourable Mention,161,,https://ipho-unofficial.org/timeline/2001/individual
Physics,IPhO,2001,Denis Atrashenko,Kazakhstan,Honourable Mention,162,,https://ipho-unofficial.org/timeline/2001/individual
Physics,IPhO,2002,Dang Ngoc Duong,Vietnam,Gold,1,,https://ipho-unofficial.org/timeline/2002/individual
Physics,IPhO,2002,Xiangjun Fan,People's Republic of China,Gold,2,,https://ipho-unofficial.org/timeline/2002/individual
Physics,IPhO,2002,Amir Reza Mohsenzadeh Kermani,Islamic Republic of Iran,Gold,3,,https://ipho-unofficial.org/timeline/2002/individual
Physics,IPhO,2002,Chunhui Gu,People's Republic of China,Gold,4,,https://ipho-unofficial.org/timeline/2002/individual
Physics,IPhO,2002,László Siroki,Hungary,Gold,5,,https://ipho-unofficial.org/timeline/2002/individual
Physics,IPhO,2002,Agustinus Peter Sahanggamu,Indonesia,Gold,6,,https://ipho-unofficial.org/timeline/2002/individual
Physics,IPhO,2002,Igor Kvasov,Russia,Gold,7,,https://ipho-unofficial.org/timeline/2002/individual
Physics,IPhO,2002,Widagdo Setiawan,Indonesia,Gold,8,,https://ipho-unofficial.org/timeline/2002/individual
Physics,IPhO,2002,Kyung Min Kim,Republic of Korea,Gold,9,,https://ipho-unofficial.org/timeline/2002/individual
Physics,IPhO,2002,Ming Qiang Nicholas Tham,Singapore,Gold,10,,https://ipho-unofficial.org/timeline/2002/individual
Physics,IPhO,2002,Ravishankar Sundararaman,India,Gold,11,,https://ipho-unofficial.org/timeline/2002/individual
Physics,IPhO,2002,Yang Chen,People's Republic of China,Gold,12,,https://ipho-unofficial.org/timeline/2002/individual
Physics,IPhO,2002,Tural Badirkhanli,Azerbaijan,Gold,13,,https://ipho-unofficial.org/timeline/2002/individual
Physics,IPhO,2002,Bence Béky,Hungary,Gold,14,,https://ipho-unofficial.org/timeline/2002/individual
Physics,IPhO,2002,Huan Yang,People's Republic of China,Gold,15,,https://ipho-unofficial.org/timeline/2002/individual
Physics,IPhO,2002,Matthias Merkel,Germany,Gold,16,,https://ipho-unofficial.org/timeline/2002/individual
Physics,IPhO,2002,Hsien-Ching Kao,Taiwan,Gold,17,,https://ipho-unofficial.org/timeline/2002/individual
Physics,IPhO,2002,Joon Ha Park,Republic of Korea,Gold,18,,https://ipho-unofficial.org/timeline/2002/individual
Physics,IPhO,2002,Agshin Heybatov,Azerbaijan,Gold,19,,https://ipho-unofficial.org/timeline/2002/individual
Physics,IPhO,2002,Ehsan Aganj,Islamic Republic of Iran,Gold,20,,https://ipho-unofficial.org/timeline/2002/individual
Physics,IPhO,2002,Victor Mikhaylov,Russia,Gold,21,,https://ipho-unofficial.org/timeline/2002/individual
Physics,IPhO,2002,Henry Wong,Canada,Gold,22,,https://ipho-unofficial.org/timeline/2002/individual
Physics,IPhO,2002,Oh Kyung Kwon,Republic of Korea,Gold,23,,https://ipho-unofficial.org/timeline/2002/individual
Physics,IPhO,2002,David Wyatt,United Kingdom,Gold,24,,https://ipho-unofficial.org/timeline/2002/individual
Physics,IPhO,2002,Yu-Sheng Liu,Taiwan,Gold,25,,https://ipho-unofficial.org/timeline/2002/individual
Physics,IPhO,2002,Yernur Rysmagambetov,Kazakhstan,Gold,26,,https://ipho-unofficial.org/timeline/2002/individual
Physics,IPhO,2002,Zohrab Niftaliyev,Azerbaijan,Gold,27,,https://ipho-unofficial.org/timeline/2002/individual
Physics,IPhO,2002,Alex Bijamov,Georgia,Gold,28,,https://ipho-unofficial.org/timeline/2002/individual
Physics,IPhO,2002,Ng Boon Leong,Singapore,Gold,29,,https://ipho-unofficial.org/timeline/2002/individual
Physics,IPhO,2002,Yousef Abbasi Asl,Islamic Republic of Iran,Gold,30,,https://ipho-unofficial.org/timeline/2002/individual
Physics,IPhO,2002,Mohammad Faghfoor-Maghrebi,Islamic Republic of Iran,Gold,31,,https://ipho-unofficial.org/timeline/2002/individual
Physics,IPhO,2002,Sándor Tóth,Hungary,Gold,32,,https://ipho-unofficial.org/timeline/2002/individual
Physics,IPhO,2002,Serhiy Nechuyiviter,Ukraine,Gold,33,,https://ipho-unofficial.org/timeline/2002/individual
Physics,IPhO,2002,Hong-Hsi Lee,Taiwan,Gold,34,,https://ipho-unofficial.org/timeline/2002/individual
Physics,IPhO,2002,Sergei Amirian,Georgia,Gold,35,,https://ipho-unofficial.org/timeline/2002/individual
Physics,IPhO,2002,Fajar Ardian,Indonesia,Gold,36,,https://ipho-unofficial.org/timeline/2002/individual
Physics,IPhO,2002,Behtash Babadi,Islamic Republic of Iran,Gold,37,,https://ipho-unofficial.org/timeline/2002/individual
Physics,IPhO,2002,Matija Perne,Slovenia,Gold,38,,https://ipho-unofficial.org/timeline/2002/individual
Physics,IPhO,2002,Andrey Postoev,Russia,Gold,39,,https://ipho-unofficial.org/timeline/2002/individual
Physics,IPhO,2002,Weerapong Phadungsukanan,Thailand,Gold,40,,https://ipho-unofficial.org/timeline/2002/individual
Physics,IPhO,2002,Han Young Kim,Republic of Korea,Gold,41,,https://ipho-unofficial.org/timeline/2002/individual
Physics,IPhO,2002,Umut Eser,Türkiye,Gold,42,,https://ipho-unofficial.org/timeline/2002/individual
Physics,IPhO,2002,Andrey Kondratev,Russia,Silver,43,,https://ipho-unofficial.org/timeline/2002/individual
Physics,IPhO,2002,Shengqiang Joseph Tan,Singapore,Silver,44,,https://ipho-unofficial.org/timeline/2002/individual
Physics,IPhO,2002,Shanthanu Bhardwaj,India,Silver,45,,https://ipho-unofficial.org/timeline/2002/individual
Physics,IPhO,2002,Tiberiu Teşileanu,Romania,Silver,46,,https://ipho-unofficial.org/timeline/2002/individual
Physics,IPhO,2002,Silviu Stefan Pufu,Romania,Silver,47,,https://ipho-unofficial.org/timeline/2002/individual
Physics,IPhO,2002,Robert Haslhofer,Austria,Silver,48,,https://ipho-unofficial.org/timeline/2002/individual
Physics,IPhO,2002,Pavel Buividovich,Belarus,Silver,49,,https://ipho-unofficial.org/timeline/2002/individual
Physics,IPhO,2002,Bojan Djordjevic,Australia,Silver,50,,https://ipho-unofficial.org/timeline/2002/individual
Physics,IPhO,2002,Thaned Pruttivarasin,Thailand,Silver,51,,https://ipho-unofficial.org/timeline/2002/individual
Physics,IPhO,2002,Emil Nurmammadov,Azerbaijan,Silver,52,,https://ipho-unofficial.org/timeline/2002/individual
Physics,IPhO,2002,Sundeep Balaji,India,Silver,53,,https://ipho-unofficial.org/timeline/2002/individual
Physics,IPhO,2002,Răzvan Tătăroiu,Romania,Silver,54,,https://ipho-unofficial.org/timeline/2002/individual
Physics,IPhO,2002,Kushal Mukherjee,India,Silver,55,,https://ipho-unofficial.org/timeline/2002/individual
Physics,IPhO,2002,Sinit Vitavasiri,Thailand,Silver,56,,https://ipho-unofficial.org/timeline/2002/individual
Physics,IPhO,2002,Andrew Qian Wang,Canada,Silver,57,,https://ipho-unofficial.org/timeline/2002/individual
Physics,IPhO,2002,Sheng-Hsuan Lin,Taiwan,Silver,58,,https://ipho-unofficial.org/timeline/2002/individual
Physics,IPhO,2002,Mikhail Rajev,Russia,Silver,59,,https://ipho-unofficial.org/timeline/2002/individual
Physics,IPhO,2002,Matthias Goerner,Germany,Silver,60,,https://ipho-unofficial.org/timeline/2002/individual
Physics,IPhO,2002,Gheorghe Chistol,Moldova,Silver,61,,https://ipho-unofficial.org/timeline/2002/individual
Physics,IPhO,2002,Andrei Andryieuski,Belarus,Silver,62,,https://ipho-unofficial.org/timeline/2002/individual
Physics,IPhO,2002,Ian Neil Mathieson,United Kingdom,Silver,63,,https://ipho-unofficial.org/timeline/2002/individual
Physics,IPhO,2002,Marek Misztal,Poland,Silver,64,,https://ipho-unofficial.org/timeline/2002/individual
Physics,IPhO,2002,Jolyon Bloomfield,Australia,Silver,65,,https://ipho-unofficial.org/timeline/2002/individual
Physics,IPhO,2002,Mirbek Mamatibraimovich Samiev,Kyrgyzstan,Silver,66,,https://ipho-unofficial.org/timeline/2002/individual
Physics,IPhO,2002,Răzvan Chereji,Romania,Silver,67,,https://ipho-unofficial.org/timeline/2002/individual
Physics,IPhO,2002,Cătălin Ciobanu,Romania,Silver,68,,https://ipho-unofficial.org/timeline/2002/individual
Physics,IPhO,2002,Christopher S.A. Hendriks,Indonesia,Silver,69,,https://ipho-unofficial.org/timeline/2002/individual
Physics,IPhO,2002,Jun Gao,People's Republic of China,Silver,70,,https://ipho-unofficial.org/timeline/2002/individual
Physics,IPhO,2002,Hirakendu Das,India,Silver,71,,https://ipho-unofficial.org/timeline/2002/individual
Physics,IPhO,2002,Alexander Köhler,Germany,Silver,72,,https://ipho-unofficial.org/timeline/2002/individual
Physics,IPhO,2002,Attila Geresdi,Hungary,Silver,73,,https://ipho-unofficial.org/timeline/2002/individual
Physics,IPhO,2002,Muhammed Abdulcelil Acar,Türkiye,Silver,74,,https://ipho-unofficial.org/timeline/2002/individual
Physics,IPhO,2002,Tuan Thanh Luong,Vietnam,Silver,75,,https://ipho-unofficial.org/timeline/2002/individual
Physics,IPhO,2002,Aleksi Karamyan,Georgia,Silver,76,,https://ipho-unofficial.org/timeline/2002/individual
Physics,IPhO,2002,Seung Joo Lee,Republic of Korea,Silver,77,,https://ipho-unofficial.org/timeline/2002/individual
Physics,IPhO,2002,Giga Chkareuli,Georgia,Silver,78,,https://ipho-unofficial.org/timeline/2002/individual
Physics,IPhO,2002,Lenin Del Rio Amador,Cuba,Silver,79,,https://ipho-unofficial.org/timeline/2002/individual
Physics,IPhO,2002,Tigran Shahverdyan,Armenia,Bronze,80,,https://ipho-unofficial.org/timeline/2002/individual
Physics,IPhO,2002,Tivadar Pápai,Hungary,Bronze,81,,https://ipho-unofficial.org/timeline/2002/individual
Physics,IPhO,2002,Benjamin Weise,Australia,Bronze,82,,https://ipho-unofficial.org/timeline/2002/individual
Physics,IPhO,2002,Rafael Mavlyukeyev,Kazakhstan,Bronze,83,,https://ipho-unofficial.org/timeline/2002/individual
Physics,IPhO,2002,Václav Cviček,Czech Republic,Bronze,84,,https://ipho-unofficial.org/timeline/2002/individual
Physics,IPhO,2002,Tomas Dzetkulic,Slovakia,Bronze,85,,https://ipho-unofficial.org/timeline/2002/individual
Physics,IPhO,2002,Miron Sadziak,Poland,Bronze,86,,https://ipho-unofficial.org/timeline/2002/individual
Physics,IPhO,2002,Pawit Sangchant,Thailand,Bronze,87,,https://ipho-unofficial.org/timeline/2002/individual
Physics,IPhO,2002,Syed Abid Hasan Naqvi,Pakistan,Bronze,88,,https://ipho-unofficial.org/timeline/2002/individual
Physics,IPhO,2002,Gunārs Grundmanis,Latvia,Bronze,89,,https://ipho-unofficial.org/timeline/2002/individual
Physics,IPhO,2002,Ivane Jorjadze,Georgia,Bronze,90,,https://ipho-unofficial.org/timeline/2002/individual
Physics,IPhO,2002,Evelyn Mintarno,Indonesia,Bronze,91,,https://ipho-unofficial.org/timeline/2002/individual
Physics,IPhO,2002,Katarina Petrovic,Yugoslavia,Bronze,92,,https://ipho-unofficial.org/timeline/2002/individual
Physics,IPhO,2002,Ulrik Buchholtz,Denmark,Bronze,93,,https://ipho-unofficial.org/timeline/2002/individual
Physics,IPhO,2002,Marko Zivkovic,Croatia,Bronze,94,,https://ipho-unofficial.org/timeline/2002/individual
Physics,IPhO,2002,Manuel Krebs,Germany,Bronze,95,,https://ipho-unofficial.org/timeline/2002/individual
Physics,IPhO,2002,Ivan Kassal,Croatia,Bronze,96,,https://ipho-unofficial.org/timeline/2002/individual
Physics,IPhO,2002,Huy Thanh Nguyen,Vietnam,Bronze,97,,https://ipho-unofficial.org/timeline/2002/individual
Physics,IPhO,2002,Ivan Levkivskyy,Ukraine,Bronze,98,,https://ipho-unofficial.org/timeline/2002/individual
Physics,IPhO,2002,Marko Petkovic,Yugoslavia,Bronze,99,,https://ipho-unofficial.org/timeline/2002/individual
Physics,IPhO,2002,Wasil Intsar Mohar,Pakistan,Bronze,100,,https://ipho-unofficial.org/timeline/2002/individual
Physics,IPhO,2002,Burhan Bavkır,Türkiye,Bronze,101,,https://ipho-unofficial.org/timeline/2002/individual
Physics,IPhO,2002,Nikola Kamburov,Bulgaria,Bronze,102,,https://ipho-unofficial.org/timeline/2002/individual
Physics,IPhO,2002,Lesya Shchutska,Ukraine,Bronze,103,,https://ipho-unofficial.org/timeline/2002/individual
Physics,IPhO,2002,Anton Shashok,Belarus,Bronze,104,,https://ipho-unofficial.org/timeline/2002/individual
Physics,IPhO,2002,Milan Radonjic,Yugoslavia,Bronze,105,,https://ipho-unofficial.org/timeline/2002/individual
Physics,IPhO,2002,Aleksandar Cvetkovic,Yugoslavia,Bronze,106,,https://ipho-unofficial.org/timeline/2002/individual
Physics,IPhO,2002,Yauheni Aliashkevich,Belarus,Bronze,107,,https://ipho-unofficial.org/timeline/2002/individual
Physics,IPhO,2002,Chien-Yu Chen,Taiwan,Bronze,108,,https://ipho-unofficial.org/timeline/2002/individual
Physics,IPhO,2002,Timothy George Budd,Netherlands,Bronze,109,,https://ipho-unofficial.org/timeline/2002/individual
Physics,IPhO,2002,Robert Carcasses Quevedo,Cuba,Bronze,110,,https://ipho-unofficial.org/timeline/2002/individual
Physics,IPhO,2002,Peter Rakyta,Slovakia,Bronze,111,,https://ipho-unofficial.org/timeline/2002/individual
Physics,IPhO,2002,Stephen McMahon,Ireland,Bronze,112,,https://ipho-unofficial.org/timeline/2002/individual
Physics,IPhO,2002,Gareth John Conduit,United Kingdom,Bronze,113,,https://ipho-unofficial.org/timeline/2002/individual
Physics,IPhO,2002,Mihkel Kree,Estonia,Bronze,114,,https://ipho-unofficial.org/timeline/2002/individual
Physics,IPhO,2002,Senthooran Rajamanoharan,United Kingdom,Bronze,115,,https://ipho-unofficial.org/timeline/2002/individual
Physics,IPhO,2002,Marinus Zwart,Netherlands,Bronze,116,,https://ipho-unofficial.org/timeline/2002/individual
Physics,IPhO,2002,Piotr Powalowski,Poland,Bronze,117,,https://ipho-unofficial.org/timeline/2002/individual
Physics,IPhO,2002,Foo Chuan Sheng,Singapore,Bronze,118,,https://ipho-unofficial.org/timeline/2002/individual
Physics,IPhO,2002,Miroslav Hejna,Czech Republic,Bronze,119,,https://ipho-unofficial.org/timeline/2002/individual
Physics,IPhO,2002,Ozan Mehmet Kabak,Türkiye,Bronze,120,,https://ipho-unofficial.org/timeline/2002/individual
Physics,IPhO,2002,Wojciech Samotij,Poland,Bronze,121,,https://ipho-unofficial.org/timeline/2002/individual
Physics,IPhO,2002,Vietnam Nghiem,Vietnam,Bronze,122,,https://ipho-unofficial.org/timeline/2002/individual
Physics,IPhO,2002,Stanimir Rachev,Bulgaria,Bronze,123,,https://ipho-unofficial.org/timeline/2002/individual
Physics,IPhO,2002,Van Trong Tong,Vietnam,Bronze,124,,https://ipho-unofficial.org/timeline/2002/individual
Physics,IPhO,2002,Jonathan Ruel,Canada,Bronze,125,,https://ipho-unofficial.org/timeline/2002/individual
Physics,IPhO,2002,Nicolaas Jacobus Henricus Boon,Netherlands,Bronze,126,,https://ipho-unofficial.org/timeline/2002/individual
Physics,IPhO,2002,Anti Sullin,Estonia,Bronze,127,,https://ipho-unofficial.org/timeline/2002/individual
Physics,IPhO,2002,Kristjan Alexandersson,Iceland,Bronze,128,,https://ipho-unofficial.org/timeline/2002/individual
Physics,IPhO,2002,Ronaldo Rodrigues Pela,Brazil,Bronze,129,,https://ipho-unofficial.org/timeline/2002/individual
Physics,IPhO,2002,Aida Mehonić,Bosnia and Herzegovina,Bronze,130,,https://ipho-unofficial.org/timeline/2002/individual
Physics,IPhO,2002,Anton Mishchuk,Belarus,Bronze,131,,https://ipho-unofficial.org/timeline/2002/individual
Physics,IPhO,2002,Oleksandr Marchenko,Ukraine,Bronze,132,,https://ipho-unofficial.org/timeline/2002/individual
Physics,IPhO,2002,Erica Thompson,United Kingdom,Bronze,133,,https://ipho-unofficial.org/timeline/2002/individual
Physics,IPhO,2002,Pearl Gallagher,Australia,Bronze,134,,https://ipho-unofficial.org/timeline/2002/individual
Physics,IPhO,2002,Andrea Tarelli,Italy,Bronze,135,,https://ipho-unofficial.org/timeline/2002/individual
Physics,IPhO,2002,Adam Działak,Poland,Bronze,136,,https://ipho-unofficial.org/timeline/2002/individual
Physics,IPhO,2002,Barry Smith,Australia,Bronze,137,,https://ipho-unofficial.org/timeline/2002/individual
Physics,IPhO,2002,Alexander Kazda,Czech Republic,Honourable Mention,138,,https://ipho-unofficial.org/timeline/2002/individual
Physics,IPhO,2002,Talgat Ismukhamedov,Kazakhstan,Honourable Mention,139,,https://ipho-unofficial.org/timeline/2002/individual
Physics,IPhO,2002,Jutho Haegeman,Belgium,Honourable Mention,140,,https://ipho-unofficial.org/timeline/2002/individual
Physics,IPhO,2002,Garry Goldstein,Canada,Honourable Mention,141,,https://ipho-unofficial.org/timeline/2002/individual
Physics,IPhO,2002,İbrahim Aydın,Türkiye,Honourable Mention,142,,https://ipho-unofficial.org/timeline/2002/individual
Physics,IPhO,2002,Omair Safwan Malik,Pakistan,Honourable Mention,143,,https://ipho-unofficial.org/timeline/2002/individual
Physics,IPhO,2002,Kasper Jahn,Denmark,Honourable Mention,144,,https://ipho-unofficial.org/timeline/2002/individual
Physics,IPhO,2002,Andraž Stožer,Slovenia,Honourable Mention,145,,https://ipho-unofficial.org/timeline/2002/individual
Physics,IPhO,2002,Dietmar Mombert Pelinka,Austria,Honourable Mention,146,,https://ipho-unofficial.org/timeline/2002/individual
Physics,IPhO,2002,Jan Baggesen,Denmark,Honourable Mention,147,,https://ipho-unofficial.org/timeline/2002/individual
Physics,IPhO,2002,Kwong Chang Chee,Malaysia,Honourable Mention,148,,https://ipho-unofficial.org/timeline/2002/individual
Physics,IPhO,2002,Murad Tariq,Pakistan,Honourable Mention,149,,https://ipho-unofficial.org/timeline/2002/individual
Physics,IPhO,2002,Juraj Lovrencic,Croatia,Honourable Mention,150,,https://ipho-unofficial.org/timeline/2002/individual
Physics,IPhO,2002,Peter Koltai,Slovakia,Honourable Mention,151,,https://ipho-unofficial.org/timeline/2002/individual
Physics,IPhO,2002,Rodrigo Javier Noriega Manez,Mexico,Honourable Mention,152,,https://ipho-unofficial.org/timeline/2002/individual
Physics,IPhO,2002,Alejandro Cabo Bizet,Cuba,Honourable Mention,153,,https://ipho-unofficial.org/timeline/2002/individual
Physics,IPhO,2002,Ignasi Viladesau Franquesa,Spain,Honourable Mention,154,,https://ipho-unofficial.org/timeline/2002/individual
Physics,IPhO,2002,Thomas Uehlinger,Switzerland,Honourable Mention,155,,https://ipho-unofficial.org/timeline/2002/individual
Physics,IPhO,2002,Oliver Kirsebom,Denmark,Honourable Mention,156,,https://ipho-unofficial.org/timeline/2002/individual
Physics,IPhO,2002,Sigurdur Orn Stefansson,Iceland,Honourable Mention,157,,https://ipho-unofficial.org/timeline/2002/individual
Physics,IPhO,2002,Vytautas Liuolia,Lithuania,Honourable Mention,158,,https://ipho-unofficial.org/timeline/2002/individual
Physics,IPhO,2002,Blagovest Gochev,Bulgaria,Honourable Mention,159,,https://ipho-unofficial.org/timeline/2002/individual
Physics,IPhO,2002,Valentin Shopov,Bulgaria,Honourable Mention,160,,https://ipho-unofficial.org/timeline/2002/individual
Physics,IPhO,2002,Osama Ahmad,Pakistan,Honourable Mention,161,,https://ipho-unofficial.org/timeline/2002/individual
Physics,IPhO,2002,Jan Prachař,Czech Republic,Honourable Mention,162,,https://ipho-unofficial.org/timeline/2002/individual
Physics,IPhO,2002,Lukas Fischer,Austria,Honourable Mention,163,,https://ipho-unofficial.org/timeline/2002/individual
Physics,IPhO,2002,David Schwandt,Germany,Honourable Mention,164,,https://ipho-unofficial.org/timeline/2002/individual
Physics,IPhO,2002,Andrea Simonetto,Italy,Honourable Mention,165,,https://ipho-unofficial.org/timeline/2002/individual
Physics,IPhO,2002,Elvir Brkic,Bosnia and Herzegovina,Honourable Mention,166,,https://ipho-unofficial.org/timeline/2002/individual
Physics,IPhO,2002,Giuseppe Valletta,Italy,Honourable Mention,167,,https://ipho-unofficial.org/timeline/2002/individual
Physics,IPhO,2002,Karlis Podins,Latvia,Honourable Mention,168,,https://ipho-unofficial.org/timeline/2002/individual
Physics,IPhO,2002,Sergey Poghosyan,Armenia,Honourable Mention,169,,https://ipho-unofficial.org/timeline/2002/individual
Physics,IPhO,2002,Kevin Schnelli,Switzerland,Honourable Mention,170,,https://ipho-unofficial.org/timeline/2002/individual
Physics,IPhO,2002,Maris Ozols,Latvia,Honourable Mention,171,,https://ipho-unofficial.org/timeline/2002/individual
Physics,IPhO,2002,Shannon Xuanyue Wang,Canada,Honourable Mention,172,,https://ipho-unofficial.org/timeline/2002/individual
Physics,IPhO,2002,Fredrik Tolf,Sweden,Honourable Mention,173,,https://ipho-unofficial.org/timeline/2002/individual
Physics,IPhO,2002,Olli Pottonen,Finland,Honourable Mention,174,,https://ipho-unofficial.org/timeline/2002/individual
Physics,IPhO,2002,Lee Yang Yang,Singapore,Honourable Mention,175,,https://ipho-unofficial.org/timeline/2002/individual
Physics,IPhO,2002,Thomas Ten Cate,Netherlands,Honourable Mention,176,,https://ipho-unofficial.org/timeline/2002/individual
Physics,IPhO,2002,Tomas Lloret Llinares,Spain,Honourable Mention,177,,https://ipho-unofficial.org/timeline/2002/individual
Physics,IPhO,2002,Ilir Bojaxhiu,Albania,Honourable Mention,178,,https://ipho-unofficial.org/timeline/2002/individual
Physics,IPhO,2002,Francesco Mancarella,Italy,Honourable Mention,179,,https://ipho-unofficial.org/timeline/2002/individual
Physics,IPhO,2002,Lim Chun Yee,Malaysia,Honourable Mention,180,,https://ipho-unofficial.org/timeline/2002/individual
Physics,IPhO,2002,Arvid Kastel,Sweden,Honourable Mention,181,,https://ipho-unofficial.org/timeline/2002/individual
Physics,IPhO,2002,Rodrigo Angelo Muniz,Brazil,Honourable Mention,182,,https://ipho-unofficial.org/timeline/2002/individual
Physics,IPhO,2002,Oscar David Pena Cabra,Colombia,Honourable Mention,183,,https://ipho-unofficial.org/timeline/2002/individual
Physics,IPhO,2002,Norovjav Tegshbayar,Mongolia,Honourable Mention,184,,https://ipho-unofficial.org/timeline/2002/individual
Physics,IPhO,2002,David Mareček,Czech Republic,Honourable Mention,185,,https://ipho-unofficial.org/timeline/2002/individual
Physics,IPhO,2002,Şemsuddin Bulekbayev,Turkmenistan,Honourable Mention,186,,https://ipho-unofficial.org/timeline/2002/individual
Physics,IPhO,2002,Jan Musschoot,Belgium,Honourable Mention,187,,https://ipho-unofficial.org/timeline/2002/individual
Physics,IPhO,2002,Ting Kee Yong,Malaysia,Honourable Mention,188,,https://ipho-unofficial.org/timeline/2002/individual
Physics,IPhO,2002,Monsit Tanasittikosol,Thailand,Honourable Mention,189,,https://ipho-unofficial.org/timeline/2002/individual
Physics,IPhO,2002,Matjaž Humar,Slovenia,Honourable Mention,190,,https://ipho-unofficial.org/timeline/2002/individual
Physics,IPhO,2002,Nikola Topic,Yugoslavia,Honourable Mention,191,,https://ipho-unofficial.org/timeline/2002/individual
Physics,IPhO,2002,Mario Flajšlik,Croatia,Honourable Mention,192,,https://ipho-unofficial.org/timeline/2002/individual
Physics,IPhO,2002,Jaanus Sepp,Estonia,Honourable Mention,193,,https://ipho-unofficial.org/timeline/2002/individual
Physics,IPhO,2002,Joshua Monzon,Philippines,Honourable Mention,194,,https://ipho-unofficial.org/timeline/2002/individual
Physics,IPhO,2002,Tomas Skeren,Slovakia,Honourable Mention,195,,https://ipho-unofficial.org/timeline/2002/individual
Physics,IPhO,2002,Ansis Rosmanis,Latvia,Honourable Mention,196,,https://ipho-unofficial.org/timeline/2002/individual
Physics,IPhO,2002,Yuriy Mishchenko,Ukraine,Honourable Mention,197,,https://ipho-unofficial.org/timeline/2002/individual
Physics,IPhO,2002,Christian Hofstadler,Austria,Honourable Mention,198,,https://ipho-unofficial.org/timeline/2002/individual
Physics,IPhO,2002,Julius Taulavicius,Lithuania,Honourable Mention,199,,https://ipho-unofficial.org/timeline/2002/individual
Physics,IPhO,2002,Rafael Tajra Fonteles,Brazil,Honourable Mention,200,,https://ipho-unofficial.org/timeline/2002/individual
Physics,IPhO,2002,Efstathios Panagi,Cyprus,Honourable Mention,201,,https://ipho-unofficial.org/timeline/2002/individual
Physics,IPhO,2002,Dalius Tauraitis,Lithuania,Honourable Mention,202,,https://ipho-unofficial.org/timeline/2002/individual
Physics,IPhO,2002,Gašper Žerovnik,Slovenia,Honourable Mention,203,,https://ipho-unofficial.org/timeline/2002/individual
Physics,IPhO,2002,Antonio Campos Dominguez,Spain,Honourable Mention,204,,https://ipho-unofficial.org/timeline/2002/individual
Physics,IPhO,2002,Peter Jensen Paluszewski,Denmark,Honourable Mention,205,,https://ipho-unofficial.org/timeline/2002/individual
Physics,IPhO,2003,Pavel Batrachenko,United States of America,Gold,1,,https://ipho-unofficial.org/timeline/2003/individual
Physics,IPhO,2003,Yashodhan Kanoria,India,Gold,2,,https://ipho-unofficial.org/timeline/2003/individual
Physics,IPhO,2003,Widagdo Setiawan,Indonesia,Gold,3,,https://ipho-unofficial.org/timeline/2003/individual
Physics,IPhO,2003,Yen-Ju Chu,Taiwan,Gold,4,,https://ipho-unofficial.org/timeline/2003/individual
Physics,IPhO,2003,Igor Gotlibovych,Germany,Gold,5,,https://ipho-unofficial.org/timeline/2003/individual
Physics,IPhO,2003,Arman Akbarian Kaljahi,Islamic Republic of Iran,Gold,6,,https://ipho-unofficial.org/timeline/2003/individual
Physics,IPhO,2003,Hyungjun Lee,Republic of Korea,Gold,7,,https://ipho-unofficial.org/timeline/2003/individual
Physics,IPhO,2003,Anton Fortunatov,Russia,Gold,8,,https://ipho-unofficial.org/timeline/2003/individual
Physics,IPhO,2003,Marcin Pilipczuk,Poland,Gold,9,,https://ipho-unofficial.org/timeline/2003/individual
Physics,IPhO,2003,Young Hyun Kim,Republic of Korea,Gold,10,,https://ipho-unofficial.org/timeline/2003/individual
Physics,IPhO,2003,Kang-Hao Lu,Taiwan,Gold,11,,https://ipho-unofficial.org/timeline/2003/individual
Physics,IPhO,2003,Yves Delley,Switzerland,Gold,12,,https://ipho-unofficial.org/timeline/2003/individual
Physics,IPhO,2003,Daniel Robert Gulotta,United States of America,Gold,13,,https://ipho-unofficial.org/timeline/2003/individual
Physics,IPhO,2003,Tse-Yu Chen,Taiwan,Gold,14,,https://ipho-unofficial.org/timeline/2003/individual
Physics,IPhO,2003,Silviu Stefan Pufu,Romania,Gold,15,,https://ipho-unofficial.org/timeline/2003/individual
Physics,IPhO,2003,Hong Yoon Choi,Republic of Korea,Gold,16,,https://ipho-unofficial.org/timeline/2003/individual
Physics,IPhO,2003,Hadi Fatemi Shariatpanahi,Islamic Republic of Iran,Gold,17,,https://ipho-unofficial.org/timeline/2003/individual
Physics,IPhO,2003,Thaned Pruttivarasin,Thailand,Gold,18,,https://ipho-unofficial.org/timeline/2003/individual
Physics,IPhO,2003,Chintan Hossain,United States of America,Gold,19,,https://ipho-unofficial.org/timeline/2003/individual
Physics,IPhO,2003,Shaleen Harlalka,India,Gold,20,,https://ipho-unofficial.org/timeline/2003/individual
Physics,IPhO,2003,Chayut Thanapirom,Thailand,Silver,21,,https://ipho-unofficial.org/timeline/2003/individual
Physics,IPhO,2003,Emily Ruth Russell,United States of America,Silver,22,,https://ipho-unofficial.org/timeline/2003/individual
Physics,IPhO,2003,Immanuel Buder,United States of America,Silver,23,,https://ipho-unofficial.org/timeline/2003/individual
Physics,IPhO,2003,Amirali Modir Shanechi,Canada,Silver,24,,https://ipho-unofficial.org/timeline/2003/individual
Physics,IPhO,2003,Rangga Perdana Budoyo,Indonesia,Silver,25,,https://ipho-unofficial.org/timeline/2003/individual
Physics,IPhO,2003,Yong Suk Moon,Republic of Korea,Silver,26,,https://ipho-unofficial.org/timeline/2003/individual
Physics,IPhO,2003,Matthias Merkel,Germany,Silver,27,,https://ipho-unofficial.org/timeline/2003/individual
Physics,IPhO,2003,Pavel Rodionov,Russia,Silver,28,,https://ipho-unofficial.org/timeline/2003/individual
Physics,IPhO,2003,Farshid Ghasemi,Islamic Republic of Iran,Silver,29,,https://ipho-unofficial.org/timeline/2003/individual
Physics,IPhO,2003,Václav Cviček,Czech Republic,Silver,30,,https://ipho-unofficial.org/timeline/2003/individual
Physics,IPhO,2003,Won Seok Choi,Republic of Korea,Silver,31,,https://ipho-unofficial.org/timeline/2003/individual
Physics,IPhO,2003,Po-Chuan Wu,Taiwan,Silver,32,,https://ipho-unofficial.org/timeline/2003/individual
Physics,IPhO,2003,Vitaliy Fedosyeyev,Ukraine,Silver,33,,https://ipho-unofficial.org/timeline/2003/individual
Physics,IPhO,2003,Anton Naumenko,Ukraine,Silver,34,,https://ipho-unofficial.org/timeline/2003/individual
Physics,IPhO,2003,Yaakov Neumann,Israel,Silver,35,,https://ipho-unofficial.org/timeline/2003/individual
Physics,IPhO,2003,Bernard Ricardo,Indonesia,Silver,36,,https://ipho-unofficial.org/timeline/2003/individual
Physics,IPhO,2003,Morteza Hakimi Siboni,Islamic Republic of Iran,Silver,37,,https://ipho-unofficial.org/timeline/2003/individual
Physics,IPhO,2003,Robert Barrington Leigh,Canada,Silver,38,,https://ipho-unofficial.org/timeline/2003/individual
Physics,IPhO,2003,Thomas Grujic,Australia,Silver,39,,https://ipho-unofficial.org/timeline/2003/individual
Physics,IPhO,2003,David Boinagrov,Georgia,Silver,40,,https://ipho-unofficial.org/timeline/2003/individual
Physics,IPhO,2003,Mani Kashanianfard,Islamic Republic of Iran,Silver,41,,https://ipho-unofficial.org/timeline/2003/individual
Physics,IPhO,2003,Marius Caţun,Romania,Silver,42,,https://ipho-unofficial.org/timeline/2003/individual
Physics,IPhO,2003,Jonathan Newnham,Australia,Silver,43,,https://ipho-unofficial.org/timeline/2003/individual
Physics,IPhO,2003,László Balogh,Hungary,Silver,44,,https://ipho-unofficial.org/timeline/2003/individual
Physics,IPhO,2003,Joshua Bartlett,Australia,Silver,45,,https://ipho-unofficial.org/timeline/2003/individual
Physics,IPhO,2003,Kaya Tütüncüoğlu,Türkiye,Silver,46,,https://ipho-unofficial.org/timeline/2003/individual
Physics,IPhO,2003,Andrei Constantin,Romania,Silver,47,,https://ipho-unofficial.org/timeline/2003/individual
Physics,IPhO,2003,James Simonian,Australia,Silver,48,,https://ipho-unofficial.org/timeline/2003/individual
Physics,IPhO,2003,He Ruijie,Singapore,Silver,49,,https://ipho-unofficial.org/timeline/2003/individual
Physics,IPhO,2003,Yernur Rysmagambetov,Kazakhstan,Silver,50,,https://ipho-unofficial.org/timeline/2003/individual
Physics,IPhO,2003,Lee Ching Hua,Singapore,Silver,51,,https://ipho-unofficial.org/timeline/2003/individual
Physics,IPhO,2003,Alexander Mikhalychev,Belarus,Silver,52,,https://ipho-unofficial.org/timeline/2003/individual
Physics,IPhO,2003,Mihkel Kree,Estonia,Silver,53,,https://ipho-unofficial.org/timeline/2003/individual
Physics,IPhO,2003,Thomas Krämer,Germany,Silver,54,,https://ipho-unofficial.org/timeline/2003/individual
Physics,IPhO,2003,Quoc Hien Vu,Vietnam,Silver,55,,https://ipho-unofficial.org/timeline/2003/individual
Physics,IPhO,2003,Robin Stevenson,Australia,Silver,56,,https://ipho-unofficial.org/timeline/2003/individual
Physics,IPhO,2003,Stanimir Rachev,Bulgaria,Silver,57,,https://ipho-unofficial.org/timeline/2003/individual
Physics,IPhO,2003,Mikhail Ryzhikov,Russia,Silver,58,,https://ipho-unofficial.org/timeline/2003/individual
Physics,IPhO,2003,Agshin Heybatov,Azerbaijan,Silver,59,,https://ipho-unofficial.org/timeline/2003/individual
Physics,IPhO,2003,Yudistira Virgus,Indonesia,Bronze,60,,https://ipho-unofficial.org/timeline/2003/individual
Physics,IPhO,2003,Peter Rakyta,Slovakia,Bronze,61,,https://ipho-unofficial.org/timeline/2003/individual
Physics,IPhO,2003,Mikhail Egorov,Russia,Bronze,62,,https://ipho-unofficial.org/timeline/2003/individual
Physics,IPhO,2003,Sándor Tóth,Hungary,Bronze,63,,https://ipho-unofficial.org/timeline/2003/individual
Physics,IPhO,2003,Huu Thuan Nguyen,Vietnam,Bronze,64,,https://ipho-unofficial.org/timeline/2003/individual
Physics,IPhO,2003,Szymon Szafraniec,Poland,Bronze,65,,https://ipho-unofficial.org/timeline/2003/individual
Physics,IPhO,2003,François Girardin,Canada,Bronze,66,,https://ipho-unofficial.org/timeline/2003/individual
Physics,IPhO,2003,Aliaksandr Tarasenka,Belarus,Bronze,67,,https://ipho-unofficial.org/timeline/2003/individual
Physics,IPhO,2003,Daniela Taubert,Germany,Bronze,68,,https://ipho-unofficial.org/timeline/2003/individual
Physics,IPhO,2003,Che-Yu Wu,Taiwan,Bronze,69,,https://ipho-unofficial.org/timeline/2003/individual
Physics,IPhO,2003,Nikoloz Tsimakuridze,Georgia,Bronze,70,,https://ipho-unofficial.org/timeline/2003/individual
Physics,IPhO,2003,Tomasz Kazimierczuk,Poland,Bronze,71,,https://ipho-unofficial.org/timeline/2003/individual
Physics,IPhO,2003,Anna Korolyuk,Ukraine,Bronze,72,,https://ipho-unofficial.org/timeline/2003/individual
Physics,IPhO,2003,Krzysztof Iwaszczuk,Poland,Bronze,73,,https://ipho-unofficial.org/timeline/2003/individual
Physics,IPhO,2003,Matouš Ringel,Czech Republic,Bronze,74,,https://ipho-unofficial.org/timeline/2003/individual
Physics,IPhO,2003,Trung Tri Hoang,Vietnam,Bronze,75,,https://ipho-unofficial.org/timeline/2003/individual
Physics,IPhO,2003,Ansis Rosmanis,Latvia,Bronze,76,,https://ipho-unofficial.org/timeline/2003/individual
Physics,IPhO,2003,Jonathan Laflamme Janssen,Canada,Bronze,77,,https://ipho-unofficial.org/timeline/2003/individual
Physics,IPhO,2003,Bartołomiej Szczygieł,Poland,Bronze,78,,https://ipho-unofficial.org/timeline/2003/individual
Physics,IPhO,2003,Máté Vígh,Hungary,Bronze,79,,https://ipho-unofficial.org/timeline/2003/individual
Physics,IPhO,2003,Petr Pošta,Czech Republic,Bronze,80,,https://ipho-unofficial.org/timeline/2003/individual
Physics,IPhO,2003,Ilya Gurwich,Israel,Bronze,81,,https://ipho-unofficial.org/timeline/2003/individual
Physics,IPhO,2003,Dimo Arnaudov,Bulgaria,Bronze,82,,https://ipho-unofficial.org/timeline/2003/individual
Physics,IPhO,2003,Anton Reva,Ukraine,Bronze,83,,https://ipho-unofficial.org/timeline/2003/individual
Physics,IPhO,2003,Shashank Dwivedi,India,Bronze,84,,https://ipho-unofficial.org/timeline/2003/individual
Physics,IPhO,2003,Markus Ojala,Finland,Bronze,85,,https://ipho-unofficial.org/timeline/2003/individual
Physics,IPhO,2003,Igor Myshutin,Ukraine,Bronze,86,,https://ipho-unofficial.org/timeline/2003/individual
Physics,IPhO,2003,Pjotrs Grishins,Latvia,Bronze,87,,https://ipho-unofficial.org/timeline/2003/individual
Physics,IPhO,2003,Tan Guangyan Gideon,Singapore,Bronze,88,,https://ipho-unofficial.org/timeline/2003/individual
Physics,IPhO,2003,Mario Flajšlik,Croatia,Bronze,89,,https://ipho-unofficial.org/timeline/2003/individual
Physics,IPhO,2003,Tri Wiyono Darsowyono,Indonesia,Bronze,90,,https://ipho-unofficial.org/timeline/2003/individual
Physics,IPhO,2003,Balázs Szekeres,Hungary,Bronze,91,,https://ipho-unofficial.org/timeline/2003/individual
Physics,IPhO,2003,Michael White,Ireland,Bronze,92,,https://ipho-unofficial.org/timeline/2003/individual
Physics,IPhO,2003,Umair Sadiq,Pakistan,Bronze,93,,https://ipho-unofficial.org/timeline/2003/individual
Physics,IPhO,2003,Alexandru Hening,Romania,Bronze,94,,https://ipho-unofficial.org/timeline/2003/individual
Physics,IPhO,2003,Yves Barmaz,Switzerland,Bronze,95,,https://ipho-unofficial.org/timeline/2003/individual
Physics,IPhO,2003,Hasan Gökçe,Türkiye,Bronze,96,,https://ipho-unofficial.org/timeline/2003/individual
Physics,IPhO,2003,Vladimir Rozic,Serbia and Montenegro,Bronze,97,,https://ipho-unofficial.org/timeline/2003/individual
Physics,IPhO,2003,Juha Arpiainen,Finland,Honourable Mention,98,,https://ipho-unofficial.org/timeline/2003/individual
Physics,IPhO,2003,Pawit Sangchant,Thailand,Honourable Mention,99,,https://ipho-unofficial.org/timeline/2003/individual
Physics,IPhO,2003,Vu Nhan Cao,Vietnam,Honourable Mention,100,,https://ipho-unofficial.org/timeline/2003/individual
Physics,IPhO,2003,Petr Averyanov,Russia,Honourable Mention,101,,https://ipho-unofficial.org/timeline/2003/individual
Physics,IPhO,2003,Sergio Pérez Melo,Cuba,Honourable Mention,102,,https://ipho-unofficial.org/timeline/2003/individual
Physics,IPhO,2003,Siarhei Koval,Belarus,Honourable Mention,103,,https://ipho-unofficial.org/timeline/2003/individual
Physics,IPhO,2003,Noppadol Mekareeya,Thailand,Honourable Mention,104,,https://ipho-unofficial.org/timeline/2003/individual
Physics,IPhO,2003,Arie Peterson,Netherlands,Honourable Mention,105,,https://ipho-unofficial.org/timeline/2003/individual
Physics,IPhO,2003,Hans Winther,Norway,Honourable Mention,106,,https://ipho-unofficial.org/timeline/2003/individual
Physics,IPhO,2003,Dmitry Faifman,Israel,Honourable Mention,107,,https://ipho-unofficial.org/timeline/2003/individual
Physics,IPhO,2003,Fjodor Novozhilov,Estonia,Honourable Mention,108,,https://ipho-unofficial.org/timeline/2003/individual
Physics,IPhO,2003,David Schwandt,Germany,Honourable Mention,109,,https://ipho-unofficial.org/timeline/2003/individual
Physics,IPhO,2003,Leoned Kardapoltsev,Kazakhstan,Honourable Mention,110,,https://ipho-unofficial.org/timeline/2003/individual
Physics,IPhO,2003,Felicia Maria Magpantay,Philippines,Honourable Mention,111,,https://ipho-unofficial.org/timeline/2003/individual
Physics,IPhO,2003,Jaroslav Trnka,Czech Republic,Honourable Mention,112,,https://ipho-unofficial.org/timeline/2003/individual
Physics,IPhO,2003,Enrico Tombetti,Italy,Honourable Mention,113,,https://ipho-unofficial.org/timeline/2003/individual
Physics,IPhO,2003,Divjyot Sethi,India,Honourable Mention,114,,https://ipho-unofficial.org/timeline/2003/individual
Physics,IPhO,2003,Sergey Poghosyan,Armenia,Honourable Mention,115,,https://ipho-unofficial.org/timeline/2003/individual
Physics,IPhO,2003,Jan Prachař,Czech Republic,Honourable Mention,116,,https://ipho-unofficial.org/timeline/2003/individual
Physics,IPhO,2003,Ozan Mehmet Kabak,Türkiye,Honourable Mention,117,,https://ipho-unofficial.org/timeline/2003/individual
Physics,IPhO,2003,Ognjen Ilic,Serbia and Montenegro,Honourable Mention,118,,https://ipho-unofficial.org/timeline/2003/individual
Physics,IPhO,2003,Paolo Lodone,Italy,Honourable Mention,119,,https://ipho-unofficial.org/timeline/2003/individual
Physics,IPhO,2003,Wilke van der Schee,Netherlands,Honourable Mention,120,,https://ipho-unofficial.org/timeline/2003/individual
Physics,IPhO,2003,Sander Kersten,Netherlands,Honourable Mention,121,,https://ipho-unofficial.org/timeline/2003/individual
Physics,IPhO,2003,Morten Larsen,Denmark,Honourable Mention,122,,https://ipho-unofficial.org/timeline/2003/individual
Physics,IPhO,2003,Alekh Agarwal,India,Honourable Mention,123,,https://ipho-unofficial.org/timeline/2003/individual
Physics,IPhO,2003,Jon Venstad,Norway,Honourable Mention,124,,https://ipho-unofficial.org/timeline/2003/individual
Physics,IPhO,2003,Maxim Shpilkin,Kazakhstan,Honourable Mention,125,,https://ipho-unofficial.org/timeline/2003/individual
Physics,IPhO,2003,Eoin Butler,Ireland,Honourable Mention,126,,https://ipho-unofficial.org/timeline/2003/individual
Physics,IPhO,2003,Wang Jiun Haur,Singapore,Honourable Mention,127,,https://ipho-unofficial.org/timeline/2003/individual
Physics,IPhO,2003,Nikola Kamburov,Bulgaria,Honourable Mention,128,,https://ipho-unofficial.org/timeline/2003/individual
Physics,IPhO,2003,Jong Woo Jin,Brazil,Honourable Mention,129,,https://ipho-unofficial.org/timeline/2003/individual
Physics,IPhO,2003,Toms Atteka,Latvia,Honourable Mention,130,,https://ipho-unofficial.org/timeline/2003/individual
Physics,IPhO,2003,Desmond Cai,Singapore,Honourable Mention,131,,https://ipho-unofficial.org/timeline/2003/individual
Physics,IPhO,2003,Vitali Sevcenco,Moldova,Honourable Mention,132,,https://ipho-unofficial.org/timeline/2003/individual
Physics,IPhO,2003,Peter Jensen Paluszewski,Denmark,Honourable Mention,133,,https://ipho-unofficial.org/timeline/2003/individual
Physics,IPhO,2003,Anđelko Katalenić,Croatia,Honourable Mention,134,,https://ipho-unofficial.org/timeline/2003/individual
Physics,IPhO,2003,Nenad Lazarevic,Serbia and Montenegro,Honourable Mention,135,,https://ipho-unofficial.org/timeline/2003/individual
Physics,IPhO,2003,Imants Kaldre,Latvia,Honourable Mention,136,,https://ipho-unofficial.org/timeline/2003/individual
Physics,IPhO,2003,Andrei Benediktovitch,Belarus,Honourable Mention,137,,https://ipho-unofficial.org/timeline/2003/individual
Physics,IPhO,2003,Sami Kivistö,Finland,Honourable Mention,138,,https://ipho-unofficial.org/timeline/2003/individual
Physics,IPhO,2003,Gianpiero Caruso,Italy,Honourable Mention,139,,https://ipho-unofficial.org/timeline/2003/individual
Physics,IPhO,2003,Nan Yang,Canada,Honourable Mention,140,,https://ipho-unofficial.org/timeline/2003/individual
Physics,IPhO,2003,Denis Utkin,Kazakhstan,Honourable Mention,141,,https://ipho-unofficial.org/timeline/2003/individual
Physics,IPhO,2003,Ruslan Berdichevsky,Israel,Honourable Mention,142,,https://ipho-unofficial.org/timeline/2003/individual
Physics,IPhO,2003,Miron Călin,Romania,Honourable Mention,143,,https://ipho-unofficial.org/timeline/2003/individual
Physics,IPhO,2003,Wajahat Faheem Khan,Pakistan,Honourable Mention,144,,https://ipho-unofficial.org/timeline/2003/individual
Physics,IPhO,2003,Thomas Uehlinger,Switzerland,Honourable Mention,145,,https://ipho-unofficial.org/timeline/2003/individual
Physics,IPhO,2003,Veronika Ulychny,Israel,Honourable Mention,146,,https://ipho-unofficial.org/timeline/2003/individual
Physics,IPhO,2003,Salinporn Kittiwatanakul,Thailand,Honourable Mention,147,,https://ipho-unofficial.org/timeline/2003/individual
Physics,IPhO,2003,Tamás Sarkadi,Hungary,Honourable Mention,148,,https://ipho-unofficial.org/timeline/2003/individual
Physics,IPhO,2003,Alexandru Galamaga,Moldova,Honourable Mention,149,,https://ipho-unofficial.org/timeline/2003/individual
Physics,IPhO,2003,Lu Zhang Gram,Denmark,Honourable Mention,150,,https://ipho-unofficial.org/timeline/2003/individual
Physics,IPhO,2003,Milan Zezelj,Serbia and Montenegro,Honourable Mention,151,,https://ipho-unofficial.org/timeline/2003/individual
Physics,IPhO,2003,Kenan Türkmeneli,Türkiye,Honourable Mention,152,,https://ipho-unofficial.org/timeline/2003/individual
Physics,IPhO,2003,Zoran Peric,Serbia and Montenegro,Honourable Mention,153,,https://ipho-unofficial.org/timeline/2003/individual
Physics,IPhO,2004,Alexander Mikhalychev,Belarus,Gold,1,,https://ipho-unofficial.org/timeline/2004/individual
Physics,IPhO,2004,Yali Miao,People's Republic of China,Gold,2,,https://ipho-unofficial.org/timeline/2004/individual
Physics,IPhO,2004,Kang Gao,People's Republic of China,Gold,3,,https://ipho-unofficial.org/timeline/2004/individual
Physics,IPhO,2004,Mehrtash Babadi,Islamic Republic of Iran,Gold,4,,https://ipho-unofficial.org/timeline/2004/individual
Physics,IPhO,2004,Amirali Modir Shanechi,Canada,Gold,5,,https://ipho-unofficial.org/timeline/2004/individual
Physics,IPhO,2004,Yudistira Virgus,Indonesia,Gold,6,,https://ipho-unofficial.org/timeline/2004/individual
Physics,IPhO,2004,Thanasin Nampaisarn,Thailand,Gold,7,,https://ipho-unofficial.org/timeline/2004/individual
Physics,IPhO,2004,Soon-Won Choi,Republic of Korea,Gold,8,,https://ipho-unofficial.org/timeline/2004/individual
Physics,IPhO,2004,Zhen Li,People's Republic of China,Gold,9,,https://ipho-unofficial.org/timeline/2004/individual
Physics,IPhO,2004,Mehradad Mirbabayi,Islamic Republic of Iran,Gold,10,,https://ipho-unofficial.org/timeline/2004/individual
Physics,IPhO,2004,Igor Gotlibovych,Germany,Gold,11,,https://ipho-unofficial.org/timeline/2004/individual
Physics,IPhO,2004,Péter Kómár,Hungary,Gold,12,,https://ipho-unofficial.org/timeline/2004/individual
Physics,IPhO,2004,Ruitian Lang,People's Republic of China,Gold,13,,https://ipho-unofficial.org/timeline/2004/individual
Physics,IPhO,2004,Yeming Shi,People's Republic of China,Gold,14,,https://ipho-unofficial.org/timeline/2004/individual
Physics,IPhO,2004,Oleksandr Ulko,Ukraine,Gold,15,,https://ipho-unofficial.org/timeline/2004/individual
Physics,IPhO,2004,Joon-Ho Lee,Republic of Korea,Gold,16,,https://ipho-unofficial.org/timeline/2004/individual
Physics,IPhO,2004,Andrei Constantin,Romania,Gold,17,,https://ipho-unofficial.org/timeline/2004/individual
Physics,IPhO,2004,Sung-fung Sum,Hong Kong,Gold,18,,https://ipho-unofficial.org/timeline/2004/individual
Physics,IPhO,2004,Yi Sun,United States of America,Gold,19,,https://ipho-unofficial.org/timeline/2004/individual
Physics,IPhO,2004,Matouš Ringel,Czech Republic,Gold,20,,https://ipho-unofficial.org/timeline/2004/individual
Physics,IPhO,2004,Dae-Hee Pyo,Republic of Korea,Gold,21,,https://ipho-unofficial.org/timeline/2004/individual
Physics,IPhO,2004,Márton Horváth,Hungary,Gold,22,,https://ipho-unofficial.org/timeline/2004/individual
Physics,IPhO,2004,Oleksandr Shpak,Ukraine,Gold,23,,https://ipho-unofficial.org/timeline/2004/individual
Physics,IPhO,2004,Elena Yudovina,United States of America,Gold,24,,https://ipho-unofficial.org/timeline/2004/individual
Physics,IPhO,2004,Behrooz Abiri,Islamic Republic of Iran,Gold,25,,https://ipho-unofficial.org/timeline/2004/individual
Physics,IPhO,2004,David Wang,Australia,Gold,26,,https://ipho-unofficial.org/timeline/2004/individual
Physics,IPhO,2004,Chih-Pan Wu,Taiwan,Gold,27,,https://ipho-unofficial.org/timeline/2004/individual
Physics,IPhO,2004,Matthew Pinson,Australia,Gold,28,,https://ipho-unofficial.org/timeline/2004/individual
Physics,IPhO,2004,Ruslan Sakovich,Belarus,Gold,29,,https://ipho-unofficial.org/timeline/2004/individual
Physics,IPhO,2004,Shubham Mittal,India,Gold,30,,https://ipho-unofficial.org/timeline/2004/individual
Physics,IPhO,2004,Jin Hong Park,Republic of Korea,Gold,31,,https://ipho-unofficial.org/timeline/2004/individual
Physics,IPhO,2004,Márk Mezei,Hungary,Silver,32,,https://ipho-unofficial.org/timeline/2004/individual
Physics,IPhO,2004,Semen Glazyrin,Russia,Silver,33,,https://ipho-unofficial.org/timeline/2004/individual
Physics,IPhO,2004,Andriy Vyshnevyy,Ukraine,Silver,34,,https://ipho-unofficial.org/timeline/2004/individual
Physics,IPhO,2004,Liangzheng Tan,Singapore,Silver,35,,https://ipho-unofficial.org/timeline/2004/individual
Physics,IPhO,2004,Alexandru Mihai Carp,Romania,Silver,36,,https://ipho-unofficial.org/timeline/2004/individual
Physics,IPhO,2004,Sergej Kvachonok,Belarus,Silver,37,,https://ipho-unofficial.org/timeline/2004/individual
Physics,IPhO,2004,Han-Hsuan Lin,Taiwan,Silver,38,,https://ipho-unofficial.org/timeline/2004/individual
Physics,IPhO,2004,Franco Julio Mangiarotti,Argentina,Silver,39,,https://ipho-unofficial.org/timeline/2004/individual
Physics,IPhO,2004,Máté Vígh,Hungary,Silver,40,,https://ipho-unofficial.org/timeline/2004/individual
Physics,IPhO,2004,Igor Oferkin,Russia,Silver,41,,https://ipho-unofficial.org/timeline/2004/individual
Physics,IPhO,2004,Nguyen Hai Chau,Vietnam,Silver,42,,https://ipho-unofficial.org/timeline/2004/individual
Physics,IPhO,2004,Anson Hook,United States of America,Silver,43,,https://ipho-unofficial.org/timeline/2004/individual
Physics,IPhO,2004,Yi-Chang Shih,Taiwan,Silver,44,,https://ipho-unofficial.org/timeline/2004/individual
Physics,IPhO,2004,Edbert Jarvis Sie,Indonesia,Silver,45,,https://ipho-unofficial.org/timeline/2004/individual
Physics,IPhO,2004,Doan Van Khanh,Vietnam,Silver,46,,https://ipho-unofficial.org/timeline/2004/individual
Physics,IPhO,2004,Eric Mecklenburg,United States of America,Silver,47,,https://ipho-unofficial.org/timeline/2004/individual
Physics,IPhO,2004,Ivan Andreev,Russia,Silver,48,,https://ipho-unofficial.org/timeline/2004/individual
Physics,IPhO,2004,Vlad Ureche,Romania,Silver,49,,https://ipho-unofficial.org/timeline/2004/individual
Physics,IPhO,2004,Chia-Hsien Shen,Taiwan,Silver,50,,https://ipho-unofficial.org/timeline/2004/individual
Physics,IPhO,2004,Farhad Pashakhanloo,Islamic Republic of Iran,Silver,51,,https://ipho-unofficial.org/timeline/2004/individual
Physics,IPhO,2004,Dmitry Faifman,Israel,Silver,52,,https://ipho-unofficial.org/timeline/2004/individual
Physics,IPhO,2004,Parpalac Roman,Moldova,Silver,53,,https://ipho-unofficial.org/timeline/2004/individual
Physics,IPhO,2004,Dao Xuan Dung,Vietnam,Silver,54,,https://ipho-unofficial.org/timeline/2004/individual
Physics,IPhO,2004,Adam Newgas,United Kingdom,Silver,55,,https://ipho-unofficial.org/timeline/2004/individual
Physics,IPhO,2004,Ajit Kumar Nema,India,Silver,56,,https://ipho-unofficial.org/timeline/2004/individual
Physics,IPhO,2004,Ho Kin Fai,Hong Kong,Silver,57,,https://ipho-unofficial.org/timeline/2004/individual
Physics,IPhO,2004,Ilya Gringlaz,Israel,Silver,58,,https://ipho-unofficial.org/timeline/2004/individual
Physics,IPhO,2004,Kartik Mohta,India,Silver,59,,https://ipho-unofficial.org/timeline/2004/individual
Physics,IPhO,2004,Aliaksei Bobryk,Belarus,Silver,60,,https://ipho-unofficial.org/timeline/2004/individual
Physics,IPhO,2004,Grigory Rechistov,Russia,Silver,61,,https://ipho-unofficial.org/timeline/2004/individual
Physics,IPhO,2004,Peter Rakyta,Slovakia,Silver,62,,https://ipho-unofficial.org/timeline/2004/individual
Physics,IPhO,2004,Ognjen Ilic,Serbia and Montenegro,Silver,63,,https://ipho-unofficial.org/timeline/2004/individual
Physics,IPhO,2004,Poomyos Wimonkittiwat,Thailand,Silver,64,,https://ipho-unofficial.org/timeline/2004/individual
Physics,IPhO,2004,Wilke van der Schee,Netherlands,Silver,65,,https://ipho-unofficial.org/timeline/2004/individual
Physics,IPhO,2004,Yu Xian Lim,Singapore,Silver,66,,https://ipho-unofficial.org/timeline/2004/individual
Physics,IPhO,2004,Vasili Galka,Israel,Bronze,67,,https://ipho-unofficial.org/timeline/2004/individual
Physics,IPhO,2004,Trinh Hong Phuc,Vietnam,Bronze,68,,https://ipho-unofficial.org/timeline/2004/individual
Physics,IPhO,2004,Hamid Reza Chalabi,Islamic Republic of Iran,Bronze,69,,https://ipho-unofficial.org/timeline/2004/individual
Physics,IPhO,2004,Yves Delley,Switzerland,Bronze,70,,https://ipho-unofficial.org/timeline/2004/individual
Physics,IPhO,2004,Zhirayr Avetisyan,Armenia,Bronze,71,,https://ipho-unofficial.org/timeline/2004/individual
Physics,IPhO,2004,Andika Putra,Indonesia,Bronze,72,,https://ipho-unofficial.org/timeline/2004/individual
Physics,IPhO,2004,Yavuz Yetim,Türkiye,Bronze,73,,https://ipho-unofficial.org/timeline/2004/individual
Physics,IPhO,2004,Avin Mittal,India,Bronze,74,,https://ipho-unofficial.org/timeline/2004/individual
Physics,IPhO,2004,Thomas Grujic,Australia,Bronze,75,,https://ipho-unofficial.org/timeline/2004/individual
Physics,IPhO,2004,Cristian Proistosescu,Romania,Bronze,76,,https://ipho-unofficial.org/timeline/2004/individual
Physics,IPhO,2004,David Purtseladze,Georgia,Bronze,77,,https://ipho-unofficial.org/timeline/2004/individual
Physics,IPhO,2004,Mykola Dedushenko,Ukraine,Bronze,78,,https://ipho-unofficial.org/timeline/2004/individual
Physics,IPhO,2004,Yuriy Skvortsov,Ukraine,Bronze,79,,https://ipho-unofficial.org/timeline/2004/individual
Physics,IPhO,2004,Vudtiwat Ngampruetikorn,Thailand,Bronze,80,,https://ipho-unofficial.org/timeline/2004/individual
Physics,IPhO,2004,Iakov Lesnichiy,Russia,Bronze,81,,https://ipho-unofficial.org/timeline/2004/individual
Physics,IPhO,2004,Seok-Hyeon Kim,Republic of Korea,Bronze,82,,https://ipho-unofficial.org/timeline/2004/individual
Physics,IPhO,2004,Chin-Hsien Wang,Taiwan,Bronze,83,,https://ipho-unofficial.org/timeline/2004/individual
Physics,IPhO,2004,Ankur Goel,India,Bronze,84,,https://ipho-unofficial.org/timeline/2004/individual
Physics,IPhO,2004,Sieciech Czajka,Poland,Bronze,85,,https://ipho-unofficial.org/timeline/2004/individual
Physics,IPhO,2004,Hayri Emrah Balcıoğlu,Türkiye,Bronze,86,,https://ipho-unofficial.org/timeline/2004/individual
Physics,IPhO,2004,Kastytis Zubovas,Lithuania,Bronze,87,,https://ipho-unofficial.org/timeline/2004/individual
Physics,IPhO,2004,Jeffrey Middleton,United States of America,Bronze,88,,https://ipho-unofficial.org/timeline/2004/individual
Physics,IPhO,2004,Axel Keller,Germany,Bronze,89,,https://ipho-unofficial.org/timeline/2004/individual
Physics,IPhO,2004,Yair Carmon,Israel,Bronze,90,,https://ipho-unofficial.org/timeline/2004/individual
Physics,IPhO,2004,Nguyen Cong Thanh,Vietnam,Bronze,91,,https://ipho-unofficial.org/timeline/2004/individual
Physics,IPhO,2004,Peter Matak,Slovakia,Bronze,92,,https://ipho-unofficial.org/timeline/2004/individual
Physics,IPhO,2004,Charles Strickland-Constable,United Kingdom,Bronze,93,,https://ipho-unofficial.org/timeline/2004/individual
Physics,IPhO,2004,Simon Kheifets,Australia,Bronze,94,,https://ipho-unofficial.org/timeline/2004/individual
Physics,IPhO,2004,Ştefan Bucur,Romania,Bronze,95,,https://ipho-unofficial.org/timeline/2004/individual
Physics,IPhO,2004,Krzysztof Choromanski,Poland,Bronze,96,,https://ipho-unofficial.org/timeline/2004/individual
Physics,IPhO,2004,Emrah Turgut,Türkiye,Bronze,97,,https://ipho-unofficial.org/timeline/2004/individual
Physics,IPhO,2004,Piotr Migdal,Poland,Bronze,98,,https://ipho-unofficial.org/timeline/2004/individual
Physics,IPhO,2004,Fjodor Novozhilov,Estonia,Bronze,99,,https://ipho-unofficial.org/timeline/2004/individual
Physics,IPhO,2004,Felipe Gerhard,Germany,Bronze,100,,https://ipho-unofficial.org/timeline/2004/individual
Physics,IPhO,2004,Noémie Savard,Canada,Bronze,101,,https://ipho-unofficial.org/timeline/2004/individual
Physics,IPhO,2004,Çağrı Şenel,Türkiye,Bronze,102,,https://ipho-unofficial.org/timeline/2004/individual
Physics,IPhO,2004,Andy Wong,Singapore,Bronze,103,,https://ipho-unofficial.org/timeline/2004/individual
Physics,IPhO,2004,Peter Yun Zhang,Canada,Bronze,104,,https://ipho-unofficial.org/timeline/2004/individual
Physics,IPhO,2004,Charat Thongprayoon,Thailand,Bronze,105,,https://ipho-unofficial.org/timeline/2004/individual
Physics,IPhO,2004,Christian Hofstadler,Austria,Bronze,106,,https://ipho-unofficial.org/timeline/2004/individual
Physics,IPhO,2004,Cheung Shi,Hong Kong,Bronze,107,,https://ipho-unofficial.org/timeline/2004/individual
Physics,IPhO,2004,Milan Zezelj,Serbia and Montenegro,Bronze,108,,https://ipho-unofficial.org/timeline/2004/individual
Physics,IPhO,2004,Václav Potoček,Czech Republic,Bronze,109,,https://ipho-unofficial.org/timeline/2004/individual
Physics,IPhO,2004,Yelzhas Otynshiyev,Kazakhstan,Bronze,110,,https://ipho-unofficial.org/timeline/2004/individual
Physics,IPhO,2004,Aliaksandr Plekhau,Belarus,Bronze,111,,https://ipho-unofficial.org/timeline/2004/individual
Physics,IPhO,2004,Eduardo Dominguez Vazquez,Cuba,Bronze,112,,https://ipho-unofficial.org/timeline/2004/individual
Physics,IPhO,2004,Mariano Marziali Bermúdez,Argentina,Bronze,113,,https://ipho-unofficial.org/timeline/2004/individual
Physics,IPhO,2004,Denis Utkin,Kazakhstan,Bronze,114,,https://ipho-unofficial.org/timeline/2004/individual
Physics,IPhO,2004,Donatas Majus,Lithuania,Bronze,115,,https://ipho-unofficial.org/timeline/2004/individual
Physics,IPhO,2004,Sergey Shahverdyan,Armenia,Bronze,116,,https://ipho-unofficial.org/timeline/2004/individual
Physics,IPhO,2004,Siim Ainsaar,Estonia,Bronze,117,,https://ipho-unofficial.org/timeline/2004/individual
Physics,IPhO,2004,Sami Kivistö,Finland,Bronze,118,,https://ipho-unofficial.org/timeline/2004/individual
Physics,IPhO,2004,Ardiansyah,Indonesia,Bronze,119,,https://ipho-unofficial.org/timeline/2004/individual
Physics,IPhO,2004,Damir Kalashnikov,Kyrgyzstan,Bronze,120,,https://ipho-unofficial.org/timeline/2004/individual
Physics,IPhO,2004,Mkrtich Soghomonyan,Armenia,Bronze,121,,https://ipho-unofficial.org/timeline/2004/individual
Physics,IPhO,2004,Ruslan Manakhayev,Kazakhstan,Bronze,122,,https://ipho-unofficial.org/timeline/2004/individual
Physics,IPhO,2004,Klemen Žiberna,Slovenia,Bronze,123,,https://ipho-unofficial.org/timeline/2004/individual
Physics,IPhO,2004,Michael Magee,Ireland,Bronze,124,,https://ipho-unofficial.org/timeline/2004/individual
Physics,IPhO,2004,Falk Tandetzky,Germany,Bronze,125,,https://ipho-unofficial.org/timeline/2004/individual
Physics,IPhO,2004,Simon Čopar,Slovenia,Bronze,126,,https://ipho-unofficial.org/timeline/2004/individual
Physics,IPhO,2004,John Kordonis,Greece,Bronze,127,,https://ipho-unofficial.org/timeline/2004/individual
Physics,IPhO,2004,Antonio Majdandžić,Croatia,Bronze,128,,https://ipho-unofficial.org/timeline/2004/individual
Physics,IPhO,2004,Cojuhari Dmitri,Moldova,Bronze,129,,https://ipho-unofficial.org/timeline/2004/individual
Physics,IPhO,2004,Sorbalo Eugen,Moldova,Bronze,130,,https://ipho-unofficial.org/timeline/2004/individual
Physics,IPhO,2004,Wathid Assawasunthonnet,Thailand,Bronze,131,,https://ipho-unofficial.org/timeline/2004/individual
Physics,IPhO,2004,Karen Hovhannisyan,Armenia,Bronze,132,,https://ipho-unofficial.org/timeline/2004/individual
Physics,IPhO,2004,Daniele Valtorta,Italy,Bronze,133,,https://ipho-unofficial.org/timeline/2004/individual
Physics,IPhO,2004,Luka Trifunovic,Serbia and Montenegro,Bronze,134,,https://ipho-unofficial.org/timeline/2004/individual
Physics,IPhO,2004,Aleksandr Morozenko,Estonia,Honourable Mention,135,,https://ipho-unofficial.org/timeline/2004/individual
Physics,IPhO,2004,Kim Georg Lind Pedersen,Denmark,Honourable Mention,136,,https://ipho-unofficial.org/timeline/2004/individual
Physics,IPhO,2004,Ariel Fabian Piechotka,Argentina,Honourable Mention,137,,https://ipho-unofficial.org/timeline/2004/individual
Physics,IPhO,2004,Alessandro Zucca,Italy,Honourable Mention,138,,https://ipho-unofficial.org/timeline/2004/individual
Physics,IPhO,2004,Ali Reza Sharafat,Canada,Honourable Mention,139,,https://ipho-unofficial.org/timeline/2004/individual
Physics,IPhO,2004,Emil Mark Bode,Netherlands,Honourable Mention,140,,https://ipho-unofficial.org/timeline/2004/individual
Physics,IPhO,2004,Janis Cimurs,Latvia,Honourable Mention,141,,https://ipho-unofficial.org/timeline/2004/individual
Physics,IPhO,2004,Boris Gazovic,Slovakia,Honourable Mention,142,,https://ipho-unofficial.org/timeline/2004/individual
Physics,IPhO,2004,Nikolay Chehlarov,Bulgaria,Honourable Mention,143,,https://ipho-unofficial.org/timeline/2004/individual
Physics,IPhO,2004,Torsten Karzig,Germany,Honourable Mention,144,,https://ipho-unofficial.org/timeline/2004/individual
Physics,IPhO,2004,Daulet Askarov,Kazakhstan,Honourable Mention,145,,https://ipho-unofficial.org/timeline/2004/individual
Physics,IPhO,2004,Chee Hang Seng,Malaysia,Honourable Mention,146,,https://ipho-unofficial.org/timeline/2004/individual
Physics,IPhO,2004,Amos Goh,Singapore,Honourable Mention,147,,https://ipho-unofficial.org/timeline/2004/individual
Physics,IPhO,2004,Eugeniu Plamadeala,Moldova,Honourable Mention,148,,https://ipho-unofficial.org/timeline/2004/individual
Physics,IPhO,2004,Otgonbaatar Myagmar,Mongolia,Honourable Mention,149,,https://ipho-unofficial.org/timeline/2004/individual
Physics,IPhO,2004,Erik Månsson,Sweden,Honourable Mention,150,,https://ipho-unofficial.org/timeline/2004/individual
Physics,IPhO,2004,Jean-Rene Moret,Switzerland,Honourable Mention,151,,https://ipho-unofficial.org/timeline/2004/individual
Physics,IPhO,2004,Petr Morávek,Czech Republic,Honourable Mention,152,,https://ipho-unofficial.org/timeline/2004/individual
Physics,IPhO,2004,Alen Karabegovic,Croatia,Honourable Mention,153,,https://ipho-unofficial.org/timeline/2004/individual
Physics,IPhO,2004,Dmitri Derkach,Estonia,Honourable Mention,154,,https://ipho-unofficial.org/timeline/2004/individual
Physics,IPhO,2004,Riho Taba,Estonia,Honourable Mention,155,,https://ipho-unofficial.org/timeline/2004/individual
Physics,IPhO,2004,Gari Arutinov,Georgia,Honourable Mention,156,,https://ipho-unofficial.org/timeline/2004/individual
Physics,IPhO,2004,Mikheil Azatov,Georgia,Honourable Mention,157,,https://ipho-unofficial.org/timeline/2004/individual
Physics,IPhO,2004,Petr Houštěk,Czech Republic,Honourable Mention,158,,https://ipho-unofficial.org/timeline/2004/individual
Physics,IPhO,2004,Borislav Hadzhiev,Bulgaria,Honourable Mention,159,,https://ipho-unofficial.org/timeline/2004/individual
Physics,IPhO,2004,Vicente Rodríquez Gómez,Mexico,Honourable Mention,160,,https://ipho-unofficial.org/timeline/2004/individual
Physics,IPhO,2004,Olli-Pekka Koistinen,Finland,Honourable Mention,161,,https://ipho-unofficial.org/timeline/2004/individual
Physics,IPhO,2004,Maksim Ivanov,Lithuania,Honourable Mention,162,,https://ipho-unofficial.org/timeline/2004/individual
Physics,IPhO,2004,Martins Brics,Latvia,Honourable Mention,163,,https://ipho-unofficial.org/timeline/2004/individual
Physics,IPhO,2004,Asif Shafi Asulov,Azerbaijan,Honourable Mention,164,,https://ipho-unofficial.org/timeline/2004/individual
Physics,IPhO,2004,Robert Clancy,Ireland,Honourable Mention,165,,https://ipho-unofficial.org/timeline/2004/individual
Physics,IPhO,2004,Zhidong Leong,Singapore,Honourable Mention,166,,https://ipho-unofficial.org/timeline/2004/individual
Physics,IPhO,2004,Stefan Hierz,Austria,Honourable Mention,167,,https://ipho-unofficial.org/timeline/2004/individual
Physics,IPhO,2004,Roberto Farolfi,Italy,Honourable Mention,168,,https://ipho-unofficial.org/timeline/2004/individual
Physics,IPhO,2004,Anđelko Katalenić,Croatia,Honourable Mention,169,,https://ipho-unofficial.org/timeline/2004/individual
Physics,IPhO,2004,Ali Sucipto T,Indonesia,Honourable Mention,170,,https://ipho-unofficial.org/timeline/2004/individual
Physics,IPhO,2004,Alexandru Galamaga,Moldova,Honourable Mention,171,,https://ipho-unofficial.org/timeline/2004/individual
Physics,IPhO,2004,Lukasz Krysiak,Poland,Honourable Mention,172,,https://ipho-unofficial.org/timeline/2004/individual
Physics,IPhO,2004,Peter Jakopič,Slovenia,Honourable Mention,173,,https://ipho-unofficial.org/timeline/2004/individual
Physics,IPhO,2004,Nemanja Stijak,Bosnia and Herzegovina,Honourable Mention,174,,https://ipho-unofficial.org/timeline/2004/individual
Physics,IPhO,2004,Nessipbek Mynbayev,Kazakhstan,Honourable Mention,175,,https://ipho-unofficial.org/timeline/2004/individual
Physics,IPhO,2004,Andrius Krasauskas,Lithuania,Honourable Mention,176,,https://ipho-unofficial.org/timeline/2004/individual
Physics,IPhO,2004,Yslam Orazov,Turkmenistan,Honourable Mention,177,,https://ipho-unofficial.org/timeline/2004/individual
Physics,IPhO,2004,Rustam Durdiyev,Turkmenistan,Honourable Mention,178,,https://ipho-unofficial.org/timeline/2004/individual
Physics,IPhO,2004,Svilen Iskrov,Bulgaria,Honourable Mention,179,,https://ipho-unofficial.org/timeline/2004/individual
Physics,IPhO,2004,Avraham Aminov,Israel,Honourable Mention,180,,https://ipho-unofficial.org/timeline/2004/individual
Physics,IPhO,2004,Lee Tuan Cheong,Malaysia,Honourable Mention,181,,https://ipho-unofficial.org/timeline/2004/individual
Physics,IPhO,2004,Juan Manuel Lorenzi,Argentina,Honourable Mention,182,,https://ipho-unofficial.org/timeline/2004/individual
Physics,IPhO,2004,Filip Kos,Croatia,Honourable Mention,183,,https://ipho-unofficial.org/timeline/2004/individual
Physics,IPhO,2004,Patrice Andre,Switzerland,Honourable Mention,184,,https://ipho-unofficial.org/timeline/2004/individual
Physics,IPhO,2004,Sultan Imenov,Kyrgyzstan,Honourable Mention,185,,https://ipho-unofficial.org/timeline/2004/individual
Physics,IPhO,2004,Ricardo Martín-Brualla,Spain,Honourable Mention,186,,https://ipho-unofficial.org/timeline/2004/individual
Physics,IPhO,2004,Haukur Sigurdarson,Iceland,Honourable Mention,187,,https://ipho-unofficial.org/timeline/2004/individual
Physics,IPhO,2004,Sabeen Faridi,Pakistan,Honourable Mention,188,,https://ipho-unofficial.org/timeline/2004/individual
Physics,IPhO,2004,Jukka Nummipuro,Finland,Honourable Mention,189,,https://ipho-unofficial.org/timeline/2004/individual
Physics,IPhO,2004,Magdalena Gulewicz,Poland,Honourable Mention,190,,https://ipho-unofficial.org/timeline/2004/individual
Physics,IPhO,2004,Oidovdorj Gankhuyag,Mongolia,Honourable Mention,191,,https://ipho-unofficial.org/timeline/2004/individual
Physics,IPhO,2004,Mohd Nasri Kasuan,Malaysia,Honourable Mention,192,,https://ipho-unofficial.org/timeline/2004/individual
Physics,IPhO,2004,Andrew Simons,United Kingdom,Honourable Mention,193,,https://ipho-unofficial.org/timeline/2004/individual
Physics,IPhO,2004,Yeo Hock Chai,Malaysia,Honourable Mention,194,,https://ipho-unofficial.org/timeline/2004/individual
Physics,IPhO,2004,Zlatko Emedji,Serbia and Montenegro,Honourable Mention,195,,https://ipho-unofficial.org/timeline/2004/individual
Physics,IPhO,2004,Pierre Henneaux,Belgium,Honourable Mention,196,,https://ipho-unofficial.org/timeline/2004/individual
Physics,IPhO,2004,Áron Szabó,Hungary,Honourable Mention,197,,https://ipho-unofficial.org/timeline/2004/individual
Physics,IPhO,2004,Dirk Abbeloos,Belgium,Honourable Mention,198,,https://ipho-unofficial.org/timeline/2004/individual
Physics,IPhO,2004,Jana Matějová,Czech Republic,Honourable Mention,199,,https://ipho-unofficial.org/timeline/2004/individual
Physics,IPhO,2004,Timo Voipio,Finland,Honourable Mention,200,,https://ipho-unofficial.org/timeline/2004/individual
Physics,IPhO,2004,Altuğ Alkan,Türkiye,Honourable Mention,201,,https://ipho-unofficial.org/timeline/2004/individual
Physics,IPhO,2004,Roberto Sanchis Ojeda,Spain,Honourable Mention,202,,https://ipho-unofficial.org/timeline/2004/individual
Physics,IPhO,2004,Buyandalai Altansargai,Mongolia,Honourable Mention,203,,https://ipho-unofficial.org/timeline/2004/individual
Physics,IPhO,2004,Pieter Cornelis Bons,Netherlands,Honourable Mention,204,,https://ipho-unofficial.org/timeline/2004/individual
Physics,IPhO,2004,Andranik Chavushyan,Armenia,Honourable Mention,205,,https://ipho-unofficial.org/timeline/2004/individual
Physics,IPhO,2004,Una Karahasanović,Bosnia and Herzegovina,Honourable Mention,206,,https://ipho-unofficial.org/timeline/2004/individual
Physics,IPhO,2004,Jevgenijs Baranovs,Latvia,Honourable Mention,207,,https://ipho-unofficial.org/timeline/2004/individual
Physics,IPhO,2004,Kasper Duivenvoorden,Netherlands,Honourable Mention,208,,https://ipho-unofficial.org/timeline/2004/individual
Physics,IPhO,2004,Marc Schubert,Australia,Honourable Mention,209,,https://ipho-unofficial.org/timeline/2004/individual
Physics,IPhO,2004,Amirali Akbarali,Pakistan,Honourable Mention,210,,https://ipho-unofficial.org/timeline/2004/individual
Physics,IPhO,2004,Henrique Rezende Graminho,Brazil,Honourable Mention,211,,https://ipho-unofficial.org/timeline/2004/individual
Physics,IPhO,2004,Juan Pablo Isaza Aristizabal,Colombia,Honourable Mention,212,,https://ipho-unofficial.org/timeline/2004/individual
Physics,IPhO,2004,Law Man Long,Hong Kong,Honourable Mention,213,,https://ipho-unofficial.org/timeline/2004/individual
Physics,IPhO,2004,Ásgeir Alexandersson,Iceland,Honourable Mention,214,,https://ipho-unofficial.org/timeline/2004/individual
Physics,IPhO,2004,Jostein Bø Fløystad,Norway,Honourable Mention,215,,https://ipho-unofficial.org/timeline/2004/individual
Physics,IPhO,2004,Foaad Tahir,Pakistan,Honourable Mention,216,,https://ipho-unofficial.org/timeline/2004/individual
Physics,IPhO,2005,Gábor Halász,Hungary,Gold,1,,https://ipho-unofficial.org/timeline/2005/individual
Physics,IPhO,2005,Ying-Hsuan Lin,Taiwan,Gold,1,,https://ipho-unofficial.org/timeline/2005/individual
Physics,IPhO,2005,Han-Hsuan Lin,Taiwan,Gold,3,,https://ipho-unofficial.org/timeline/2005/individual
Physics,IPhO,2005,Ruslan Akhunzyanov,Russia,Gold,4,,https://ipho-unofficial.org/timeline/2005/individual
Physics,IPhO,2005,Mingjie Dai,People's Republic of China,Gold,5,,https://ipho-unofficial.org/timeline/2005/individual
Physics,IPhO,2005,Hanhan Li,People's Republic of China,Gold,6,,https://ipho-unofficial.org/timeline/2005/individual
Physics,IPhO,2005,Andika Putra,Indonesia,Gold,7,,https://ipho-unofficial.org/timeline/2005/individual
Physics,IPhO,2005,Evgeny Mozgunov,Russia,Gold,8,,https://ipho-unofficial.org/timeline/2005/individual
Physics,IPhO,2005,Azar Eyvazov,Azerbaijan,Gold,9,,https://ipho-unofficial.org/timeline/2005/individual
Physics,IPhO,2005,Roshan Tovrani,Islamic Republic of Iran,Gold,10,,https://ipho-unofficial.org/timeline/2005/individual
Physics,IPhO,2005,Péter Kómár,Hungary,Gold,11,,https://ipho-unofficial.org/timeline/2005/individual
Physics,IPhO,2005,Piyush Srivastava,India,Gold,12,,https://ipho-unofficial.org/timeline/2005/individual
Physics,IPhO,2005,Anton Repko,Slovakia,Gold,13,,https://ipho-unofficial.org/timeline/2005/individual
Physics,IPhO,2005,Igor Gotlibovych,Germany,Gold,14,,https://ipho-unofficial.org/timeline/2005/individual
Physics,IPhO,2005,Yuriy Skvortsov,Ukraine,Gold,15,,https://ipho-unofficial.org/timeline/2005/individual
Physics,IPhO,2005,Ashkan Jafar Poor Koujahi,Islamic Republic of Iran,Gold,16,,https://ipho-unofficial.org/timeline/2005/individual
Physics,IPhO,2005,Yi-Hong Kuo,Taiwan,Gold,17,,https://ipho-unofficial.org/timeline/2005/individual
Physics,IPhO,2005,Ali Sucipto T,Indonesia,Gold,18,,https://ipho-unofficial.org/timeline/2005/individual
Physics,IPhO,2005,Andrei Anghel,Romania,Gold,19,,https://ipho-unofficial.org/timeline/2005/individual
Physics,IPhO,2005,Hao-Yu Wu,Taiwan,Gold,20,,https://ipho-unofficial.org/timeline/2005/individual
Physics,IPhO,2005,Yi-Hsuan Lin,Taiwan,Gold,21,,https://ipho-unofficial.org/timeline/2005/individual
Physics,IPhO,2005,An Li,People's Republic of China,Gold,22,,https://ipho-unofficial.org/timeline/2005/individual
Physics,IPhO,2005,Emrah Turgut,Türkiye,Gold,23,,https://ipho-unofficial.org/timeline/2005/individual
Physics,IPhO,2005,Ang Jian Peng,Singapore,Gold,24,,https://ipho-unofficial.org/timeline/2005/individual
Physics,IPhO,2005,Pakpong Chirarattananon,Thailand,Gold,25,,https://ipho-unofficial.org/timeline/2005/individual
Physics,IPhO,2005,Christian Hofstadler,Austria,Gold,26,,https://ipho-unofficial.org/timeline/2005/individual
Physics,IPhO,2005,Péter Kiss,Hungary,Gold,27,,https://ipho-unofficial.org/timeline/2005/individual
Physics,IPhO,2005,Koh Chan Swee,Singapore,Gold,28,,https://ipho-unofficial.org/timeline/2005/individual
Physics,IPhO,2005,Phuong Dung Nguyen Thi,Vietnam,Gold,29,,https://ipho-unofficial.org/timeline/2005/individual
Physics,IPhO,2005,Eric Mecklenburg,United States of America,Gold,30,,https://ipho-unofficial.org/timeline/2005/individual
Physics,IPhO,2005,Lok Man Tsui,Hong Kong,Gold,31,,https://ipho-unofficial.org/timeline/2005/individual
Physics,IPhO,2005,Aphiwat Kriengwattanakul,Thailand,Gold,32,,https://ipho-unofficial.org/timeline/2005/individual
Physics,IPhO,2005,Se Woong Lim,Republic of Korea,Gold,33,,https://ipho-unofficial.org/timeline/2005/individual
Physics,IPhO,2005,Sameer Madan,India,Gold,34,,https://ipho-unofficial.org/timeline/2005/individual
Physics,IPhO,2005,Mykola Dedushenko,Ukraine,Gold,35,,https://ipho-unofficial.org/timeline/2005/individual
Physics,IPhO,2005,Ng Wei Xiang Jonathan,Singapore,Gold,36,,https://ipho-unofficial.org/timeline/2005/individual
Physics,IPhO,2005,Jianglei Yu,People's Republic of China,Gold,37,,https://ipho-unofficial.org/timeline/2005/individual
Physics,IPhO,2005,Beum Seok Shim,Republic of Korea,Gold,38,,https://ipho-unofficial.org/timeline/2005/individual
Physics,IPhO,2005,Ivan Gushchin,Russia,Gold,39,,https://ipho-unofficial.org/timeline/2005/individual
Physics,IPhO,2005,Menyoung Lee,United States of America,Gold,40,,https://ipho-unofficial.org/timeline/2005/individual
Physics,IPhO,2005,Wujie Huang,People's Republic of China,Gold,41,,https://ipho-unofficial.org/timeline/2005/individual
Physics,IPhO,2005,Casey Handmer,Australia,Gold,42,,https://ipho-unofficial.org/timeline/2005/individual
Physics,IPhO,2005,Cristian Proistosescu,Romania,Gold,43,,https://ipho-unofficial.org/timeline/2005/individual
Physics,IPhO,2005,Ivan Erofeev,Russia,Gold,44,,https://ipho-unofficial.org/timeline/2005/individual
Physics,IPhO,2005,Teodor Mihai Moldovan,Romania,Gold,45,,https://ipho-unofficial.org/timeline/2005/individual
Physics,IPhO,2005,Mehmet Akif Çetinkaya,Türkiye,Gold,46,,https://ipho-unofficial.org/timeline/2005/individual
Physics,IPhO,2005,Franco Julio Mangiarotti,Argentina,Silver,47,,https://ipho-unofficial.org/timeline/2005/individual
Physics,IPhO,2005,Ronnachai Jaroensri,Thailand,Silver,48,,https://ipho-unofficial.org/timeline/2005/individual
Physics,IPhO,2005,Tejaswi Venumadhav Nerella,India,Silver,49,,https://ipho-unofficial.org/timeline/2005/individual
Physics,IPhO,2005,Vudtiwat Ngampruetikorn,Thailand,Silver,50,,https://ipho-unofficial.org/timeline/2005/individual
Physics,IPhO,2005,Daulet Askarov,Kazakhstan,Silver,51,,https://ipho-unofficial.org/timeline/2005/individual
Physics,IPhO,2005,Seyed Ahmadreza Hosseini,Islamic Republic of Iran,Silver,52,,https://ipho-unofficial.org/timeline/2005/individual
Physics,IPhO,2005,Oleksandr Lyashchenko,Ukraine,Silver,53,,https://ipho-unofficial.org/timeline/2005/individual
Physics,IPhO,2005,Sieciech Czajka,Poland,Silver,54,,https://ipho-unofficial.org/timeline/2005/individual
Physics,IPhO,2005,Si Chien Van,Vietnam,Silver,55,,https://ipho-unofficial.org/timeline/2005/individual
Physics,IPhO,2005,Andrei Constantin,Romania,Silver,56,,https://ipho-unofficial.org/timeline/2005/individual
Physics,IPhO,2005,Bogdan Stoica,Romania,Silver,57,,https://ipho-unofficial.org/timeline/2005/individual
Physics,IPhO,2005,Luka Trifunovic,Serbia and Montenegro,Silver,58,,https://ipho-unofficial.org/timeline/2005/individual
Physics,IPhO,2005,Timothy Credo,United States of America,Silver,59,,https://ipho-unofficial.org/timeline/2005/individual
Physics,IPhO,2005,Jakub Zavodny,Slovakia,Silver,60,,https://ipho-unofficial.org/timeline/2005/individual
Physics,IPhO,2005,Minh Hai Nguyen,Vietnam,Silver,61,,https://ipho-unofficial.org/timeline/2005/individual
Physics,IPhO,2005,Mehmet Doğan,Türkiye,Silver,62,,https://ipho-unofficial.org/timeline/2005/individual
Physics,IPhO,2005,Torsten Karzig,Germany,Silver,63,,https://ipho-unofficial.org/timeline/2005/individual
Physics,IPhO,2005,Andrew Gilewsky,Belarus,Silver,64,,https://ipho-unofficial.org/timeline/2005/individual
Physics,IPhO,2005,Pavel Motloch,Czech Republic,Silver,65,,https://ipho-unofficial.org/timeline/2005/individual
Physics,IPhO,2005,Hema Chandra Prakash Movva,India,Silver,66,,https://ipho-unofficial.org/timeline/2005/individual
Physics,IPhO,2005,Yury Fedotov,Russia,Silver,67,,https://ipho-unofficial.org/timeline/2005/individual
Physics,IPhO,2005,David Yang,Australia,Silver,68,,https://ipho-unofficial.org/timeline/2005/individual
Physics,IPhO,2005,Nickolas Fortino,United States of America,Silver,69,,https://ipho-unofficial.org/timeline/2005/individual
Physics,IPhO,2005,Ka Hei Kolen Cheung,Hong Kong,Silver,70,,https://ipho-unofficial.org/timeline/2005/individual
Physics,IPhO,2005,Rosen Matev,Bulgaria,Silver,71,,https://ipho-unofficial.org/timeline/2005/individual
Physics,IPhO,2005,Ricardo Martín-Brualla,Spain,Silver,72,,https://ipho-unofficial.org/timeline/2005/individual
Physics,IPhO,2005,Purnawirman,Indonesia,Bronze,73,,https://ipho-unofficial.org/timeline/2005/individual
Physics,IPhO,2005,Vladimir Bychkov,Kazakhstan,Bronze,74,,https://ipho-unofficial.org/timeline/2005/individual
Physics,IPhO,2005,Jian Wu,United Kingdom,Bronze,75,,https://ipho-unofficial.org/timeline/2005/individual
Physics,IPhO,2005,Hong Seop Choi,Republic of Korea,Bronze,76,,https://ipho-unofficial.org/timeline/2005/individual
Physics,IPhO,2005,Erik Panzer,Germany,Bronze,77,,https://ipho-unofficial.org/timeline/2005/individual
Physics,IPhO,2005,Petchara Pattarakijwanich,Thailand,Bronze,78,,https://ipho-unofficial.org/timeline/2005/individual
Physics,IPhO,2005,Ali Shahad,Islamic Republic of Iran,Bronze,79,,https://ipho-unofficial.org/timeline/2005/individual
Physics,IPhO,2005,Siyoun Sung,Republic of Korea,Bronze,80,,https://ipho-unofficial.org/timeline/2005/individual
Physics,IPhO,2005,Akhmed Saidaliyev,Kazakhstan,Bronze,81,,https://ipho-unofficial.org/timeline/2005/individual
Physics,IPhO,2005,Kastytis Zubovas,Lithuania,Bronze,82,,https://ipho-unofficial.org/timeline/2005/individual
Physics,IPhO,2005,Elnur Hajiyev,Azerbaijan,Bronze,83,,https://ipho-unofficial.org/timeline/2005/individual
Physics,IPhO,2005,András Gyenis,Hungary,Bronze,84,,https://ipho-unofficial.org/timeline/2005/individual
Physics,IPhO,2005,Li Hongyi,Singapore,Bronze,85,,https://ipho-unofficial.org/timeline/2005/individual
Physics,IPhO,2005,Alexander Zhang,Australia,Bronze,86,,https://ipho-unofficial.org/timeline/2005/individual
Physics,IPhO,2005,Michael Shalyt,Israel,Bronze,87,,https://ipho-unofficial.org/timeline/2005/individual
Physics,IPhO,2005,Sivan Ginzburg,Israel,Bronze,88,,https://ipho-unofficial.org/timeline/2005/individual
Physics,IPhO,2005,Najmaddin Najafov,Azerbaijan,Bronze,89,,https://ipho-unofficial.org/timeline/2005/individual
Physics,IPhO,2005,Vladimir Vanovschi,Moldova,Bronze,90,,https://ipho-unofficial.org/timeline/2005/individual
Physics,IPhO,2005,José Mário Silva Filho,Brazil,Bronze,91,,https://ipho-unofficial.org/timeline/2005/individual
Physics,IPhO,2005,Ognjen Ilic,Serbia and Montenegro,Bronze,92,,https://ipho-unofficial.org/timeline/2005/individual
Physics,IPhO,2005,Kai Tsun Johnson Lai,Hong Kong,Bronze,93,,https://ipho-unofficial.org/timeline/2005/individual
Physics,IPhO,2005,Seyed Peiman Nezam Abadi,Islamic Republic of Iran,Bronze,94,,https://ipho-unofficial.org/timeline/2005/individual
Physics,IPhO,2005,Wa Wing Cheng,Hong Kong,Bronze,95,,https://ipho-unofficial.org/timeline/2005/individual
Physics,IPhO,2005,Wong Da Wei,Singapore,Bronze,96,,https://ipho-unofficial.org/timeline/2005/individual
Physics,IPhO,2005,Jevgenij Chmeliov,Lithuania,Bronze,97,,https://ipho-unofficial.org/timeline/2005/individual
Physics,IPhO,2005,Tigran Nazaryan,Armenia,Bronze,98,,https://ipho-unofficial.org/timeline/2005/individual
Physics,IPhO,2005,Quang Huy Nguyen,Vietnam,Bronze,99,,https://ipho-unofficial.org/timeline/2005/individual
Physics,IPhO,2005,Yevgeniy Zagayevskiy,Kazakhstan,Bronze,100,,https://ipho-unofficial.org/timeline/2005/individual
Physics,IPhO,2005,Andrew Crosby,United Kingdom,Bronze,101,,https://ipho-unofficial.org/timeline/2005/individual
Physics,IPhO,2005,Ahmet Demir,Türkiye,Bronze,102,,https://ipho-unofficial.org/timeline/2005/individual
Physics,IPhO,2005,Arjun Radhakrishna,India,Bronze,103,,https://ipho-unofficial.org/timeline/2005/individual
Physics,IPhO,2005,Leonid Pogorelyuk,Israel,Bronze,104,,https://ipho-unofficial.org/timeline/2005/individual
Physics,IPhO,2005,Aleksandr Pereverzev,Georgia,Bronze,105,,https://ipho-unofficial.org/timeline/2005/individual
Physics,IPhO,2005,Antonio Majdandžić,Croatia,Bronze,106,,https://ipho-unofficial.org/timeline/2005/individual
Physics,IPhO,2005,Daniele Fognini,Italy,Bronze,107,,https://ipho-unofficial.org/timeline/2005/individual
Physics,IPhO,2005,Svilen Iskrov,Bulgaria,Bronze,108,,https://ipho-unofficial.org/timeline/2005/individual
Physics,IPhO,2005,Vitaliy Lykhachov,Ukraine,Bronze,109,,https://ipho-unofficial.org/timeline/2005/individual
Physics,IPhO,2005,Nikolay Zhelev,Bulgaria,Bronze,110,,https://ipho-unofficial.org/timeline/2005/individual
Physics,IPhO,2005,Philippe Bouafia,France,Bronze,111,,https://ipho-unofficial.org/timeline/2005/individual
Physics,IPhO,2005,Martin David,France,Bronze,112,,https://ipho-unofficial.org/timeline/2005/individual
Physics,IPhO,2005,Daniel Whalen,United States of America,Bronze,113,,https://ipho-unofficial.org/timeline/2005/individual
Physics,IPhO,2005,Matija Vidmar,Slovenia,Bronze,114,,https://ipho-unofficial.org/timeline/2005/individual
Physics,IPhO,2005,Eugeniu Plamadeala,Moldova,Bronze,115,,https://ipho-unofficial.org/timeline/2005/individual
Physics,IPhO,2005,Jungkyu Cho,Republic of Korea,Bronze,116,,https://ipho-unofficial.org/timeline/2005/individual
Physics,IPhO,2005,Kornel Maczynski,Poland,Bronze,117,,https://ipho-unofficial.org/timeline/2005/individual
Physics,IPhO,2005,Dániel Varjas,Hungary,Bronze,118,,https://ipho-unofficial.org/timeline/2005/individual
Physics,IPhO,2005,Otgonbaatar Myagmar,Mongolia,Bronze,119,,https://ipho-unofficial.org/timeline/2005/individual
Physics,IPhO,2005,Mariano Marziali Bermúdez,Argentina,Bronze,120,,https://ipho-unofficial.org/timeline/2005/individual
Physics,IPhO,2005,Luca Barbieri,Italy,Bronze,121,,https://ipho-unofficial.org/timeline/2005/individual
Physics,IPhO,2005,Siim Ainsaar,Estonia,Bronze,122,,https://ipho-unofficial.org/timeline/2005/individual
Physics,IPhO,2005,Thibaut Kirchner,France,Bronze,123,,https://ipho-unofficial.org/timeline/2005/individual
Physics,IPhO,2005,Antony Lee,France,Bronze,124,,https://ipho-unofficial.org/timeline/2005/individual
Physics,IPhO,2005,Lim Chun Pin,Malaysia,Bronze,125,,https://ipho-unofficial.org/timeline/2005/individual
Physics,IPhO,2005,José Diogo Magalhaes Rio Fernándes,Portugal,Bronze,126,,https://ipho-unofficial.org/timeline/2005/individual
Physics,IPhO,2005,Rachel Effeney,Australia,Bronze,127,,https://ipho-unofficial.org/timeline/2005/individual
Physics,IPhO,2005,Carlos Pardo Martín,Spain,Bronze,128,,https://ipho-unofficial.org/timeline/2005/individual
Physics,IPhO,2005,Ario Prabowo,Indonesia,Bronze,129,,https://ipho-unofficial.org/timeline/2005/individual
Physics,IPhO,2005,Mekan Arazmedov,Turkmenistan,Bronze,130,,https://ipho-unofficial.org/timeline/2005/individual
Physics,IPhO,2005,Thomas Metivier,France,Bronze,131,,https://ipho-unofficial.org/timeline/2005/individual
Physics,IPhO,2005,Damjan Pelc,Croatia,Bronze,132,,https://ipho-unofficial.org/timeline/2005/individual
Physics,IPhO,2005,Michael Adrian,Indonesia,Bronze,133,,https://ipho-unofficial.org/timeline/2005/individual
Physics,IPhO,2005,Alexandr Volosciuc,Moldova,Bronze,134,,https://ipho-unofficial.org/timeline/2005/individual
Physics,IPhO,2005,Kanstantsin Sakharchuk,Belarus,Bronze,135,,https://ipho-unofficial.org/timeline/2005/individual
Physics,IPhO,2005,Filip Kos,Croatia,Honourable Mention,136,,https://ipho-unofficial.org/timeline/2005/individual
Physics,IPhO,2005,Petr Houštěk,Czech Republic,Honourable Mention,137,,https://ipho-unofficial.org/timeline/2005/individual
Physics,IPhO,2005,Almong Yalinewitz,Israel,Honourable Mention,138,,https://ipho-unofficial.org/timeline/2005/individual
Physics,IPhO,2005,Namiq Hasanov,Azerbaijan,Honourable Mention,139,,https://ipho-unofficial.org/timeline/2005/individual
Physics,IPhO,2005,Sultan Imenov,Kyrgyzstan,Honourable Mention,140,,https://ipho-unofficial.org/timeline/2005/individual
Physics,IPhO,2005,Marcin Grzybowski,Poland,Honourable Mention,141,,https://ipho-unofficial.org/timeline/2005/individual
Physics,IPhO,2005,Daniel Bozik,Slovakia,Honourable Mention,142,,https://ipho-unofficial.org/timeline/2005/individual
Physics,IPhO,2005,Stefano Attanasio,Italy,Honourable Mention,143,,https://ipho-unofficial.org/timeline/2005/individual
Physics,IPhO,2005,Jan Lalinsky,Slovakia,Honourable Mention,144,,https://ipho-unofficial.org/timeline/2005/individual
Physics,IPhO,2005,Timothy Lee,United Kingdom,Honourable Mention,145,,https://ipho-unofficial.org/timeline/2005/individual
Physics,IPhO,2005,Tom Molomby,Australia,Honourable Mention,146,,https://ipho-unofficial.org/timeline/2005/individual
Physics,IPhO,2005,Falk Tandetzky,Germany,Honourable Mention,147,,https://ipho-unofficial.org/timeline/2005/individual
Physics,IPhO,2005,Petr Morávek,Czech Republic,Honourable Mention,148,,https://ipho-unofficial.org/timeline/2005/individual
Physics,IPhO,2005,Christopher Young,United Kingdom,Honourable Mention,149,,https://ipho-unofficial.org/timeline/2005/individual
Physics,IPhO,2005,Aroldo Hernandez Armas,Cuba,Honourable Mention,150,,https://ipho-unofficial.org/timeline/2005/individual
Physics,IPhO,2005,Islam Hydyrov,Turkmenistan,Honourable Mention,151,,https://ipho-unofficial.org/timeline/2005/individual
Physics,IPhO,2005,Juan Manuel Lorenzi,Argentina,Honourable Mention,152,,https://ipho-unofficial.org/timeline/2005/individual
Physics,IPhO,2005,Angelo Russomanno,Italy,Honourable Mention,153,,https://ipho-unofficial.org/timeline/2005/individual
Physics,IPhO,2005,Tim Wai Yeung,Hong Kong,Honourable Mention,154,,https://ipho-unofficial.org/timeline/2005/individual
Physics,IPhO,2005,Maksim Hlod,Belarus,Honourable Mention,155,,https://ipho-unofficial.org/timeline/2005/individual
Physics,IPhO,2005,Eduardo Manuel Dias,Portugal,Honourable Mention,156,,https://ipho-unofficial.org/timeline/2005/individual
Physics,IPhO,2005,Matus Tejiscak,Slovakia,Honourable Mention,157,,https://ipho-unofficial.org/timeline/2005/individual
Physics,IPhO,2005,Boris Harutyunyan,Armenia,Honourable Mention,158,,https://ipho-unofficial.org/timeline/2005/individual
Physics,IPhO,2005,Marko Popovic,Croatia,Honourable Mention,159,,https://ipho-unofficial.org/timeline/2005/individual
Physics,IPhO,2005,Akram Miriyev,Azerbaijan,Honourable Mention,160,,https://ipho-unofficial.org/timeline/2005/individual
Physics,IPhO,2005,Stefan Hierz,Austria,Honourable Mention,161,,https://ipho-unofficial.org/timeline/2005/individual
Physics,IPhO,2005,Dzianis Khmialniuk,Belarus,Honourable Mention,162,,https://ipho-unofficial.org/timeline/2005/individual
Physics,IPhO,2005,Aleksandr Morozenko,Estonia,Honourable Mention,163,,https://ipho-unofficial.org/timeline/2005/individual
Physics,IPhO,2005,Ivan Zhivkov Dimitrov,Canada,Honourable Mention,164,,https://ipho-unofficial.org/timeline/2005/individual
Physics,IPhO,2005,Maksim Jeskevic,Lithuania,Honourable Mention,165,,https://ipho-unofficial.org/timeline/2005/individual
Physics,IPhO,2005,Audrūnas Gruslys,Lithuania,Honourable Mention,166,,https://ipho-unofficial.org/timeline/2005/individual
Physics,IPhO,2005,Yakiv Grudtsyn,Ukraine,Honourable Mention,167,,https://ipho-unofficial.org/timeline/2005/individual
Physics,IPhO,2005,Nuwan Ganganath,Sri Lanka,Honourable Mention,168,,https://ipho-unofficial.org/timeline/2005/individual
Physics,IPhO,2005,Valery Belayev,Israel,Honourable Mention,169,,https://ipho-unofficial.org/timeline/2005/individual
Physics,IPhO,2005,Krzysztof Niemkiewicz,Poland,Honourable Mention,170,,https://ipho-unofficial.org/timeline/2005/individual
Physics,IPhO,2005,Juan Pablo Isaza Aristizabal,Colombia,Honourable Mention,171,,https://ipho-unofficial.org/timeline/2005/individual
Physics,IPhO,2005,Brett Joseph Teeple,Canada,Honourable Mention,172,,https://ipho-unofficial.org/timeline/2005/individual
Physics,IPhO,2005,Yslam Orazov,Turkmenistan,Honourable Mention,173,,https://ipho-unofficial.org/timeline/2005/individual
Physics,IPhO,2005,Andrei Polaz,Belarus,Honourable Mention,174,,https://ipho-unofficial.org/timeline/2005/individual
Physics,IPhO,2005,Sergio Castellanos,Bolivia,Honourable Mention,175,,https://ipho-unofficial.org/timeline/2005/individual
Physics,IPhO,2005,Michael McBreen,Canada,Honourable Mention,176,,https://ipho-unofficial.org/timeline/2005/individual
Physics,IPhO,2005,Federico Bonetti,Italy,Honourable Mention,177,,https://ipho-unofficial.org/timeline/2005/individual
Physics,IPhO,2005,Otgonbaatar Uuganbayar,Mongolia,Honourable Mention,178,,https://ipho-unofficial.org/timeline/2005/individual
Physics,IPhO,2005,Sander Kupers,Netherlands,Honourable Mention,179,,https://ipho-unofficial.org/timeline/2005/individual
Physics,IPhO,2005,Nikolay Hadzhiev,Bulgaria,Honourable Mention,180,,https://ipho-unofficial.org/timeline/2005/individual
Physics,IPhO,2005,Alen Karabegovic,Croatia,Honourable Mention,181,,https://ipho-unofficial.org/timeline/2005/individual
Physics,IPhO,2005,Denis Brojan,Slovenia,Honourable Mention,182,,https://ipho-unofficial.org/timeline/2005/individual
Physics,IPhO,2005,Heleodoro Aaron Alexandre,Brazil,Honourable Mention,183,,https://ipho-unofficial.org/timeline/2005/individual
Physics,IPhO,2005,Eleni Vryonidou,Cyprus,Honourable Mention,184,,https://ipho-unofficial.org/timeline/2005/individual
Physics,IPhO,2005,Holger Haas,Estonia,Honourable Mention,185,,https://ipho-unofficial.org/timeline/2005/individual
Physics,IPhO,2005,Borja Sanz Martín,Spain,Honourable Mention,186,,https://ipho-unofficial.org/timeline/2005/individual
Physics,IPhO,2005,Yermek Kaipov,Kazakhstan,Honourable Mention,187,,https://ipho-unofficial.org/timeline/2005/individual
Physics,IPhO,2005,Mattias Linnap,Estonia,Honourable Mention,188,,https://ipho-unofficial.org/timeline/2005/individual
Physics,IPhO,2005,Simon Viel,Canada,Honourable Mention,189,,https://ipho-unofficial.org/timeline/2005/individual
Physics,IPhO,2005,Oscar Bennett,United Kingdom,Honourable Mention,190,,https://ipho-unofficial.org/timeline/2005/individual
Physics,IPhO,2005,Pavel Kučera,Czech Republic,Honourable Mention,191,,https://ipho-unofficial.org/timeline/2005/individual
Physics,IPhO,2005,Matti Åstrand,Finland,Honourable Mention,192,,https://ipho-unofficial.org/timeline/2005/individual
Physics,IPhO,2005,Chia Ling Chew,Malaysia,Honourable Mention,193,,https://ipho-unofficial.org/timeline/2005/individual
Physics,IPhO,2005,Nabeel Rehman Shami,Pakistan,Honourable Mention,194,,https://ipho-unofficial.org/timeline/2005/individual
Physics,IPhO,2005,Dashdavaa Khureltulga,Mongolia,Honourable Mention,195,,https://ipho-unofficial.org/timeline/2005/individual
Physics,IPhO,2005,Mikko Ervasti,Finland,Honourable Mention,196,,https://ipho-unofficial.org/timeline/2005/individual
Physics,IPhO,2005,Dejan Rozgic,Serbia and Montenegro,Honourable Mention,197,,https://ipho-unofficial.org/timeline/2005/individual
Physics,IPhO,2005,Sergej Markosyan,Armenia,Honourable Mention,198,,https://ipho-unofficial.org/timeline/2005/individual
Physics,IPhO,2005,Iñigo Barbed Martín,Spain,Honourable Mention,199,,https://ipho-unofficial.org/timeline/2005/individual
Physics,IPhO,2005,Georgios Skolianos,Greece,Honourable Mention,200,,https://ipho-unofficial.org/timeline/2005/individual
Physics,IPhO,2005,Arno Tripolt,Austria,Honourable Mention,201,,https://ipho-unofficial.org/timeline/2005/individual
Physics,IPhO,2005,Dawood Tariq,Pakistan,Honourable Mention,202,,https://ipho-unofficial.org/timeline/2005/individual
Physics,IPhO,2005,Yoany Rodriguez Hernandez,Cuba,Honourable Mention,203,,https://ipho-unofficial.org/timeline/2005/individual
Physics,IPhO,2005,Gayan Jayasumana,Sri Lanka,Honourable Mention,204,,https://ipho-unofficial.org/timeline/2005/individual
Physics,IPhO,2005,Petr Čermák,Czech Republic,Honourable Mention,205,,https://ipho-unofficial.org/timeline/2005/individual
Physics,IPhO,2005,Denis Golež,Slovenia,Honourable Mention,206,,https://ipho-unofficial.org/timeline/2005/individual
Physics,IPhO,2005,Eziz Allaberdiyev,Turkmenistan,Honourable Mention,207,,https://ipho-unofficial.org/timeline/2005/individual
Physics,IPhO,2005,Alexandros Manolakos,Greece,Honourable Mention,208,,https://ipho-unofficial.org/timeline/2005/individual
Physics,IPhO,2005,Pascal Steger,Switzerland,Honourable Mention,209,,https://ipho-unofficial.org/timeline/2005/individual
Physics,IPhO,2005,Daniel Müller,Switzerland,Honourable Mention,210,,https://ipho-unofficial.org/timeline/2005/individual
Physics,IPhO,2005,Veaceslav Abetkin,Moldova,Honourable Mention,211,,https://ipho-unofficial.org/timeline/2005/individual
Physics,IPhO,2005,Daniel Muñoz Alvarez,Colombia,Honourable Mention,212,,https://ipho-unofficial.org/timeline/2005/individual
Physics,IPhO,2005,Andria Agadjanov,Georgia,Honourable Mention,213,,https://ipho-unofficial.org/timeline/2005/individual
Physics,IPhO,2005,Andrius Štikonas,Lithuania,Honourable Mention,214,,https://ipho-unofficial.org/timeline/2005/individual
Physics,IPhO,2005,Thessa Fokkema,Netherlands,Honourable Mention,215,,https://ipho-unofficial.org/timeline/2005/individual
Physics,IPhO,2005,Matjaž Gomilšek,Slovenia,Honourable Mention,216,,https://ipho-unofficial.org/timeline/2005/individual
Physics,IPhO,2005,André Fernando de Castro da Silva,Brazil,Honourable Mention,217,,https://ipho-unofficial.org/timeline/2005/individual
Physics,IPhO,2005,Aram Kostanyan,Armenia,Honourable Mention,218,,https://ipho-unofficial.org/timeline/2005/individual
Physics,IPhO,2005,David Oehri,Liechtenstein,Honourable Mention,219,,https://ipho-unofficial.org/timeline/2005/individual
Physics,IPhO,2005,Javier Infante Bustelo,Spain,Honourable Mention,220,,https://ipho-unofficial.org/timeline/2005/individual
Physics,IPhO,2005,Kraen Vodder Nielsen,Denmark,Honourable Mention,221,,https://ipho-unofficial.org/timeline/2005/individual
Physics,IPhO,2005,Asar Hage-Ali,Germany,Honourable Mention,222,,https://ipho-unofficial.org/timeline/2005/individual
Physics,IPhO,2005,Uriel Alberto Diaz Reynoso,Mexico,Honourable Mention,223,,https://ipho-unofficial.org/timeline/2005/individual
Physics,IPhO,2005,Eriberto Antonio Roveri,Argentina,Honourable Mention,224,,https://ipho-unofficial.org/timeline/2005/individual
Physics,IPhO,2005,Goran Lazarevski,North Macedonia,Honourable Mention,225,,https://ipho-unofficial.org/timeline/2005/individual
Physics,IPhO,2005,Dmitri Derkach,Estonia,Honourable Mention,226,,https://ipho-unofficial.org/timeline/2005/individual
Physics,IPhO,2005,Georgi Gerganov,Bulgaria,Honourable Mention,227,,https://ipho-unofficial.org/timeline/2005/individual
Physics,IPhO,2005,Ton van den Bremer,Netherlands,Honourable Mention,228,,https://ipho-unofficial.org/timeline/2005/individual
Physics,IPhO,2005,Ady Abdelhaq,Ireland,Honourable Mention,229,,https://ipho-unofficial.org/timeline/2005/individual
Physics,IPhO,2005,Einar Búi Magnússon,Iceland,Honourable Mention,230,,https://ipho-unofficial.org/timeline/2005/individual
Physics,IPhO,2005,Ho Teck Hsien,Malaysia,Honourable Mention,231,,https://ipho-unofficial.org/timeline/2005/individual
Physics,IPhO,2006,Jonathan Pradana Mailoa,Indonesia,Gold,1,,https://ipho-unofficial.org/timeline/2006/individual
Physics,IPhO,2006,Yang Shuolong,People's Republic of China,Gold,2,,https://ipho-unofficial.org/timeline/2006/individual
Physics,IPhO,2006,Gábor Halász,Hungary,Gold,3,,https://ipho-unofficial.org/timeline/2006/individual
Physics,IPhO,2006,Wang Xingze,People's Republic of China,Gold,4,,https://ipho-unofficial.org/timeline/2006/individual
Physics,IPhO,2006,Menyoung Lee,United States of America,Gold,5,,https://ipho-unofficial.org/timeline/2006/individual
Physics,IPhO,2006,Zhu Li,People's Republic of China,Gold,6,,https://ipho-unofficial.org/timeline/2006/individual
Physics,IPhO,2006,Pangus Ho,Indonesia,Gold,7,,https://ipho-unofficial.org/timeline/2006/individual
Physics,IPhO,2006,Seong Min Kim,Republic of Korea,Gold,8,,https://ipho-unofficial.org/timeline/2006/individual
Physics,IPhO,2006,Boris Braverman,Canada,Gold,9,,https://ipho-unofficial.org/timeline/2006/individual
Physics,IPhO,2006,Byung Kun Lee,Republic of Korea,Gold,10,,https://ipho-unofficial.org/timeline/2006/individual
Physics,IPhO,2006,Chang Hsueh-Wen,Taiwan,Gold,11,,https://ipho-unofficial.org/timeline/2006/individual
Physics,IPhO,2006,Henry Tung,United States of America,Gold,12,,https://ipho-unofficial.org/timeline/2006/individual
Physics,IPhO,2006,William Throwe,United States of America,Gold,13,,https://ipho-unofficial.org/timeline/2006/individual
Physics,IPhO,2006,Zhang Hongkai,People's Republic of China,Gold,14,,https://ipho-unofficial.org/timeline/2006/individual
Physics,IPhO,2006,Tomasz Smolenski,Poland,Gold,15,,https://ipho-unofficial.org/timeline/2006/individual
Physics,IPhO,2006,Pei Dongfei,People's Republic of China,Gold,16,,https://ipho-unofficial.org/timeline/2006/individual
Physics,IPhO,2006,Min Gyu Kim,Republic of Korea,Gold,17,,https://ipho-unofficial.org/timeline/2006/individual
Physics,IPhO,2006,Wang Chun-Kai,Taiwan,Gold,18,,https://ipho-unofficial.org/timeline/2006/individual
Physics,IPhO,2006,Lin Yu-Wei,Taiwan,Gold,19,,https://ipho-unofficial.org/timeline/2006/individual
Physics,IPhO,2006,Erik Panzer,Germany,Gold,20,,https://ipho-unofficial.org/timeline/2006/individual
Physics,IPhO,2006,Irwan Ade Putra,Indonesia,Gold,21,,https://ipho-unofficial.org/timeline/2006/individual
Physics,IPhO,2006,Sergey Zorkin,Russia,Gold,22,,https://ipho-unofficial.org/timeline/2006/individual
Physics,IPhO,2006,Sung Soon Hwang,Republic of Korea,Gold,23,,https://ipho-unofficial.org/timeline/2006/individual
Physics,IPhO,2006,Low Guang How,Singapore,Gold,24,,https://ipho-unofficial.org/timeline/2006/individual
Physics,IPhO,2006,Tikekar Mehul,India,Gold,25,,https://ipho-unofficial.org/timeline/2006/individual
Physics,IPhO,2006,Caner Nazaroğlu,Türkiye,Gold,26,,https://ipho-unofficial.org/timeline/2006/individual
Physics,IPhO,2006,Azar Eyvazov,Azerbaijan,Gold,27,,https://ipho-unofficial.org/timeline/2006/individual
Physics,IPhO,2006,Ronnachai Jaroensri,Thailand,Gold,28,,https://ipho-unofficial.org/timeline/2006/individual
Physics,IPhO,2006,Andrei Anghel,Romania,Gold,29,,https://ipho-unofficial.org/timeline/2006/individual
Physics,IPhO,2006,Otis Chodosh,United States of America,Gold,30,,https://ipho-unofficial.org/timeline/2006/individual
Physics,IPhO,2006,Alexander Kiselev,Russia,Gold,31,,https://ipho-unofficial.org/timeline/2006/individual
Physics,IPhO,2006,Asoudegi Nima,Islamic Republic of Iran,Gold,32,,https://ipho-unofficial.org/timeline/2006/individual
Physics,IPhO,2006,Pavel Zorin-Kranich,Germany,Gold,33,,https://ipho-unofficial.org/timeline/2006/individual
Physics,IPhO,2006,Mahajan Raghu,India,Gold,34,,https://ipho-unofficial.org/timeline/2006/individual
Physics,IPhO,2006,Lin Fei,Canada,Gold,35,,https://ipho-unofficial.org/timeline/2006/individual
Physics,IPhO,2006,Andy Octavian Latief,Indonesia,Gold,36,,https://ipho-unofficial.org/timeline/2006/individual
Physics,IPhO,2006,Alexander Zhang,Australia,Gold,37,,https://ipho-unofficial.org/timeline/2006/individual
Physics,IPhO,2006,Suzanne Lanery,France,Silver,38,,https://ipho-unofficial.org/timeline/2006/individual
Physics,IPhO,2006,Yu Su-Peng,Taiwan,Silver,39,,https://ipho-unofficial.org/timeline/2006/individual
Physics,IPhO,2006,Christian Hofstadler,Austria,Silver,40,,https://ipho-unofficial.org/timeline/2006/individual
Physics,IPhO,2006,Sherry Gong,United States of America,Silver,41,,https://ipho-unofficial.org/timeline/2006/individual
Physics,IPhO,2006,Ahmet Demir,Türkiye,Silver,42,,https://ipho-unofficial.org/timeline/2006/individual
Physics,IPhO,2006,Ehsan Gholami,Islamic Republic of Iran,Silver,43,,https://ipho-unofficial.org/timeline/2006/individual
Physics,IPhO,2006,Marko Popovic,Croatia,Silver,44,,https://ipho-unofficial.org/timeline/2006/individual
Physics,IPhO,2006,Evgeny Boger,Russia,Silver,45,,https://ipho-unofficial.org/timeline/2006/individual
Physics,IPhO,2006,Marek Pechal,Czech Republic,Silver,46,,https://ipho-unofficial.org/timeline/2006/individual
Physics,IPhO,2006,Najmaddin Najafov,Azerbaijan,Silver,47,,https://ipho-unofficial.org/timeline/2006/individual
Physics,IPhO,2006,Gábor Kónya,Hungary,Silver,48,,https://ipho-unofficial.org/timeline/2006/individual
Physics,IPhO,2006,Chen Ming Xuan,Australia,Silver,49,,https://ipho-unofficial.org/timeline/2006/individual
Physics,IPhO,2006,So Kin Ming,Hong Kong,Silver,50,,https://ipho-unofficial.org/timeline/2006/individual
Physics,IPhO,2006,Leonid Pogorelyuk,Israel,Silver,51,,https://ipho-unofficial.org/timeline/2006/individual
Physics,IPhO,2006,Namiq Hasanov,Azerbaijan,Silver,52,,https://ipho-unofficial.org/timeline/2006/individual
Physics,IPhO,2006,Tavafoghi Jahromi Hamid Reza,Islamic Republic of Iran,Silver,53,,https://ipho-unofficial.org/timeline/2006/individual
Physics,IPhO,2006,Kasidit Toprasertpong,Thailand,Silver,54,,https://ipho-unofficial.org/timeline/2006/individual
Physics,IPhO,2006,Parviz Hajiyev,Azerbaijan,Silver,55,,https://ipho-unofficial.org/timeline/2006/individual
Physics,IPhO,2006,Hikita Tatsuyuki,Japan,Silver,56,,https://ipho-unofficial.org/timeline/2006/individual
Physics,IPhO,2006,Kohani Shahab,Islamic Republic of Iran,Silver,57,,https://ipho-unofficial.org/timeline/2006/individual
Physics,IPhO,2006,Bogdan Stoica,Romania,Silver,58,,https://ipho-unofficial.org/timeline/2006/individual
Physics,IPhO,2006,Gábor Széchenyi,Hungary,Silver,59,,https://ipho-unofficial.org/timeline/2006/individual
Physics,IPhO,2006,Muhammad Firmansyah Kasim,Indonesia,Silver,60,,https://ipho-unofficial.org/timeline/2006/individual
Physics,IPhO,2006,Georgi Gerganov,Bulgaria,Silver,61,,https://ipho-unofficial.org/timeline/2006/individual
Physics,IPhO,2006,Anton Popov,Russia,Silver,62,,https://ipho-unofficial.org/timeline/2006/individual
Physics,IPhO,2006,Bastian Hacker,Germany,Silver,63,,https://ipho-unofficial.org/timeline/2006/individual
Physics,IPhO,2006,Jakub Imriska,Slovakia,Silver,64,,https://ipho-unofficial.org/timeline/2006/individual
Physics,IPhO,2006,Eugeniu Vanovchi,Moldova,Silver,65,,https://ipho-unofficial.org/timeline/2006/individual
Physics,IPhO,2006,Jee Soo Yoo,Republic of Korea,Silver,66,,https://ipho-unofficial.org/timeline/2006/individual
Physics,IPhO,2006,Alexandru Turcu,Romania,Silver,67,,https://ipho-unofficial.org/timeline/2006/individual
Physics,IPhO,2006,Vladimir Bychkov,Kazakhstan,Silver,68,,https://ipho-unofficial.org/timeline/2006/individual
Physics,IPhO,2006,Seyed Mohammad Hassan Shapourian,Islamic Republic of Iran,Silver,69,,https://ipho-unofficial.org/timeline/2006/individual
Physics,IPhO,2006,Sarawis Sangtawesin,Thailand,Silver,70,,https://ipho-unofficial.org/timeline/2006/individual
Physics,IPhO,2006,Pavel Mostovykh,Russia,Silver,71,,https://ipho-unofficial.org/timeline/2006/individual
Physics,IPhO,2006,Balázs Meszéna,Hungary,Silver,72,,https://ipho-unofficial.org/timeline/2006/individual
Physics,IPhO,2006,Ng Kwong Hei,Hong Kong,Silver,73,,https://ipho-unofficial.org/timeline/2006/individual
Physics,IPhO,2006,Umnouy Ponsukcharoen,Thailand,Silver,74,,https://ipho-unofficial.org/timeline/2006/individual
Physics,IPhO,2006,Otgonbaatar Myagmar,Mongolia,Silver,75,,https://ipho-unofficial.org/timeline/2006/individual
Physics,IPhO,2006,Igor Kortchemski,France,Silver,76,,https://ipho-unofficial.org/timeline/2006/individual
Physics,IPhO,2006,Andriy Petrashyk,Ukraine,Silver,77,,https://ipho-unofficial.org/timeline/2006/individual
Physics,IPhO,2006,Chonpatin Phaiboonpalayoi,Thailand,Silver,78,,https://ipho-unofficial.org/timeline/2006/individual
Physics,IPhO,2006,Yaroslav Klymko,Ukraine,Silver,79,,https://ipho-unofficial.org/timeline/2006/individual
Physics,IPhO,2006,Itshac Batkilin,Israel,Silver,80,,https://ipho-unofficial.org/timeline/2006/individual
Physics,IPhO,2006,András Molnár,Hungary,Silver,81,,https://ipho-unofficial.org/timeline/2006/individual
Physics,IPhO,2006,Oleksandr Tomalak,Ukraine,Silver,82,,https://ipho-unofficial.org/timeline/2006/individual
Physics,IPhO,2006,Vitaliy Lykhachov,Ukraine,Silver,83,,https://ipho-unofficial.org/timeline/2006/individual
Physics,IPhO,2006,Đorđe Radičević,Serbia,Silver,84,,https://ipho-unofficial.org/timeline/2006/individual
Physics,IPhO,2006,Chan Ching King,Hong Kong,Silver,85,,https://ipho-unofficial.org/timeline/2006/individual
Physics,IPhO,2006,Lee Yirun Arthur,Singapore,Silver,86,,https://ipho-unofficial.org/timeline/2006/individual
Physics,IPhO,2006,Elnur Hajiyev,Azerbaijan,Bronze,87,,https://ipho-unofficial.org/timeline/2006/individual
Physics,IPhO,2006,Peter W. Ford,United Kingdom,Bronze,88,,https://ipho-unofficial.org/timeline/2006/individual
Physics,IPhO,2006,Thorsten Wahl,Germany,Bronze,89,,https://ipho-unofficial.org/timeline/2006/individual
Physics,IPhO,2006,Nguyen Dang Phuong,Vietnam,Bronze,90,,https://ipho-unofficial.org/timeline/2006/individual
Physics,IPhO,2006,Pavel Motloch,Czech Republic,Bronze,91,,https://ipho-unofficial.org/timeline/2006/individual
Physics,IPhO,2006,Cheng Justin,Singapore,Bronze,92,,https://ipho-unofficial.org/timeline/2006/individual
Physics,IPhO,2006,Yoshiki Tanaka,Japan,Bronze,93,,https://ipho-unofficial.org/timeline/2006/individual
Physics,IPhO,2006,Aliaksandr Zhuhrou,Belarus,Bronze,94,,https://ipho-unofficial.org/timeline/2006/individual
Physics,IPhO,2006,Hakan Ahmet Genç,Türkiye,Bronze,95,,https://ipho-unofficial.org/timeline/2006/individual
Physics,IPhO,2006,Harish Ravi,India,Bronze,96,,https://ipho-unofficial.org/timeline/2006/individual
Physics,IPhO,2006,Marco Peruzzi,Italy,Bronze,97,,https://ipho-unofficial.org/timeline/2006/individual
Physics,IPhO,2006,Sitaram Krithin,Singapore,Bronze,98,,https://ipho-unofficial.org/timeline/2006/individual
Physics,IPhO,2006,Po-Hao Huang,Taiwan,Bronze,99,,https://ipho-unofficial.org/timeline/2006/individual
Physics,IPhO,2006,Tanizaki Yuya,Japan,Bronze,100,,https://ipho-unofficial.org/timeline/2006/individual
Physics,IPhO,2006,Jonathan Rees,United Kingdom,Bronze,101,,https://ipho-unofficial.org/timeline/2006/individual
Physics,IPhO,2006,Pham Tuan Hiep,Vietnam,Bronze,102,,https://ipho-unofficial.org/timeline/2006/individual
Physics,IPhO,2006,Jha Divyanshu,India,Bronze,103,,https://ipho-unofficial.org/timeline/2006/individual
Physics,IPhO,2006,De Sousa Coelho Flavio,Portugal,Bronze,104,,https://ipho-unofficial.org/timeline/2006/individual
Physics,IPhO,2006,Tuomo Tanttu,Finland,Bronze,105,,https://ipho-unofficial.org/timeline/2006/individual
Physics,IPhO,2006,Patrick Kaifosh,Canada,Bronze,106,,https://ipho-unofficial.org/timeline/2006/individual
Physics,IPhO,2006,Iurii Nidaiev,Ukraine,Bronze,107,,https://ipho-unofficial.org/timeline/2006/individual
Physics,IPhO,2006,Tran Xuan Quy,Vietnam,Bronze,108,,https://ipho-unofficial.org/timeline/2006/individual
Physics,IPhO,2006,Ho Wen Wei,Singapore,Bronze,109,,https://ipho-unofficial.org/timeline/2006/individual
Physics,IPhO,2006,Radek Žlebčík,Czech Republic,Bronze,110,,https://ipho-unofficial.org/timeline/2006/individual
Physics,IPhO,2006,Yordan Madzhunkov,Bulgaria,Bronze,111,,https://ipho-unofficial.org/timeline/2006/individual
Physics,IPhO,2006,Mariano Marziali Bermúdez,Argentina,Bronze,112,,https://ipho-unofficial.org/timeline/2006/individual
Physics,IPhO,2006,Marcela Hrda,Slovakia,Bronze,113,,https://ipho-unofficial.org/timeline/2006/individual
Physics,IPhO,2006,Uladzimir Sakovich,Belarus,Bronze,114,,https://ipho-unofficial.org/timeline/2006/individual
Physics,IPhO,2006,Vladas Zaleskas,Lithuania,Bronze,115,,https://ipho-unofficial.org/timeline/2006/individual
Physics,IPhO,2006,Dzmitry Komar,Belarus,Bronze,116,,https://ipho-unofficial.org/timeline/2006/individual
Physics,IPhO,2006,Dzianis Kaliada,Belarus,Bronze,117,,https://ipho-unofficial.org/timeline/2006/individual
Physics,IPhO,2006,Alexandru Dafinca,Germany,Bronze,118,,https://ipho-unofficial.org/timeline/2006/individual
Physics,IPhO,2006,Arthur Stril,France,Bronze,119,,https://ipho-unofficial.org/timeline/2006/individual
Physics,IPhO,2006,Alexandru Bogdan Georgescu,Romania,Bronze,120,,https://ipho-unofficial.org/timeline/2006/individual
Physics,IPhO,2006,Jaakko Uusitalo,Finland,Bronze,121,,https://ipho-unofficial.org/timeline/2006/individual
Physics,IPhO,2006,Audrūnas Gruslys,Lithuania,Bronze,122,,https://ipho-unofficial.org/timeline/2006/individual
Physics,IPhO,2006,Gal Hochberg,Israel,Bronze,123,,https://ipho-unofficial.org/timeline/2006/individual
Physics,IPhO,2006,Ion Gabriel Mihăilescu,Romania,Bronze,124,,https://ipho-unofficial.org/timeline/2006/individual
Physics,IPhO,2006,Lee Tak Man Desmond,Hong Kong,Bronze,125,,https://ipho-unofficial.org/timeline/2006/individual
Physics,IPhO,2006,Ipsen Asger Cronberg,Denmark,Bronze,126,,https://ipho-unofficial.org/timeline/2006/individual
Physics,IPhO,2006,Rambhia Neha,India,Bronze,127,,https://ipho-unofficial.org/timeline/2006/individual
Physics,IPhO,2006,Albert Yin,Australia,Bronze,128,,https://ipho-unofficial.org/timeline/2006/individual
Physics,IPhO,2006,Liu Jinyang,United Kingdom,Bronze,129,,https://ipho-unofficial.org/timeline/2006/individual
Physics,IPhO,2006,Jordan Brell,Australia,Bronze,130,,https://ipho-unofficial.org/timeline/2006/individual
Physics,IPhO,2006,Piatecki Swann,France,Bronze,131,,https://ipho-unofficial.org/timeline/2006/individual
Physics,IPhO,2006,Andrea Petri,Italy,Bronze,132,,https://ipho-unofficial.org/timeline/2006/individual
Physics,IPhO,2006,Georgi Subashki,Bulgaria,Bronze,133,,https://ipho-unofficial.org/timeline/2006/individual
Physics,IPhO,2006,Paul Musegaas,Netherlands,Bronze,134,,https://ipho-unofficial.org/timeline/2006/individual
Physics,IPhO,2006,Nicola Pierazzo,Italy,Bronze,135,,https://ipho-unofficial.org/timeline/2006/individual
Physics,IPhO,2006,Otgonbaatar Uuganbayar,Mongolia,Bronze,136,,https://ipho-unofficial.org/timeline/2006/individual
Physics,IPhO,2006,Amir Shayari,Israel,Bronze,137,,https://ipho-unofficial.org/timeline/2006/individual
Physics,IPhO,2006,Petr Smital,Czech Republic,Bronze,138,,https://ipho-unofficial.org/timeline/2006/individual
Physics,IPhO,2006,Aleksandrov Veselin,Bulgaria,Bronze,139,,https://ipho-unofficial.org/timeline/2006/individual
Physics,IPhO,2006,Matija Vidmar,Slovenia,Bronze,140,,https://ipho-unofficial.org/timeline/2006/individual
Physics,IPhO,2006,Simon Lanthaler,Switzerland,Bronze,141,,https://ipho-unofficial.org/timeline/2006/individual
Physics,IPhO,2006,Rui Miguel Sousa Martins Soares Barbosa,Portugal,Bronze,142,,https://ipho-unofficial.org/timeline/2006/individual
Physics,IPhO,2006,Sultan Imenov,Kyrgyzstan,Bronze,143,,https://ipho-unofficial.org/timeline/2006/individual
Physics,IPhO,2006,Azat Sulaev,Kyrgyzstan,Bronze,144,,https://ipho-unofficial.org/timeline/2006/individual
Physics,IPhO,2006,Lucy Pfeifer,Australia,Bronze,145,,https://ipho-unofficial.org/timeline/2006/individual
Physics,IPhO,2006,Nozoe Takashi,Japan,Bronze,146,,https://ipho-unofficial.org/timeline/2006/individual
Physics,IPhO,2006,Andreas Nenning,Austria,Bronze,147,,https://ipho-unofficial.org/timeline/2006/individual
Physics,IPhO,2006,Raphael Faeber,Switzerland,Bronze,148,,https://ipho-unofficial.org/timeline/2006/individual
Physics,IPhO,2006,Carlo Vincienzo Dajac,Philippines,Bronze,149,,https://ipho-unofficial.org/timeline/2006/individual
Physics,IPhO,2006,Aram Kostanyan,Armenia,Bronze,150,,https://ipho-unofficial.org/timeline/2006/individual
Physics,IPhO,2006,Tomasz Badowski,Poland,Bronze,151,,https://ipho-unofficial.org/timeline/2006/individual
Physics,IPhO,2006,Alessandro Farace,Italy,Bronze,152,,https://ipho-unofficial.org/timeline/2006/individual
Physics,IPhO,2006,Pham Huu Thanh,Vietnam,Bronze,153,,https://ipho-unofficial.org/timeline/2006/individual
Physics,IPhO,2006,Yermek Kaipov,Kazakhstan,Bronze,154,,https://ipho-unofficial.org/timeline/2006/individual
Physics,IPhO,2006,Islam Hydyrov,Turkmenistan,Bronze,155,,https://ipho-unofficial.org/timeline/2006/individual
Physics,IPhO,2006,Stucki Kaspar,Switzerland,Bronze,156,,https://ipho-unofficial.org/timeline/2006/individual
Physics,IPhO,2006,Low Ching Hwa,Malaysia,Bronze,157,,https://ipho-unofficial.org/timeline/2006/individual
Physics,IPhO,2006,Dashdavaa Khureltulga,Mongolia,Bronze,158,,https://ipho-unofficial.org/timeline/2006/individual
Physics,IPhO,2006,Uros Delić,Serbia,Bronze,159,,https://ipho-unofficial.org/timeline/2006/individual
Physics,IPhO,2006,Kam Chon Fai,Macau,Bronze,160,,https://ipho-unofficial.org/timeline/2006/individual
Physics,IPhO,2006,Florian Kahn,France,Bronze,161,,https://ipho-unofficial.org/timeline/2006/individual
Physics,IPhO,2006,Juan Camilo Castillo Hernandez,Colombia,Bronze,162,,https://ipho-unofficial.org/timeline/2006/individual
Physics,IPhO,2006,Mekan Arazmedov,Turkmenistan,Bronze,163,,https://ipho-unofficial.org/timeline/2006/individual
Physics,IPhO,2006,Andrejs Sabanskis,Latvia,Bronze,164,,https://ipho-unofficial.org/timeline/2006/individual
Physics,IPhO,2006,Maarten Buffing,Netherlands,Bronze,165,,https://ipho-unofficial.org/timeline/2006/individual
Physics,IPhO,2006,Matthew Norris,United Kingdom,Bronze,166,,https://ipho-unofficial.org/timeline/2006/individual
Physics,IPhO,2006,Svilen Kanev,Bulgaria,Bronze,167,,https://ipho-unofficial.org/timeline/2006/individual
Physics,IPhO,2006,Michael Mackay,United Kingdom,Bronze,168,,https://ipho-unofficial.org/timeline/2006/individual
Physics,IPhO,2006,Aleksas Mazeliauskas,Lithuania,Honourable Mention,169,,https://ipho-unofficial.org/timeline/2006/individual
Physics,IPhO,2006,Yuto Murashita,Japan,Honourable Mention,170,,https://ipho-unofficial.org/timeline/2006/individual
Physics,IPhO,2006,Fahad Mahmood,Pakistan,Honourable Mention,171,,https://ipho-unofficial.org/timeline/2006/individual
Physics,IPhO,2006,Tushaj Ersilio,Albania,Honourable Mention,172,,https://ipho-unofficial.org/timeline/2006/individual
Physics,IPhO,2006,Michal Gawronski,Poland,Honourable Mention,173,,https://ipho-unofficial.org/timeline/2006/individual
Physics,IPhO,2006,Lukas Krasauskas,Lithuania,Honourable Mention,174,,https://ipho-unofficial.org/timeline/2006/individual
Physics,IPhO,2006,Melih Okan,Türkiye,Honourable Mention,175,,https://ipho-unofficial.org/timeline/2006/individual
Physics,IPhO,2006,Vasja Susič,Slovenia,Honourable Mention,176,,https://ipho-unofficial.org/timeline/2006/individual
Physics,IPhO,2006,Ramon Stucki,Switzerland,Honourable Mention,177,,https://ipho-unofficial.org/timeline/2006/individual
Physics,IPhO,2006,Wa Kit Wong,Hong Kong,Honourable Mention,178,,https://ipho-unofficial.org/timeline/2006/individual
Physics,IPhO,2006,Gļebs Ivanovskis,Latvia,Honourable Mention,179,,https://ipho-unofficial.org/timeline/2006/individual
Physics,IPhO,2006,József Konczer,Slovakia,Honourable Mention,180,,https://ipho-unofficial.org/timeline/2006/individual
Physics,IPhO,2006,Pavel Levchenko,Kazakhstan,Honourable Mention,181,,https://ipho-unofficial.org/timeline/2006/individual
Physics,IPhO,2006,Tomáš Bzdušek,Slovakia,Honourable Mention,182,,https://ipho-unofficial.org/timeline/2006/individual
Physics,IPhO,2006,Gašper Zadnik,Slovenia,Honourable Mention,183,,https://ipho-unofficial.org/timeline/2006/individual
Physics,IPhO,2006,Giorgio Busoni,Italy,Honourable Mention,184,,https://ipho-unofficial.org/timeline/2006/individual
Physics,IPhO,2006,Marcin Sobczyk,Poland,Honourable Mention,185,,https://ipho-unofficial.org/timeline/2006/individual
Physics,IPhO,2006,Peter Peresini,Slovakia,Honourable Mention,186,,https://ipho-unofficial.org/timeline/2006/individual
Physics,IPhO,2006,Visa Vesterinen,Finland,Honourable Mention,187,,https://ipho-unofficial.org/timeline/2006/individual
Physics,IPhO,2006,Marek Scholle,Czech Republic,Honourable Mention,188,,https://ipho-unofficial.org/timeline/2006/individual
Physics,IPhO,2006,Renato Reboulgas De Medeiros,Brazil,Honourable Mention,189,,https://ipho-unofficial.org/timeline/2006/individual
Physics,IPhO,2006,Andrius Štikonas,Lithuania,Honourable Mention,190,,https://ipho-unofficial.org/timeline/2006/individual
Physics,IPhO,2006,Simon Philipp Gritschacher,Austria,Honourable Mention,191,,https://ipho-unofficial.org/timeline/2006/individual
Physics,IPhO,2006,Matjaž Gomilšek,Slovenia,Honourable Mention,192,,https://ipho-unofficial.org/timeline/2006/individual
Physics,IPhO,2006,Karl Irwin,Ireland,Honourable Mention,193,,https://ipho-unofficial.org/timeline/2006/individual
Physics,IPhO,2006,Frisk Kockum Anton,Sweden,Honourable Mention,194,,https://ipho-unofficial.org/timeline/2006/individual
Physics,IPhO,2006,Goh Boon Chong,Malaysia,Honourable Mention,195,,https://ipho-unofficial.org/timeline/2006/individual
Physics,IPhO,2006,Pablo Nicolas Alcain,Argentina,Honourable Mention,196,,https://ipho-unofficial.org/timeline/2006/individual
Physics,IPhO,2006,Efthymios Karaiskos,Greece,Honourable Mention,197,,https://ipho-unofficial.org/timeline/2006/individual
Physics,IPhO,2006,Arman Margaryan,Armenia,Honourable Mention,198,,https://ipho-unofficial.org/timeline/2006/individual
Physics,IPhO,2006,Marko Pavlović,Serbia,Honourable Mention,199,,https://ipho-unofficial.org/timeline/2006/individual
Physics,IPhO,2006,Rasmus Normann Larsen,Denmark,Honourable Mention,200,,https://ipho-unofficial.org/timeline/2006/individual
Physics,IPhO,2006,Žiga Pavlin,Slovenia,Honourable Mention,201,,https://ipho-unofficial.org/timeline/2006/individual
Physics,IPhO,2006,Andrei Polaz,Belarus,Honourable Mention,202,,https://ipho-unofficial.org/timeline/2006/individual
Physics,IPhO,2006,Devin Trudeau,Canada,Honourable Mention,203,,https://ipho-unofficial.org/timeline/2006/individual
Physics,IPhO,2006,Jasper Van Abswoude,Netherlands,Honourable Mention,204,,https://ipho-unofficial.org/timeline/2006/individual
Physics,IPhO,2006,Iñigo Barbed Martín,Spain,Honourable Mention,205,,https://ipho-unofficial.org/timeline/2006/individual
Physics,IPhO,2006,Markus Legner,Austria,Honourable Mention,206,,https://ipho-unofficial.org/timeline/2006/individual
Physics,IPhO,2006,Eugeniu Plamadeala,Moldova,Honourable Mention,207,,https://ipho-unofficial.org/timeline/2006/individual
Physics,IPhO,2006,Tharidu Bandaragoda,Sri Lanka,Honourable Mention,208,,https://ipho-unofficial.org/timeline/2006/individual
Physics,IPhO,2006,Esteban Agustin Ghioldi,Argentina,Honourable Mention,209,,https://ipho-unofficial.org/timeline/2006/individual
Physics,IPhO,2006,Neil John Ortega,Philippines,Honourable Mention,210,,https://ipho-unofficial.org/timeline/2006/individual
Physics,IPhO,2006,Andria Esakia,Georgia,Honourable Mention,211,,https://ipho-unofficial.org/timeline/2006/individual
Physics,IPhO,2006,Erez Timnat,Israel,Honourable Mention,212,,https://ipho-unofficial.org/timeline/2006/individual
Physics,IPhO,2006,Arkadiusz Trawinski,Poland,Honourable Mention,213,,https://ipho-unofficial.org/timeline/2006/individual
Physics,IPhO,2006,Aleksei Vlassov,Estonia,Honourable Mention,214,,https://ipho-unofficial.org/timeline/2006/individual
Physics,IPhO,2006,Marinos Efthymiou,Cyprus,Honourable Mention,215,,https://ipho-unofficial.org/timeline/2006/individual
Physics,IPhO,2006,Maksim Stepanenko,Kyrgyzstan,Honourable Mention,216,,https://ipho-unofficial.org/timeline/2006/individual
Physics,IPhO,2006,Mihkel Heidelberg,Estonia,Honourable Mention,217,,https://ipho-unofficial.org/timeline/2006/individual
Physics,IPhO,2006,Alaj Ilirjan,Albania,Honourable Mention,218,,https://ipho-unofficial.org/timeline/2006/individual
Physics,IPhO,2006,Fernando Wellysson de Alencar Sobreira,Brazil,Honourable Mention,219,,https://ipho-unofficial.org/timeline/2006/individual
Physics,IPhO,2006,Mikael Kuusela,Finland,Honourable Mention,220,,https://ipho-unofficial.org/timeline/2006/individual
Physics,IPhO,2006,Mihhail Verhovtsov,Estonia,Honourable Mention,221,,https://ipho-unofficial.org/timeline/2006/individual
Physics,IPhO,2006,Jaan Katus,Estonia,Honourable Mention,222,,https://ipho-unofficial.org/timeline/2006/individual
Physics,IPhO,2006,Holger Haas,Estonia,Honourable Mention,223,,https://ipho-unofficial.org/timeline/2006/individual
Physics,IPhO,2006,Admir Greljo,Bosnia and Herzegovina,Honourable Mention,224,,https://ipho-unofficial.org/timeline/2006/individual
Physics,IPhO,2006,Geir Bogfjellmo,Norway,Honourable Mention,225,,https://ipho-unofficial.org/timeline/2006/individual
Physics,IPhO,2006,Jorge Armando Rehn Casierra,Brazil,Honourable Mention,226,,https://ipho-unofficial.org/timeline/2006/individual
Physics,IPhO,2006,Christian Rakusch,Austria,Honourable Mention,227,,https://ipho-unofficial.org/timeline/2006/individual
Physics,IPhO,2006,Khoo Kent Loong,Malaysia,Honourable Mention,228,,https://ipho-unofficial.org/timeline/2006/individual
Physics,IPhO,2006,Charlene Bong Yin Siet,Brunei,Honourable Mention,229,,https://ipho-unofficial.org/timeline/2006/individual
Physics,IPhO,2006,Miguel Guimerans Medraqo,Spain,Honourable Mention,230,,https://ipho-unofficial.org/timeline/2006/individual
Physics,IPhO,2006,Paul Masset,Belgium,Honourable Mention,231,,https://ipho-unofficial.org/timeline/2006/individual
Physics,IPhO,2006,Clare O'Driscoll,Ireland,Honourable Mention,232,,https://ipho-unofficial.org/timeline/2006/individual
Physics,IPhO,2006,Igor Burovenco,Moldova,Honourable Mention,233,,https://ipho-unofficial.org/timeline/2006/individual
Physics,IPhO,2006,Mathias Helsen,Belgium,Honourable Mention,234,,https://ipho-unofficial.org/timeline/2006/individual
Physics,IPhO,2006,Vahe Tshitoyan,Armenia,Honourable Mention,235,,https://ipho-unofficial.org/timeline/2006/individual
Physics,IPhO,2006,Oliver Poma,Bolivia,Honourable Mention,236,,https://ipho-unofficial.org/timeline/2006/individual
Physics,IPhO,2006,Robin Zenlander,Sweden,Honourable Mention,237,,https://ipho-unofficial.org/timeline/2006/individual
Physics,IPhO,2006,Ioannis Ntagkas,Greece,Honourable Mention,238,,https://ipho-unofficial.org/timeline/2006/individual
Physics,IPhO,2006,Andri Felipe De Franga,Portugal,Honourable Mention,239,,https://ipho-unofficial.org/timeline/2006/individual
Physics,IPhO,2006,Freyr Saevarsson,Iceland,Honourable Mention,240,,https://ipho-unofficial.org/timeline/2006/individual
Physics,IPhO,2006,Wan Chap Wong,Macau,Honourable Mention,241,,https://ipho-unofficial.org/timeline/2006/individual
Physics,IPhO,2006,Martin Andreasson,Sweden,Honourable Mention,242,,https://ipho-unofficial.org/timeline/2006/individual
Physics,IPhO,2006,Burgoa Alvaro Gonzalez De Buitrago,Spain,Honourable Mention,243,,https://ipho-unofficial.org/timeline/2006/individual
Physics,IPhO,2006,Guntars Kitenbergs,Latvia,Honourable Mention,244,,https://ipho-unofficial.org/timeline/2006/individual
Physics,IPhO,2006,Anastasia Solea,Cyprus,Honourable Mention,245,,https://ipho-unofficial.org/timeline/2006/individual
Physics,IPhO,2006,Sok Seiha Muy,Cambodia,Honourable Mention,246,,https://ipho-unofficial.org/timeline/2006/individual
Physics,IPhO,2006,Belemir Çoban,Türkiye,Honourable Mention,247,,https://ipho-unofficial.org/timeline/2006/individual
Physics,IPhO,2006,Gaspar Francisco Fernandez De Asis,Spain,Honourable Mention,248,,https://ipho-unofficial.org/timeline/2006/individual
Physics,IPhO,2006,Mikkel Plagborg-Møller,Denmark,Honourable Mention,249,,https://ipho-unofficial.org/timeline/2006/individual
Physics,IPhO,2006,Nayeli Rodriguez,Mexico,Honourable Mention,250,,https://ipho-unofficial.org/timeline/2006/individual
Physics,IPhO,2007,Youngjoon Choi,Republic of Korea,Gold,1,,https://ipho-unofficial.org/timeline/2007/individual
Physics,IPhO,2007,Xingyue Peng,People's Republic of China,Gold,2,,https://ipho-unofficial.org/timeline/2007/individual
Physics,IPhO,2007,Tony (Han) Zhu,Canada,Gold,3,,https://ipho-unofficial.org/timeline/2007/individual
Physics,IPhO,2007,Jiazhong Hu,People's Republic of China,Gold,4,,https://ipho-unofficial.org/timeline/2007/individual
Physics,IPhO,2007,Dmitry Mylnikov,Russia,Gold,5,,https://ipho-unofficial.org/timeline/2007/individual
Physics,IPhO,2007,Satoru Takakura,Japan,Gold,6,,https://ipho-unofficial.org/timeline/2007/individual
Physics,IPhO,2007,Tomáš Bzdušek,Slovakia,Gold,7,,https://ipho-unofficial.org/timeline/2007/individual
Physics,IPhO,2007,Hyung Jun Kim,Republic of Korea,Gold,8,,https://ipho-unofficial.org/timeline/2007/individual
Physics,IPhO,2007,Nguyen Tat Nghia,Vietnam,Gold,9,,https://ipho-unofficial.org/timeline/2007/individual
Physics,IPhO,2007,Kseniya Solovyeva,Russia,Gold,10,,https://ipho-unofficial.org/timeline/2007/individual
Physics,IPhO,2007,Li Haoyi,Singapore,Gold,11,,https://ipho-unofficial.org/timeline/2007/individual
Physics,IPhO,2007,Andrey Kotov,Russia,Gold,12,,https://ipho-unofficial.org/timeline/2007/individual
Physics,IPhO,2007,Yuto Murashita,Japan,Gold,13,,https://ipho-unofficial.org/timeline/2007/individual
Physics,IPhO,2007,Peter W. Ford,United Kingdom,Gold,14,,https://ipho-unofficial.org/timeline/2007/individual
Physics,IPhO,2007,Muhammad Firmansyah Kasim,Indonesia,Gold,15,,https://ipho-unofficial.org/timeline/2007/individual
Physics,IPhO,2007,Bingxi Qian,People's Republic of China,Gold,16,,https://ipho-unofficial.org/timeline/2007/individual
Physics,IPhO,2007,Rohit Singh,India,Gold,17,,https://ipho-unofficial.org/timeline/2007/individual
Physics,IPhO,2007,Chien-Chang Chen,Taiwan,Gold,18,,https://ipho-unofficial.org/timeline/2007/individual
Physics,IPhO,2007,Mohammad Hallajian,Islamic Republic of Iran,Gold,19,,https://ipho-unofficial.org/timeline/2007/individual
Physics,IPhO,2007,Raman M. Sharma,India,Gold,20,,https://ipho-unofficial.org/timeline/2007/individual
Physics,IPhO,2007,Pavel Motloch,Czech Republic,Gold,21,,https://ipho-unofficial.org/timeline/2007/individual
Physics,IPhO,2007,Chaoming Jian,People's Republic of China,Gold,22,,https://ipho-unofficial.org/timeline/2007/individual
Physics,IPhO,2007,Đorđe Radičević,Serbia,Gold,23,,https://ipho-unofficial.org/timeline/2007/individual
Physics,IPhO,2007,Kasidit Toprasertpong,Thailand,Gold,24,,https://ipho-unofficial.org/timeline/2007/individual
Physics,IPhO,2007,Onur Örnek,Türkiye,Gold,25,,https://ipho-unofficial.org/timeline/2007/individual
Physics,IPhO,2007,Mohammad Mehdi Asefzadeh,Islamic Republic of Iran,Gold,26,,https://ipho-unofficial.org/timeline/2007/individual
Physics,IPhO,2007,Dalimil Mazáč,Czech Republic,Gold,27,,https://ipho-unofficial.org/timeline/2007/individual
Physics,IPhO,2007,Haofei Wei,United States of America,Gold,28,,https://ipho-unofficial.org/timeline/2007/individual
Physics,IPhO,2007,Gábor Kónya,Hungary,Gold,29,,https://ipho-unofficial.org/timeline/2007/individual
Physics,IPhO,2007,Jason R. LaRue,United States of America,Gold,30,,https://ipho-unofficial.org/timeline/2007/individual
Physics,IPhO,2007,Maksym Manakov,Ukraine,Gold,31,,https://ipho-unofficial.org/timeline/2007/individual
Physics,IPhO,2007,Dmytro Agarkov,Ukraine,Gold,32,,https://ipho-unofficial.org/timeline/2007/individual
Physics,IPhO,2007,Shao Qi Daniel Sim,Singapore,Gold,33,,https://ipho-unofficial.org/timeline/2007/individual
Physics,IPhO,2007,Bruno Le Floch,France,Gold,34,,https://ipho-unofficial.org/timeline/2007/individual
Physics,IPhO,2007,Maksim V. Sevelev,Belarus,Gold,35,,https://ipho-unofficial.org/timeline/2007/individual
Physics,IPhO,2007,Duc Thang Bui,Vietnam,Gold,36,,https://ipho-unofficial.org/timeline/2007/individual
Physics,IPhO,2007,Lin Fei,Canada,Gold,37,,https://ipho-unofficial.org/timeline/2007/individual
Physics,IPhO,2007,Seung Hyuck Jeon,Republic of Korea,Silver,38,,https://ipho-unofficial.org/timeline/2007/individual
Physics,IPhO,2007,Balázs Meszéna,Hungary,Silver,39,,https://ipho-unofficial.org/timeline/2007/individual
Physics,IPhO,2007,Praphruetpong Athiwaratkun,Thailand,Silver,40,,https://ipho-unofficial.org/timeline/2007/individual
Physics,IPhO,2007,Yaroslav Beltyukov,Russia,Silver,41,,https://ipho-unofficial.org/timeline/2007/individual
Physics,IPhO,2007,Bartłomiej Kaminski,Poland,Silver,42,,https://ipho-unofficial.org/timeline/2007/individual
Physics,IPhO,2007,Guilhem Boeris,France,Silver,43,,https://ipho-unofficial.org/timeline/2007/individual
Physics,IPhO,2007,Vladimír Boža,Slovakia,Silver,44,,https://ipho-unofficial.org/timeline/2007/individual
Physics,IPhO,2007,Thomas W. Hiscock,United Kingdom,Silver,45,,https://ipho-unofficial.org/timeline/2007/individual
Physics,IPhO,2007,Rudy Handoko Tanin,Indonesia,Silver,46,,https://ipho-unofficial.org/timeline/2007/individual
Physics,IPhO,2007,Erich W. Eckner,Germany,Silver,47,,https://ipho-unofficial.org/timeline/2007/individual
Physics,IPhO,2007,Harsh H. Pareek,India,Silver,48,,https://ipho-unofficial.org/timeline/2007/individual
Physics,IPhO,2007,Miklós Werner,Hungary,Silver,49,,https://ipho-unofficial.org/timeline/2007/individual
Physics,IPhO,2007,Cristina Georgeta Popa,Romania,Silver,50,,https://ipho-unofficial.org/timeline/2007/individual
Physics,IPhO,2007,Aliaksandr A. Hlymbotski,Belarus,Silver,51,,https://ipho-unofficial.org/timeline/2007/individual
Physics,IPhO,2007,Yusuke Morita,Japan,Silver,52,,https://ipho-unofficial.org/timeline/2007/individual
Physics,IPhO,2007,Peter P. Petrov,Bulgaria,Silver,53,,https://ipho-unofficial.org/timeline/2007/individual
Physics,IPhO,2007,Johannes B. Hofmann,Germany,Silver,54,,https://ipho-unofficial.org/timeline/2007/individual
Physics,IPhO,2007,Maxime Gerardin,France,Silver,55,,https://ipho-unofficial.org/timeline/2007/individual
Physics,IPhO,2007,Ilia Smilga,France,Silver,56,,https://ipho-unofficial.org/timeline/2007/individual
Physics,IPhO,2007,Musawwadah Mukhtar,Indonesia,Silver,57,,https://ipho-unofficial.org/timeline/2007/individual
Physics,IPhO,2007,Amin Rezaeezadeh,Islamic Republic of Iran,Silver,58,,https://ipho-unofficial.org/timeline/2007/individual
Physics,IPhO,2007,Jakub Benda,Czech Republic,Silver,59,,https://ipho-unofficial.org/timeline/2007/individual
Physics,IPhO,2007,Jenny L. Kwan,United States of America,Silver,60,,https://ipho-unofficial.org/timeline/2007/individual
Physics,IPhO,2007,Aoxi Li,People's Republic of China,Silver,61,,https://ipho-unofficial.org/timeline/2007/individual
Physics,IPhO,2007,Kento Masuda,Japan,Silver,62,,https://ipho-unofficial.org/timeline/2007/individual
Physics,IPhO,2007,Chanon Ariyaprakai,Thailand,Silver,63,,https://ipho-unofficial.org/timeline/2007/individual
Physics,IPhO,2007,Yerbol Y. Bekbayev,Kazakhstan,Silver,64,,https://ipho-unofficial.org/timeline/2007/individual
Physics,IPhO,2007,Tobias Holder,Germany,Silver,65,,https://ipho-unofficial.org/timeline/2007/individual
Physics,IPhO,2007,Kang-Yun Yang,Taiwan,Silver,66,,https://ipho-unofficial.org/timeline/2007/individual
Physics,IPhO,2007,Yak Xin Yang,Singapore,Silver,67,,https://ipho-unofficial.org/timeline/2007/individual
Physics,IPhO,2007,Hahn Sol Bae,Republic of Korea,Silver,68,,https://ipho-unofficial.org/timeline/2007/individual
Physics,IPhO,2007,Pratyush S. Pandey,India,Silver,69,,https://ipho-unofficial.org/timeline/2007/individual
Physics,IPhO,2007,Kenan S. Diab,United States of America,Silver,70,,https://ipho-unofficial.org/timeline/2007/individual
Physics,IPhO,2007,Byung Min Kang,Republic of Korea,Silver,71,,https://ipho-unofficial.org/timeline/2007/individual
Physics,IPhO,2007,Ilja Göthel,Germany,Silver,72,,https://ipho-unofficial.org/timeline/2007/individual
Physics,IPhO,2007,Svilen Kanev,Bulgaria,Silver,73,,https://ipho-unofficial.org/timeline/2007/individual
Physics,IPhO,2007,Mohammad Ali Emami Khansari,Islamic Republic of Iran,Silver,74,,https://ipho-unofficial.org/timeline/2007/individual
Physics,IPhO,2007,Bastian Hacker,Germany,Silver,75,,https://ipho-unofficial.org/timeline/2007/individual
Physics,IPhO,2007,Thanh Tung Mai,Vietnam,Silver,76,,https://ipho-unofficial.org/timeline/2007/individual
Physics,IPhO,2007,Yosua Michael Maranatha,Indonesia,Silver,77,,https://ipho-unofficial.org/timeline/2007/individual
Physics,IPhO,2007,Rui Hu,United States of America,Silver,78,,https://ipho-unofficial.org/timeline/2007/individual
Physics,IPhO,2007,Maksim Stepanenko,Kyrgyzstan,Silver,79,,https://ipho-unofficial.org/timeline/2007/individual
Physics,IPhO,2007,Do Hoang Anh,Vietnam,Silver,80,,https://ipho-unofficial.org/timeline/2007/individual
Physics,IPhO,2007,Chang-Chi Wu,Taiwan,Silver,81,,https://ipho-unofficial.org/timeline/2007/individual
Physics,IPhO,2007,Georgel Bogdan Alexandru,Romania,Silver,82,,https://ipho-unofficial.org/timeline/2007/individual
Physics,IPhO,2007,Wai Tat Ho,Hong Kong,Silver,83,,https://ipho-unofficial.org/timeline/2007/individual
Physics,IPhO,2007,Yue Hang Leung,Hong Kong,Bronze,84,,https://ipho-unofficial.org/timeline/2007/individual
Physics,IPhO,2007,Wai Yeung Lam,Hong Kong,Bronze,85,,https://ipho-unofficial.org/timeline/2007/individual
Physics,IPhO,2007,Voravit Vorapipat,Thailand,Bronze,86,,https://ipho-unofficial.org/timeline/2007/individual
Physics,IPhO,2007,Markus Legner,Austria,Bronze,87,,https://ipho-unofficial.org/timeline/2007/individual
Physics,IPhO,2007,Po-Hao Huang,Taiwan,Bronze,88,,https://ipho-unofficial.org/timeline/2007/individual
Physics,IPhO,2007,Samuel Hapák,Slovakia,Bronze,89,,https://ipho-unofficial.org/timeline/2007/individual
Physics,IPhO,2007,Gábor Almási,Hungary,Bronze,90,,https://ipho-unofficial.org/timeline/2007/individual
Physics,IPhO,2007,Pavlo Bulanchuk,Ukraine,Bronze,91,,https://ipho-unofficial.org/timeline/2007/individual
Physics,IPhO,2007,Khoo Kent Loong,Malaysia,Bronze,92,,https://ipho-unofficial.org/timeline/2007/individual
Physics,IPhO,2007,Martin Farlotti,France,Bronze,93,,https://ipho-unofficial.org/timeline/2007/individual
Physics,IPhO,2007,Pavel M. Hulevich,Belarus,Bronze,94,,https://ipho-unofficial.org/timeline/2007/individual
Physics,IPhO,2007,József Konczer,Slovakia,Bronze,95,,https://ipho-unofficial.org/timeline/2007/individual
Physics,IPhO,2007,Vladimir Vanovschi,Moldova,Bronze,96,,https://ipho-unofficial.org/timeline/2007/individual
Physics,IPhO,2007,Gurbangeldi Hudayberdiyev,Turkmenistan,Bronze,97,,https://ipho-unofficial.org/timeline/2007/individual
Physics,IPhO,2007,Cheng-Ju Lin,Taiwan,Bronze,98,,https://ipho-unofficial.org/timeline/2007/individual
Physics,IPhO,2007,David Halim,Indonesia,Bronze,99,,https://ipho-unofficial.org/timeline/2007/individual
Physics,IPhO,2007,Vitali A. Liauchuk,Belarus,Bronze,100,,https://ipho-unofficial.org/timeline/2007/individual
Physics,IPhO,2007,Namiq Hasanov,Azerbaijan,Bronze,101,,https://ipho-unofficial.org/timeline/2007/individual
Physics,IPhO,2007,Tze Ho Tang,Hong Kong,Bronze,102,,https://ipho-unofficial.org/timeline/2007/individual
Physics,IPhO,2007,Nicolò Grilli,Italy,Bronze,103,,https://ipho-unofficial.org/timeline/2007/individual
Physics,IPhO,2007,Tsang Keung Chan,Hong Kong,Bronze,104,,https://ipho-unofficial.org/timeline/2007/individual
Physics,IPhO,2007,Stefan Krastanov,Bulgaria,Bronze,105,,https://ipho-unofficial.org/timeline/2007/individual
Physics,IPhO,2007,Ali-Reza Shahbaazi,Islamic Republic of Iran,Bronze,106,,https://ipho-unofficial.org/timeline/2007/individual
Physics,IPhO,2007,Andrei I. Malinouski,Belarus,Bronze,107,,https://ipho-unofficial.org/timeline/2007/individual
Physics,IPhO,2007,Goulong Li,Belgium,Bronze,108,,https://ipho-unofficial.org/timeline/2007/individual
Physics,IPhO,2007,Kyrylo Bondarenko,Ukraine,Bronze,109,,https://ipho-unofficial.org/timeline/2007/individual
Physics,IPhO,2007,Mingliang Zhou,United Kingdom,Bronze,110,,https://ipho-unofficial.org/timeline/2007/individual
Physics,IPhO,2007,Marek Scholle,Czech Republic,Bronze,111,,https://ipho-unofficial.org/timeline/2007/individual
Physics,IPhO,2007,Daiki Nishiguchi,Japan,Bronze,112,,https://ipho-unofficial.org/timeline/2007/individual
Physics,IPhO,2007,Alexandru Bogdan Georgescu,Romania,Bronze,113,,https://ipho-unofficial.org/timeline/2007/individual
Physics,IPhO,2007,Polnop Samutpraphoot,Thailand,Bronze,114,,https://ipho-unofficial.org/timeline/2007/individual
Physics,IPhO,2007,Stanislav Zavjalov,Estonia,Bronze,115,,https://ipho-unofficial.org/timeline/2007/individual
Physics,IPhO,2007,Jingyuan (Linda) Zhang,Canada,Bronze,116,,https://ipho-unofficial.org/timeline/2007/individual
Physics,IPhO,2007,Belemir Çoban,Türkiye,Bronze,117,,https://ipho-unofficial.org/timeline/2007/individual
Physics,IPhO,2007,Žilvinas Rimas,Lithuania,Bronze,118,,https://ipho-unofficial.org/timeline/2007/individual
Physics,IPhO,2007,Mattia C. Sormani,Italy,Bronze,119,,https://ipho-unofficial.org/timeline/2007/individual
Physics,IPhO,2007,Simon R. M. Wright,Ireland,Bronze,120,,https://ipho-unofficial.org/timeline/2007/individual
Physics,IPhO,2007,Thomas F. Lima,Brazil,Bronze,121,,https://ipho-unofficial.org/timeline/2007/individual
Physics,IPhO,2007,Lukáš Ledvina,Czech Republic,Bronze,122,,https://ipho-unofficial.org/timeline/2007/individual
Physics,IPhO,2007,Yifan Wang,Canada,Bronze,123,,https://ipho-unofficial.org/timeline/2007/individual
Physics,IPhO,2007,Wan Jen Cheryl Quah,Singapore,Bronze,124,,https://ipho-unofficial.org/timeline/2007/individual
Physics,IPhO,2007,Mārtiņš Purins,Latvia,Bronze,125,,https://ipho-unofficial.org/timeline/2007/individual
Physics,IPhO,2007,Yiu Wah Daniel Lo,Singapore,Bronze,126,,https://ipho-unofficial.org/timeline/2007/individual
Physics,IPhO,2007,Arsen Mamikonyan,Armenia,Bronze,127,,https://ipho-unofficial.org/timeline/2007/individual
Physics,IPhO,2007,Lénárd Szolnoki,Hungary,Bronze,128,,https://ipho-unofficial.org/timeline/2007/individual
Physics,IPhO,2007,Gļebs Ivanovskis,Latvia,Bronze,129,,https://ipho-unofficial.org/timeline/2007/individual
Physics,IPhO,2007,Parviz Hajiyev,Azerbaijan,Bronze,130,,https://ipho-unofficial.org/timeline/2007/individual
Physics,IPhO,2007,Paul H. J. McElhinney,Ireland,Bronze,131,,https://ipho-unofficial.org/timeline/2007/individual
Physics,IPhO,2007,Oles' Shtan'ko,Ukraine,Bronze,132,,https://ipho-unofficial.org/timeline/2007/individual
Physics,IPhO,2007,Victor Popescu Stroe,Romania,Bronze,133,,https://ipho-unofficial.org/timeline/2007/individual
Physics,IPhO,2007,Stefan Sanduleanu,Moldova,Bronze,134,,https://ipho-unofficial.org/timeline/2007/individual
Physics,IPhO,2007,Sergey Efimov,Russia,Honourable Mention,135,,https://ipho-unofficial.org/timeline/2007/individual
Physics,IPhO,2007,Edvin Memet,Romania,Honourable Mention,136,,https://ipho-unofficial.org/timeline/2007/individual
Physics,IPhO,2007,Gavrail T. Tatarliev,Bulgaria,Honourable Mention,137,,https://ipho-unofficial.org/timeline/2007/individual
Physics,IPhO,2007,Denis Nardin,Italy,Honourable Mention,138,,https://ipho-unofficial.org/timeline/2007/individual
Physics,IPhO,2007,Vivek U. C. Lohani,India,Honourable Mention,139,,https://ipho-unofficial.org/timeline/2007/individual
Physics,IPhO,2007,Admir Greljo,Bosnia and Herzegovina,Honourable Mention,140,,https://ipho-unofficial.org/timeline/2007/individual
Physics,IPhO,2007,Jakub M. Sikorowski,Poland,Honourable Mention,141,,https://ipho-unofficial.org/timeline/2007/individual
Physics,IPhO,2007,Zeeshan Javed,Pakistan,Honourable Mention,142,,https://ipho-unofficial.org/timeline/2007/individual
Physics,IPhO,2007,Jure Ausec,Slovenia,Honourable Mention,143,,https://ipho-unofficial.org/timeline/2007/individual
Physics,IPhO,2007,Yvette Welling,Netherlands,Honourable Mention,144,,https://ipho-unofficial.org/timeline/2007/individual
Physics,IPhO,2007,Ngoc Hung Nguyen,Vietnam,Honourable Mention,145,,https://ipho-unofficial.org/timeline/2007/individual
Physics,IPhO,2007,Rogier Huurman,Netherlands,Honourable Mention,146,,https://ipho-unofficial.org/timeline/2007/individual
Physics,IPhO,2007,Marcel Scholten,Netherlands,Honourable Mention,147,,https://ipho-unofficial.org/timeline/2007/individual
Physics,IPhO,2007,Pawel Tomasik,Poland,Honourable Mention,148,,https://ipho-unofficial.org/timeline/2007/individual
Physics,IPhO,2007,Devanand Sukhdeo,Canada,Honourable Mention,149,,https://ipho-unofficial.org/timeline/2007/individual
Physics,IPhO,2007,Aleksas Mazeliauskas,Lithuania,Honourable Mention,150,,https://ipho-unofficial.org/timeline/2007/individual
Physics,IPhO,2007,Otgonbaatar Uuganbayar,Mongolia,Honourable Mention,151,,https://ipho-unofficial.org/timeline/2007/individual
Physics,IPhO,2007,Cavan Chiam Choon Hao,Malaysia,Honourable Mention,152,,https://ipho-unofficial.org/timeline/2007/individual
Physics,IPhO,2007,Michal Kovaľ,Slovakia,Honourable Mention,153,,https://ipho-unofficial.org/timeline/2007/individual
Physics,IPhO,2007,Doycho P. Karagyozov,Bulgaria,Honourable Mention,154,,https://ipho-unofficial.org/timeline/2007/individual
Physics,IPhO,2007,Guntars Kitenbergs,Latvia,Honourable Mention,155,,https://ipho-unofficial.org/timeline/2007/individual
Physics,IPhO,2007,Andria Esakia,Georgia,Honourable Mention,156,,https://ipho-unofficial.org/timeline/2007/individual
Physics,IPhO,2007,Vladan Pavlović,Serbia,Honourable Mention,157,,https://ipho-unofficial.org/timeline/2007/individual
Physics,IPhO,2007,Tómas Pálsson,Iceland,Honourable Mention,158,,https://ipho-unofficial.org/timeline/2007/individual
Physics,IPhO,2007,Vitalii Abetkin,Moldova,Honourable Mention,159,,https://ipho-unofficial.org/timeline/2007/individual
Physics,IPhO,2007,Gaspar Francisco Fernandez De Asis,Spain,Honourable Mention,160,,https://ipho-unofficial.org/timeline/2007/individual
Physics,IPhO,2007,Pawel Duch,Poland,Honourable Mention,161,,https://ipho-unofficial.org/timeline/2007/individual
Physics,IPhO,2007,Emanuele Sobacchi,Italy,Honourable Mention,162,,https://ipho-unofficial.org/timeline/2007/individual
Physics,IPhO,2007,Nikola Otašević,Serbia,Honourable Mention,163,,https://ipho-unofficial.org/timeline/2007/individual
Physics,IPhO,2007,Stefano Bolzonella,Italy,Honourable Mention,164,,https://ipho-unofficial.org/timeline/2007/individual
Physics,IPhO,2007,Hakan Atakişi,Türkiye,Honourable Mention,165,,https://ipho-unofficial.org/timeline/2007/individual
Physics,IPhO,2007,Arūnas Radzvilavičius,Lithuania,Honourable Mention,166,,https://ipho-unofficial.org/timeline/2007/individual
Physics,IPhO,2007,Gediminas Pekšys,Lithuania,Honourable Mention,167,,https://ipho-unofficial.org/timeline/2007/individual
Physics,IPhO,2007,Timotej Lazar,Slovenia,Honourable Mention,168,,https://ipho-unofficial.org/timeline/2007/individual
Physics,IPhO,2007,Lukas Krasauskas,Lithuania,Honourable Mention,169,,https://ipho-unofficial.org/timeline/2007/individual
Physics,IPhO,2007,Andreas Theiler,Austria,Honourable Mention,170,,https://ipho-unofficial.org/timeline/2007/individual
Physics,IPhO,2007,Mark Moriarty,Ireland,Honourable Mention,171,,https://ipho-unofficial.org/timeline/2007/individual
Physics,IPhO,2007,Jaan Katus,Estonia,Honourable Mention,172,,https://ipho-unofficial.org/timeline/2007/individual
Physics,IPhO,2007,Paul A. Gillard,United Kingdom,Honourable Mention,173,,https://ipho-unofficial.org/timeline/2007/individual
Physics,IPhO,2007,Strahinja Janković,Serbia,Honourable Mention,174,,https://ipho-unofficial.org/timeline/2007/individual
Physics,IPhO,2007,Ng Xin Zhao,Malaysia,Honourable Mention,175,,https://ipho-unofficial.org/timeline/2007/individual
Physics,IPhO,2007,Aibek A. Mukhamediyev,Kazakhstan,Honourable Mention,176,,https://ipho-unofficial.org/timeline/2007/individual
Physics,IPhO,2007,Aykut Argun,Türkiye,Honourable Mention,177,,https://ipho-unofficial.org/timeline/2007/individual
Physics,IPhO,2007,Mikhail Savin,Finland,Honourable Mention,178,,https://ipho-unofficial.org/timeline/2007/individual
Physics,IPhO,2007,Zhandos Z. Seksembayev,Kazakhstan,Honourable Mention,179,,https://ipho-unofficial.org/timeline/2007/individual
Physics,IPhO,2007,Viktor Ogeman,Sweden,Honourable Mention,180,,https://ipho-unofficial.org/timeline/2007/individual
Physics,IPhO,2007,Nasharov A. Askar,Kazakhstan,Honourable Mention,181,,https://ipho-unofficial.org/timeline/2007/individual
Physics,IPhO,2007,Christian L. Ebbesen,Denmark,Honourable Mention,182,,https://ipho-unofficial.org/timeline/2007/individual
Physics,IPhO,2007,Alejandro Leon Gimeno Sanz,Spain,Honourable Mention,183,,https://ipho-unofficial.org/timeline/2007/individual
Physics,IPhO,2007,Roland Diggelmann,Switzerland,Honourable Mention,184,,https://ipho-unofficial.org/timeline/2007/individual
Physics,IPhO,2007,Simon Birrer,Switzerland,Honourable Mention,185,,https://ipho-unofficial.org/timeline/2007/individual
Physics,IPhO,2007,Joonas J. P. Ilmavirta,Finland,Honourable Mention,186,,https://ipho-unofficial.org/timeline/2007/individual
Physics,IPhO,2007,Menua Gevorgyan,Armenia,Honourable Mention,187,,https://ipho-unofficial.org/timeline/2007/individual
Physics,IPhO,2007,Jurijs Varnels,Latvia,Honourable Mention,188,,https://ipho-unofficial.org/timeline/2007/individual
Physics,IPhO,2007,Luis Felipe Ponce Alvarez,Cuba,Honourable Mention,189,,https://ipho-unofficial.org/timeline/2007/individual
Physics,IPhO,2007,Alice V. Webster,United Kingdom,Honourable Mention,190,,https://ipho-unofficial.org/timeline/2007/individual
Physics,IPhO,2007,Anton K. J. Laitinen,Finland,Honourable Mention,191,,https://ipho-unofficial.org/timeline/2007/individual
Physics,IPhO,2007,John Konig Walles,Sweden,Honourable Mention,192,,https://ipho-unofficial.org/timeline/2007/individual
Physics,IPhO,2007,Marek Jarkovoi,Estonia,Honourable Mention,193,,https://ipho-unofficial.org/timeline/2007/individual
Physics,IPhO,2007,Adrian M. Panasiuk,Poland,Honourable Mention,194,,https://ipho-unofficial.org/timeline/2007/individual
Physics,IPhO,2007,Bishal Lamichhane,Nepal,Honourable Mention,195,,https://ipho-unofficial.org/timeline/2007/individual
Physics,IPhO,2007,Ioannis Dimitroglou,Greece,Honourable Mention,196,,https://ipho-unofficial.org/timeline/2007/individual
Physics,IPhO,2007,Juan A. Rodriguez Garcia,Mexico,Honourable Mention,197,,https://ipho-unofficial.org/timeline/2007/individual
Physics,IPhO,2007,Phann Sophearin,Cambodia,Honourable Mention,198,,https://ipho-unofficial.org/timeline/2007/individual
Physics,IPhO,2007,Azat Sulaev,Kyrgyzstan,Honourable Mention,199,,https://ipho-unofficial.org/timeline/2007/individual
Physics,IPhO,2007,Jaka Gogala,Slovenia,Honourable Mention,200,,https://ipho-unofficial.org/timeline/2007/individual
Physics,IPhO,2007,Martin Hauge,Norway,Honourable Mention,201,,https://ipho-unofficial.org/timeline/2007/individual
Physics,IPhO,2007,Heikki J. J. Mäntysaari,Finland,Honourable Mention,202,,https://ipho-unofficial.org/timeline/2007/individual
Physics,IPhO,2007,Pieterjan M. A. Goedertier,Belgium,Honourable Mention,203,,https://ipho-unofficial.org/timeline/2007/individual
Physics,IPhO,2007,Emir Nurov,Turkmenistan,Honourable Mention,204,,https://ipho-unofficial.org/timeline/2007/individual
Physics,IPhO,2007,Bakhrom Oripov,Tajikistan,Honourable Mention,205,,https://ipho-unofficial.org/timeline/2007/individual
Physics,IPhO,2007,Troels Irgens-Møller,Denmark,Honourable Mention,206,,https://ipho-unofficial.org/timeline/2007/individual
Physics,IPhO,2007,Johanna Nyffeler,Switzerland,Honourable Mention,207,,https://ipho-unofficial.org/timeline/2007/individual
Physics,IPhO,2007,Uku Hämarik,Estonia,Honourable Mention,208,,https://ipho-unofficial.org/timeline/2007/individual
Physics,IPhO,2007,Simon Corrodi,Switzerland,Honourable Mention,209,,https://ipho-unofficial.org/timeline/2007/individual
Physics,IPhO,2007,Mohd Farhan Mohd Jafri,Malaysia,Honourable Mention,210,,https://ipho-unofficial.org/timeline/2007/individual
Physics,IPhO,2007,Yusuf Büyükdağ,Türkiye,Honourable Mention,211,,https://ipho-unofficial.org/timeline/2007/individual
Physics,IPhO,2007,Eamon A. Robinson,Ireland,Honourable Mention,212,,https://ipho-unofficial.org/timeline/2007/individual
Physics,IPhO,2007,Enkhee Temuulen,Mongolia,Honourable Mention,213,,https://ipho-unofficial.org/timeline/2007/individual
Physics,IPhO,2007,Suleman Mahmood,Pakistan,Honourable Mention,214,,https://ipho-unofficial.org/timeline/2007/individual
Physics,IPhO,2007,Monica Tatiana Rincon Ramirez,Colombia,Honourable Mention,215,,https://ipho-unofficial.org/timeline/2007/individual
Chemistry,IChO,2000,David Kurtz,USA,Gold,1,,https://www.icho-official.org/results/results.php?id=32&year=2000
Chemistry,IChO,2000,Zheng Chen,"China, People's Republic of",Gold,2,,https://www.icho-official.org/results/results.php?id=32&year=2000
Chemistry,IChO,2000,Wei Feng,"China, People's Republic of",Gold,3,,https://www.icho-official.org/results/results.php?id=32&year=2000
Chemistry,IChO,2000,Alexei Koudrinski,Russian Federation,Gold,4,,https://www.icho-official.org/results/results.php?id=32&year=2000
Chemistry,IChO,2000,Kuang-Chi Feng,Chinese Taipei,Gold,5,,https://www.icho-official.org/results/results.php?id=32&year=2000
Chemistry,IChO,2000,Yanwei Tang,"China, People's Republic of",Gold,6,,https://www.icho-official.org/results/results.php?id=32&year=2000
Chemistry,IChO,2000,Young Seok Ju,"Korea, Republic of",Gold,7,,https://www.icho-official.org/results/results.php?id=32&year=2000
Chemistry,IChO,2000,Zsolt Gengeliczki,Hungary,Gold,8,,https://www.icho-official.org/results/results.php?id=32&year=2000
Chemistry,IChO,2000,András Rokob,Hungary,Gold,9,,https://www.icho-official.org/results/results.php?id=32&year=2000
Chemistry,IChO,2000,Irina Borodina,Russian Federation,Gold,10,,https://www.icho-official.org/results/results.php?id=32&year=2000
Chemistry,IChO,2000,Tsan Chou Chen,Chinese Taipei,Gold,11,,https://www.icho-official.org/results/results.php?id=32&year=2000
Chemistry,IChO,2000,Yury Halayko,Belarus,Gold,12,,https://www.icho-official.org/results/results.php?id=32&year=2000
Chemistry,IChO,2000,Charles Duan,USA,Gold,13,,https://www.icho-official.org/results/results.php?id=32&year=2000
Chemistry,IChO,2000,Alexandre Tchentsov,Russian Federation,Gold,14,,https://www.icho-official.org/results/results.php?id=32&year=2000
Chemistry,IChO,2000,Yunus Emre Türkmen,Türkiye,Gold,15,,https://www.icho-official.org/results/results.php?id=32&year=2000
Chemistry,IChO,2000,Ivan Ivanov,Bulgaria,Gold,16,,https://www.icho-official.org/results/results.php?id=32&year=2000
Chemistry,IChO,2000,Mikhail Kabechov,Russian Federation,Gold,17,,https://www.icho-official.org/results/results.php?id=32&year=2000
Chemistry,IChO,2000,Sara Alemayehu,Slovakia,Gold,18,,https://www.icho-official.org/results/results.php?id=32&year=2000
Chemistry,IChO,2000,Maximilian Kasy,Austria,Gold,19,,https://www.icho-official.org/results/results.php?id=32&year=2000
Chemistry,IChO,2000,Binh Nguyen Hai,Vietnam,Gold,20,,https://www.icho-official.org/results/results.php?id=32&year=2000
Chemistry,IChO,2000,Stefan Torbik,Slovakia,Gold,21,,https://www.icho-official.org/results/results.php?id=32&year=2000
Chemistry,IChO,2000,Martin Kreidl,Austria,Gold,22,,https://www.icho-official.org/results/results.php?id=32&year=2000
Chemistry,IChO,2000,Esterban Andrés Ganc,Argentina,Gold,23,,https://www.icho-official.org/results/results.php?id=32&year=2000
Chemistry,IChO,2000,Mohammad Bahrami,"Iran, Islamic Republic of",Gold,24,,https://www.icho-official.org/results/results.php?id=32&year=2000
Chemistry,IChO,2000,Hoong Chwan Kok,Singapore,Silver,25,,https://www.icho-official.org/results/results.php?id=32&year=2000
Chemistry,IChO,2000,Renske Hesselink,Netherlands,Silver,26,,https://www.icho-official.org/results/results.php?id=32&year=2000
Chemistry,IChO,2000,Seung Hwan Lee,"Korea, Republic of",Silver,27,,https://www.icho-official.org/results/results.php?id=32&year=2000
Chemistry,IChO,2000,Astrid Knall,Austria,Silver,28,,https://www.icho-official.org/results/results.php?id=32&year=2000
Chemistry,IChO,2000,Thanh Vinh Nguyen,Vietnam,Silver,29,,https://www.icho-official.org/results/results.php?id=32&year=2000
Chemistry,IChO,2000,Carlos Wiechers,Mexico,Silver,30,,https://www.icho-official.org/results/results.php?id=32&year=2000
Chemistry,IChO,2000,Laura Koponen,Finland,Silver,31,,https://www.icho-official.org/results/results.php?id=32&year=2000
Chemistry,IChO,2000,Michael Müller,Germany,Silver,32,,https://www.icho-official.org/results/results.php?id=32&year=2000
Chemistry,IChO,2000,Shihari Mahadev,Australia,Silver,33,,https://www.icho-official.org/results/results.php?id=32&year=2000
Chemistry,IChO,2000,Amir Zabet Khosousi,"Iran, Islamic Republic of",Silver,34,,https://www.icho-official.org/results/results.php?id=32&year=2000
Chemistry,IChO,2000,Jouni Flyktman,Finland,Silver,35,,https://www.icho-official.org/results/results.php?id=32&year=2000
Chemistry,IChO,2000,Praval Jain,India,Silver,36,,https://www.icho-official.org/results/results.php?id=32&year=2000
Chemistry,IChO,2000,Johannes Rauh,Germany,Silver,37,,https://www.icho-official.org/results/results.php?id=32&year=2000
Chemistry,IChO,2000,Hakan Usta,Türkiye,Silver,38,,https://www.icho-official.org/results/results.php?id=32&year=2000
Chemistry,IChO,2000,Yee Geoffrey Tan Chern,Singapore,Silver,39,,https://www.icho-official.org/results/results.php?id=32&year=2000
Chemistry,IChO,2000,Hakki Bagci,Türkiye,Silver,40,,https://www.icho-official.org/results/results.php?id=32&year=2000
Chemistry,IChO,2000,Edit Mátyus,Hungary,Silver,41,,https://www.icho-official.org/results/results.php?id=32&year=2000
Chemistry,IChO,2000,Dmytro Volin,Ukraine,Silver,42,,https://www.icho-official.org/results/results.php?id=32&year=2000
Chemistry,IChO,2000,Wan-Yu Chen,Chinese Taipei,Silver,43,,https://www.icho-official.org/results/results.php?id=32&year=2000
Chemistry,IChO,2000,Pavel Polestshuk,Belarus,Silver,44,,https://www.icho-official.org/results/results.php?id=32&year=2000
Chemistry,IChO,2000,Zakieh Vahedian Ardakani,"Iran, Islamic Republic of",Silver,45,,https://www.icho-official.org/results/results.php?id=32&year=2000
Chemistry,IChO,2000,Randy Lambreghts,Belgium,Silver,46,,https://www.icho-official.org/results/results.php?id=32&year=2000
Chemistry,IChO,2000,Jiří Kysilka,Czech Republic,Silver,47,,https://www.icho-official.org/results/results.php?id=32&year=2000
Chemistry,IChO,2000,Pavel Augustinský,Czech Republic,Silver,48,,https://www.icho-official.org/results/results.php?id=32&year=2000
Chemistry,IChO,2000,Silas Xu,New Zealand,Silver,49,,https://www.icho-official.org/results/results.php?id=32&year=2000
Chemistry,IChO,2000,Jing Zhang,"China, People's Republic of",Silver,50,,https://www.icho-official.org/results/results.php?id=32&year=2000
Chemistry,IChO,2000,Ihar Nekrashevich,Belarus,Silver,51,,https://www.icho-official.org/results/results.php?id=32&year=2000
Chemistry,IChO,2000,Francisco Malaret,Venezuela,Silver,52,,https://www.icho-official.org/results/results.php?id=32&year=2000
Chemistry,IChO,2000,Minh Thoa Nguyen Thi,Vietnam,Silver,53,,https://www.icho-official.org/results/results.php?id=32&year=2000
Chemistry,IChO,2000,Adil Zhugralin,Kazakhstan,Silver,54,,https://www.icho-official.org/results/results.php?id=32&year=2000
Chemistry,IChO,2000,Xian-Yang Charles Goh,Singapore,Silver,55,,https://www.icho-official.org/results/results.php?id=32&year=2000
Chemistry,IChO,2000,Piya Tannapiboon,Thailand,Silver,56,,https://www.icho-official.org/results/results.php?id=32&year=2000
Chemistry,IChO,2000,Tomáš Smejkal,Czech Republic,Silver,57,,https://www.icho-official.org/results/results.php?id=32&year=2000
Chemistry,IChO,2000,Ádám Madarász,Hungary,Silver,58,,https://www.icho-official.org/results/results.php?id=32&year=2000
Chemistry,IChO,2000,Tomas Andrasina,Slovakia,Silver,59,,https://www.icho-official.org/results/results.php?id=32&year=2000
Chemistry,IChO,2000,Nawaporn Vinayavekhin,Thailand,Silver,60,,https://www.icho-official.org/results/results.php?id=32&year=2000
Chemistry,IChO,2000,Leandro Chiora,Argentina,Silver,61,,https://www.icho-official.org/results/results.php?id=32&year=2000
Chemistry,IChO,2000,Stephan Bernadotte,Germany,Silver,62,,https://www.icho-official.org/results/results.php?id=32&year=2000
Chemistry,IChO,2000,Morten Foverskov,Denmark,Silver,63,,https://www.icho-official.org/results/results.php?id=32&year=2000
Chemistry,IChO,2000,Daniel Torricelli,Switzerland,Silver,64,,https://www.icho-official.org/results/results.php?id=32&year=2000
Chemistry,IChO,2000,Alexander Bunge,Germany,Silver,65,,https://www.icho-official.org/results/results.php?id=32&year=2000
Chemistry,IChO,2000,Jeremy Baskin,Canada,Silver,66,,https://www.icho-official.org/results/results.php?id=32&year=2000
Chemistry,IChO,2000,Sriram Sridharan,India,Silver,67,,https://www.icho-official.org/results/results.php?id=32&year=2000
Chemistry,IChO,2000,Shih-Chia Hsiao,Chinese Taipei,Silver,68,,https://www.icho-official.org/results/results.php?id=32&year=2000
Chemistry,IChO,2000,Luke McSpadden,USA,Bronze,69,,https://www.icho-official.org/results/results.php?id=32&year=2000
Chemistry,IChO,2000,Lukasz Sobczak,Poland,Bronze,70,,https://www.icho-official.org/results/results.php?id=32&year=2000
Chemistry,IChO,2000,Tavo Romann,Estonia,Bronze,71,,https://www.icho-official.org/results/results.php?id=32&year=2000
Chemistry,IChO,2000,Paul Gardner,United Kingdom,Bronze,72,,https://www.icho-official.org/results/results.php?id=32&year=2000
Chemistry,IChO,2000,Gautham Nair,Mexico,Bronze,73,,https://www.icho-official.org/results/results.php?id=32&year=2000
Chemistry,IChO,2000,Albert Wang,USA,Bronze,74,,https://www.icho-official.org/results/results.php?id=32&year=2000
Chemistry,IChO,2000,Stefan Rath,Austria,Bronze,75,,https://www.icho-official.org/results/results.php?id=32&year=2000
Chemistry,IChO,2000,Ki Wook Hwang,"Korea, Republic of",Bronze,76,,https://www.icho-official.org/results/results.php?id=32&year=2000
Chemistry,IChO,2000,David Martin,Canada,Bronze,77,,https://www.icho-official.org/results/results.php?id=32&year=2000
Chemistry,IChO,2000,Christian Jitianu,Romania,Bronze,78,,https://www.icho-official.org/results/results.php?id=32&year=2000
Chemistry,IChO,2000,Loreta Mikucionyte,Lithuania,Bronze,79,,https://www.icho-official.org/results/results.php?id=32&year=2000
Chemistry,IChO,2000,Aliaksei Aliakseyev,Belarus,Bronze,80,,https://www.icho-official.org/results/results.php?id=32&year=2000
Chemistry,IChO,2000,Jonathan Pellicelli,Canada,Bronze,81,,https://www.icho-official.org/results/results.php?id=32&year=2000
Chemistry,IChO,2000,Woon Teck Yap,Singapore,Bronze,82,,https://www.icho-official.org/results/results.php?id=32&year=2000
Chemistry,IChO,2000,Piotr Król,Poland,Bronze,83,,https://www.icho-official.org/results/results.php?id=32&year=2000
Chemistry,IChO,2000,Elizabeth New,Australia,Bronze,84,,https://www.icho-official.org/results/results.php?id=32&year=2000
Chemistry,IChO,2000,Nikolas Socratous,Cyprus,Bronze,85,,https://www.icho-official.org/results/results.php?id=32&year=2000
Chemistry,IChO,2000,Ondrej Vanek,Czech Republic,Bronze,86,,https://www.icho-official.org/results/results.php?id=32&year=2000
Chemistry,IChO,2000,Benjamin Rotenberg,France,Bronze,87,,https://www.icho-official.org/results/results.php?id=32&year=2000
Chemistry,IChO,2000,Michal Juricek,Slovakia,Bronze,88,,https://www.icho-official.org/results/results.php?id=32&year=2000
Chemistry,IChO,2000,Martin Bell,United Kingdom,Bronze,89,,https://www.icho-official.org/results/results.php?id=32&year=2000
Chemistry,IChO,2000,Pavlo Mykhalyuk,Ukraine,Bronze,90,,https://www.icho-official.org/results/results.php?id=32&year=2000
Chemistry,IChO,2000,Anders Jensen,Denmark,Bronze,91,,https://www.icho-official.org/results/results.php?id=32&year=2000
Chemistry,IChO,2000,Donald Tse,United Kingdom,Bronze,92,,https://www.icho-official.org/results/results.php?id=32&year=2000
Chemistry,IChO,2000,Nicholas Easom,United Kingdom,Bronze,93,,https://www.icho-official.org/results/results.php?id=32&year=2000
Chemistry,IChO,2000,Suttirak Chaiwongkarjohn,Thailand,Bronze,94,,https://www.icho-official.org/results/results.php?id=32&year=2000
Chemistry,IChO,2000,Hanh Thuy Nguyen Thi,Vietnam,Bronze,95,,https://www.icho-official.org/results/results.php?id=32&year=2000
Chemistry,IChO,2000,Irina Moilanen,Finland,Bronze,96,,https://www.icho-official.org/results/results.php?id=32&year=2000
Chemistry,IChO,2000,Murat Sümbül,Türkiye,Bronze,97,,https://www.icho-official.org/results/results.php?id=32&year=2000
Chemistry,IChO,2000,Philippe Tassin,Belgium,Bronze,98,,https://www.icho-official.org/results/results.php?id=32&year=2000
Chemistry,IChO,2000,Surasak Chunsrivirot,Thailand,Bronze,99,,https://www.icho-official.org/results/results.php?id=32&year=2000
Chemistry,IChO,2000,Luke Henry,New Zealand,Bronze,100,,https://www.icho-official.org/results/results.php?id=32&year=2000
Chemistry,IChO,2000,Brice Tayart de Borms,France,Bronze,101,,https://www.icho-official.org/results/results.php?id=32&year=2000
Chemistry,IChO,2000,Teemu Järvinen,Finland,Bronze,102,,https://www.icho-official.org/results/results.php?id=32&year=2000
Chemistry,IChO,2000,Albert Jan De Graf,Netherlands,Bronze,103,,https://www.icho-official.org/results/results.php?id=32&year=2000
Chemistry,IChO,2000,Georgi Jordanov,Bulgaria,Bronze,104,,https://www.icho-official.org/results/results.php?id=32&year=2000
Chemistry,IChO,2000,Artem Kulaho,Ukraine,Bronze,105,,https://www.icho-official.org/results/results.php?id=32&year=2000
Chemistry,IChO,2000,Ivan Zakhariev,Bulgaria,Bronze,106,,https://www.icho-official.org/results/results.php?id=32&year=2000
Chemistry,IChO,2000,Grégory Dubreuil,France,Bronze,107,,https://www.icho-official.org/results/results.php?id=32&year=2000
Chemistry,IChO,2000,Jean Garnier,Switzerland,Bronze,108,,https://www.icho-official.org/results/results.php?id=32&year=2000
Chemistry,IChO,2000,Gonzalo Cerrutti,Uruguay,Bronze,109,,https://www.icho-official.org/results/results.php?id=32&year=2000
Chemistry,IChO,2000,Sandra Rivera,Mexico,Bronze,110,,https://www.icho-official.org/results/results.php?id=32&year=2000
Chemistry,IChO,2000,Mohammad Asadollahi Baboli,"Iran, Islamic Republic of",Bronze,111,,https://www.icho-official.org/results/results.php?id=32&year=2000
Chemistry,IChO,2000,Chris Rapson,New Zealand,Bronze,112,,https://www.icho-official.org/results/results.php?id=32&year=2000
Chemistry,IChO,2000,Artur Stefanowicz,Poland,Bronze,113,,https://www.icho-official.org/results/results.php?id=32&year=2000
Chemistry,IChO,2000,Jasmin Mecinovic,Slovenia,Bronze,114,,https://www.icho-official.org/results/results.php?id=32&year=2000
Chemistry,IChO,2000,Nina Lock,Denmark,Bronze,115,,https://www.icho-official.org/results/results.php?id=32&year=2000
Chemistry,IChO,2000,Daniel Miller,Australia,Bronze,116,,https://www.icho-official.org/results/results.php?id=32&year=2000
Chemistry,IChO,2000,Panayiotis Mavrommatis,Cyprus,Bronze,117,,https://www.icho-official.org/results/results.php?id=32&year=2000
Chemistry,IChO,2000,Eliu Ortiz,Mexico,Bronze,118,,https://www.icho-official.org/results/results.php?id=32&year=2000
Chemistry,IChO,2000,Anand Kumar Sinha,India,Bronze,119,,https://www.icho-official.org/results/results.php?id=32&year=2000
Chemistry,IChO,2000,Matthew Verdon,Australia,Bronze,120,,https://www.icho-official.org/results/results.php?id=32&year=2000
Chemistry,IChO,2000,Dong Wan Kim,"Korea, Republic of",Bronze,121,,https://www.icho-official.org/results/results.php?id=32&year=2000
Chemistry,IChO,2000,Israel Parada,Venezuela,Bronze,122,,https://www.icho-official.org/results/results.php?id=32&year=2000
Chemistry,IChO,2000,Johan Qvist,Sweden,Bronze,123,,https://www.icho-official.org/results/results.php?id=32&year=2000
Chemistry,IChO,2000,Gabriele Veronesi,Italy,Bronze,124,,https://www.icho-official.org/results/results.php?id=32&year=2000
Chemistry,IChO,2000,Dragan Simeonov,Slovenia,Bronze,125,,https://www.icho-official.org/results/results.php?id=32&year=2000
Chemistry,IChO,2000,Volodymyr Bilousov,Ukraine,Bronze,126,,https://www.icho-official.org/results/results.php?id=32&year=2000
Chemistry,IChO,2000,Maciej Gorzkowski,Poland,Bronze,127,,https://www.icho-official.org/results/results.php?id=32&year=2000
Chemistry,IChO,2000,Bjørn Oddvar Strøm,Norway,Bronze,128,,https://www.icho-official.org/results/results.php?id=32&year=2000
Chemistry,IChO,2000,Kirill Vassilkov,Estonia,Bronze,129,,https://www.icho-official.org/results/results.php?id=32&year=2000
Chemistry,IChO,2000,José Puertas,Argentina,Bronze,130,,https://www.icho-official.org/results/results.php?id=32&year=2000
Chemistry,IChO,2000,Vladimir Stilinović,Croatia,Bronze,131,,https://www.icho-official.org/results/results.php?id=32&year=2000
Chemistry,IChO,2000,Vincent Dubost,France,Bronze,132,,https://www.icho-official.org/results/results.php?id=32&year=2000
Chemistry,IChO,2000,George Paily,India,Bronze,133,,https://www.icho-official.org/results/results.php?id=32&year=2000
Chemistry,IChO,2000,Sergey Gussak,Kazakhstan,Bronze,134,,https://www.icho-official.org/results/results.php?id=32&year=2000
Chemistry,IChO,2000,Florin Istrate,Romania,Honourable Mention,135,,https://www.icho-official.org/results/results.php?id=32&year=2000
Chemistry,IChO,2000,Mihai Raducanu,Romania,Honourable Mention,136,,https://www.icho-official.org/results/results.php?id=32&year=2000
Chemistry,IChO,2000,José Manuel Zorrilla Matilla,Spain,Participant,,,https://www.icho-official.org/results/results.php?id=32&year=2000
Chemistry,IChO,2000,Gabriela Garmendia,Uruguay,Participant,,,https://www.icho-official.org/results/results.php?id=32&year=2000
Chemistry,IChO,2000,Wei Hsia,Belgium,Participant,,,https://www.icho-official.org/results/results.php?id=32&year=2000
Chemistry,IChO,2000,Tor Erik Kristensen,Norway,Participant,,,https://www.icho-official.org/results/results.php?id=32&year=2000
Chemistry,IChO,2000,Brian O`Neill,Ireland,Participant,,,https://www.icho-official.org/results/results.php?id=32&year=2000
Chemistry,IChO,2000,Jonathan Ailon,Canada,Participant,,,https://www.icho-official.org/results/results.php?id=32&year=2000
Chemistry,IChO,2000,Jurica Bauer,Croatia,Participant,,,https://www.icho-official.org/results/results.php?id=32&year=2000
Chemistry,IChO,2000,Donny Wong,New Zealand,Participant,,,https://www.icho-official.org/results/results.php?id=32&year=2000
Chemistry,IChO,2000,Eldar Sultanov,Azerbaijan,Participant,,,https://www.icho-official.org/results/results.php?id=32&year=2000
Chemistry,IChO,2000,Sabina Alistar,Romania,Honourable Mention,146,,https://www.icho-official.org/results/results.php?id=32&year=2000
Chemistry,IChO,2000,Alejandra Lorena Garcia Piantanida,Argentina,Participant,,,https://www.icho-official.org/results/results.php?id=32&year=2000
Chemistry,IChO,2000,Renze Feitsma,Netherlands,Participant,,,https://www.icho-official.org/results/results.php?id=32&year=2000
Chemistry,IChO,2000,Aline Iskandar,Denmark,Participant,,,https://www.icho-official.org/results/results.php?id=32&year=2000
Chemistry,IChO,2000,Alan Bizjak,Slovenia,Participant,,,https://www.icho-official.org/results/results.php?id=32&year=2000
Chemistry,IChO,2000,Eldar Rizayev,Azerbaijan,Participant,,,https://www.icho-official.org/results/results.php?id=32&year=2000
Chemistry,IChO,2000,Adriaan Molenaar,Netherlands,Participant,,,https://www.icho-official.org/results/results.php?id=32&year=2000
Chemistry,IChO,2000,Tanguy Chaumy,Belgium,Participant,,,https://www.icho-official.org/results/results.php?id=32&year=2000
Chemistry,IChO,2000,Jurgis Sudzius,Lithuania,Participant,,,https://www.icho-official.org/results/results.php?id=32&year=2000
Chemistry,IChO,2000,Juozas Kontvainis,Lithuania,Participant,,,https://www.icho-official.org/results/results.php?id=32&year=2000
Chemistry,IChO,2000,Kiril Lanevskij,Lithuania,Participant,,,https://www.icho-official.org/results/results.php?id=32&year=2000
Chemistry,IChO,2000,Yuriy Kudryavtsev,Kazakhstan,Participant,,,https://www.icho-official.org/results/results.php?id=32&year=2000
Chemistry,IChO,2000,Sergio Xavier Barbosa Araujo,Brazil,Honourable Mention,158,,https://www.icho-official.org/results/results.php?id=32&year=2000
Chemistry,IChO,2000,Noverino Rifai,Indonesia,Participant,,,https://www.icho-official.org/results/results.php?id=32&year=2000
Chemistry,IChO,2000,Pier Luigi Cappetta,Italy,Honourable Mention,160,,https://www.icho-official.org/results/results.php?id=32&year=2000
Chemistry,IChO,2000,Juris Kalvans,Latvia,Honourable Mention,161,,https://www.icho-official.org/results/results.php?id=32&year=2000
Chemistry,IChO,2000,Arief Adhitya,Indonesia,Honourable Mention,162,,https://www.icho-official.org/results/results.php?id=32&year=2000
Chemistry,IChO,2000,Zeinul-Gabiden Kazhkenov,Kazakhstan,Participant,,,https://www.icho-official.org/results/results.php?id=32&year=2000
Chemistry,IChO,2000,Dilyan Ferdinandov,Bulgaria,Participant,,,https://www.icho-official.org/results/results.php?id=32&year=2000
Chemistry,IChO,2000,Martin Bogsrud,Norway,Participant,,,https://www.icho-official.org/results/results.php?id=32&year=2000
Chemistry,IChO,2000,Henrik Ström,Sweden,Participant,,,https://www.icho-official.org/results/results.php?id=32&year=2000
Chemistry,IChO,2000,Marina Juribasic,Croatia,Participant,,,https://www.icho-official.org/results/results.php?id=32&year=2000
Chemistry,IChO,2000,Gufron Gozali,Indonesia,Participant,,,https://www.icho-official.org/results/results.php?id=32&year=2000
Chemistry,IChO,2000,Staffan Dånmark,Sweden,Participant,,,https://www.icho-official.org/results/results.php?id=32&year=2000
Chemistry,IChO,2000,Eileen Dorgan,Ireland,Participant,,,https://www.icho-official.org/results/results.php?id=32&year=2000
Chemistry,IChO,2000,Reinaldo Hernandez,Venezuela,Participant,,,https://www.icho-official.org/results/results.php?id=32&year=2000
Chemistry,IChO,2000,Juliette Ben Arous,Switzerland,Participant,,,https://www.icho-official.org/results/results.php?id=32&year=2000
Chemistry,IChO,2000,Andrej Furlan,Slovenia,Honourable Mention,173,,https://www.icho-official.org/results/results.php?id=32&year=2000
Chemistry,IChO,2000,Georgios Yiangou,Cyprus,Participant,,,https://www.icho-official.org/results/results.php?id=32&year=2000
Chemistry,IChO,2000,Aleksei Bredihhin,Estonia,Honourable Mention,175,,https://www.icho-official.org/results/results.php?id=32&year=2000
Chemistry,IChO,2000,Francesco Dalla Rosa,Italy,Participant,,,https://www.icho-official.org/results/results.php?id=32&year=2000
Chemistry,IChO,2000,Nanung Dwi Putra,Indonesia,Participant,,,https://www.icho-official.org/results/results.php?id=32&year=2000
Chemistry,IChO,2000,Jevgenia Kozevnikova,Estonia,Honourable Mention,178,,https://www.icho-official.org/results/results.php?id=32&year=2000
Chemistry,IChO,2000,Jonatan Mörndal,Sweden,Participant,,,https://www.icho-official.org/results/results.php?id=32&year=2000
Chemistry,IChO,2000,Ioannis Politikos,Greece,Participant,,,https://www.icho-official.org/results/results.php?id=32&year=2000
Chemistry,IChO,2000,Stefano Monari,Italy,Participant,,,https://www.icho-official.org/results/results.php?id=32&year=2000
Chemistry,IChO,2000,Andrejs Pelss,Latvia,Participant,,,https://www.icho-official.org/results/results.php?id=32&year=2000
Chemistry,IChO,2000,Fergus O`Boyle,Ireland,Participant,,,https://www.icho-official.org/results/results.php?id=32&year=2000
Chemistry,IChO,2000,Antonio Daniel Frontere Barrueco,Spain,Participant,,,https://www.icho-official.org/results/results.php?id=32&year=2000
Chemistry,IChO,2000,Dominic Rossi,Switzerland,Participant,,,https://www.icho-official.org/results/results.php?id=32&year=2000
Chemistry,IChO,2000,Ana Toplak,Croatia,Honourable Mention,186,,https://www.icho-official.org/results/results.php?id=32&year=2000
Chemistry,IChO,2000,Ibrahim Mammadov,Azerbaijan,Participant,,,https://www.icho-official.org/results/results.php?id=32&year=2000
Chemistry,IChO,2000,José Delfin Car. Fernández,Spain,Participant,,,https://www.icho-official.org/results/results.php?id=32&year=2000
Chemistry,IChO,2000,Evgeny Svinuhov,Kyrgyzstan,Participant,,,https://www.icho-official.org/results/results.php?id=32&year=2000
Chemistry,IChO,2000,Felipe Pereira Fleming,Brazil,Participant,,,https://www.icho-official.org/results/results.php?id=32&year=2000
Chemistry,IChO,2000,Ariadne Georgiou,Cyprus,Participant,,,https://www.icho-official.org/results/results.php?id=32&year=2000
Chemistry,IChO,2000,Juan Carlos Sánchez,Venezuela,Participant,,,https://www.icho-official.org/results/results.php?id=32&year=2000
Chemistry,IChO,2000,Almaz Jaliev,Kyrgyzstan,Participant,,,https://www.icho-official.org/results/results.php?id=32&year=2000
Chemistry,IChO,2000,Vusal Shafiyev,Azerbaijan,Participant,,,https://www.icho-official.org/results/results.php?id=32&year=2000
Chemistry,IChO,2000,George Tselos,Greece,Participant,,,https://www.icho-official.org/results/results.php?id=32&year=2000
Chemistry,IChO,2000,Ana Maria Tunón Garcia,Spain,Participant,,,https://www.icho-official.org/results/results.php?id=32&year=2000
Chemistry,IChO,2000,Valdis Brutans,Latvia,Participant,,,https://www.icho-official.org/results/results.php?id=32&year=2000
Chemistry,IChO,2000,Martins Sudars,Latvia,Honourable Mention,198,,https://www.icho-official.org/results/results.php?id=32&year=2000
Chemistry,IChO,2000,Athanassios Papakostas,Greece,Participant,,,https://www.icho-official.org/results/results.php?id=32&year=2000
Chemistry,IChO,2000,Frank Roche,Ireland,Participant,,,https://www.icho-official.org/results/results.php?id=32&year=2000
Chemistry,IChO,2000,Mohammad Yousuf,Kuwait,Participant,,,https://www.icho-official.org/results/results.php?id=32&year=2000
Chemistry,IChO,2000,George Giannakis,Greece,Participant,,,https://www.icho-official.org/results/results.php?id=32&year=2000
Chemistry,IChO,2000,Andreas Forsmark,Norway,Participant,,,https://www.icho-official.org/results/results.php?id=32&year=2000
Chemistry,IChO,2000,Ohoud Alsalem,Kuwait,Participant,,,https://www.icho-official.org/results/results.php?id=32&year=2000
Chemistry,IChO,2000,Daniella Costa Moura,Brazil,Participant,,,https://www.icho-official.org/results/results.php?id=32&year=2000
Chemistry,IChO,2000,Daniel Vasconcelos Pinto,Brazil,Participant,,,https://www.icho-official.org/results/results.php?id=32&year=2000
Chemistry,IChO,2000,Ali Yousef,Kuwait,Participant,,,https://www.icho-official.org/results/results.php?id=32&year=2000
Chemistry,IChO,2000,Jenan Shaaban,Kuwait,Participant,,,https://www.icho-official.org/results/results.php?id=32&year=2000
Chemistry,IChO,2001,Siyuan Chen,"China, People's Republic of",Gold,1,,https://www.icho-official.org/results/results.php?id=33&year=2001
Chemistry,IChO,2001,Iouri Chliapnikov,Russian Federation,Gold,2,,https://www.icho-official.org/results/results.php?id=33&year=2001
Chemistry,IChO,2001,Esteban Andres Ganc,Argentina,Gold,3,,https://www.icho-official.org/results/results.php?id=33&year=2001
Chemistry,IChO,2001,Shadi Rajabi,"Iran, Islamic Republic of",Gold,4,,https://www.icho-official.org/results/results.php?id=33&year=2001
Chemistry,IChO,2001,Anthony Phillips,Australia,Gold,5,,https://www.icho-official.org/results/results.php?id=33&year=2001
Chemistry,IChO,2001,Yunus Emre Turkmen,Türkiye,Gold,6,,https://www.icho-official.org/results/results.php?id=33&year=2001
Chemistry,IChO,2001,Sean Kedrowski,USA,Gold,7,,https://www.icho-official.org/results/results.php?id=33&year=2001
Chemistry,IChO,2001,Dewei Han,"China, People's Republic of",Gold,8,,https://www.icho-official.org/results/results.php?id=33&year=2001
Chemistry,IChO,2001,Hyun-Woo Park,"Korea, Republic of",Gold,9,,https://www.icho-official.org/results/results.php?id=33&year=2001
Chemistry,IChO,2001,Jianlong Tan,Singapore,Gold,10,,https://www.icho-official.org/results/results.php?id=33&year=2001
Chemistry,IChO,2001,Tuoping Luo,"China, People's Republic of",Gold,11,,https://www.icho-official.org/results/results.php?id=33&year=2001
Chemistry,IChO,2001,Sepehr Fadaei,"Iran, Islamic Republic of",Gold,12,,https://www.icho-official.org/results/results.php?id=33&year=2001
Chemistry,IChO,2001,Soubhagya Sahoo,India,Gold,13,,https://www.icho-official.org/results/results.php?id=33&year=2001
Chemistry,IChO,2001,June-Wha Rhee,"Korea, Republic of",Gold,14,,https://www.icho-official.org/results/results.php?id=33&year=2001
Chemistry,IChO,2001,Binghai Ling,USA,Gold,15,,https://www.icho-official.org/results/results.php?id=33&year=2001
Chemistry,IChO,2001,Prasert Sinsermsuksakul,Thailand,Gold,16,,https://www.icho-official.org/results/results.php?id=33&year=2001
Chemistry,IChO,2001,Alexandre Tchentsov,Russian Federation,Gold,17,,https://www.icho-official.org/results/results.php?id=33&year=2001
Chemistry,IChO,2001,Do-Houng Kim,"Korea, Republic of",Gold,18,,https://www.icho-official.org/results/results.php?id=33&year=2001
Chemistry,IChO,2001,Igor Sedov,Russian Federation,Gold,19,,https://www.icho-official.org/results/results.php?id=33&year=2001
Chemistry,IChO,2001,Jiří Kysilka,Czech Republic,Gold,20,,https://www.icho-official.org/results/results.php?id=33&year=2001
Chemistry,IChO,2001,Łukasz Sobczak,Poland,Gold,21,,https://www.icho-official.org/results/results.php?id=33&year=2001
Chemistry,IChO,2001,Elizabeth New,Australia,Gold,22,,https://www.icho-official.org/results/results.php?id=33&year=2001
Chemistry,IChO,2001,Ming-Yen Hsiao,Chinese Taipei,Silver,23,,https://www.icho-official.org/results/results.php?id=33&year=2001
Chemistry,IChO,2001,Murat Kucukdi-li,Türkiye,Silver,24,,https://www.icho-official.org/results/results.php?id=33&year=2001
Chemistry,IChO,2001,Albert Wang,USA,Silver,25,,https://www.icho-official.org/results/results.php?id=33&year=2001
Chemistry,IChO,2001,Jacek Kwiendacz,Poland,Silver,26,,https://www.icho-official.org/results/results.php?id=33&year=2001
Chemistry,IChO,2001,Collin Martin,USA,Silver,27,,https://www.icho-official.org/results/results.php?id=33&year=2001
Chemistry,IChO,2001,Sang-Hyuk Song,"Korea, Republic of",Silver,28,,https://www.icho-official.org/results/results.php?id=33&year=2001
Chemistry,IChO,2001,Wei Zhang,"China, People's Republic of",Silver,29,,https://www.icho-official.org/results/results.php?id=33&year=2001
Chemistry,IChO,2001,Hanh Thuy Nguyen thi,Vietnam,Silver,30,,https://www.icho-official.org/results/results.php?id=33&year=2001
Chemistry,IChO,2001,Chalida Nakornchai,Thailand,Silver,31,,https://www.icho-official.org/results/results.php?id=33&year=2001
Chemistry,IChO,2001,Nikolay Ivanov,Bulgaria,Silver,32,,https://www.icho-official.org/results/results.php?id=33&year=2001
Chemistry,IChO,2001,Adrien Meglio,France,Silver,33,,https://www.icho-official.org/results/results.php?id=33&year=2001
Chemistry,IChO,2001,Vivek Kumar,India,Silver,34,,https://www.icho-official.org/results/results.php?id=33&year=2001
Chemistry,IChO,2001,Li-Chih Hu,Chinese Taipei,Silver,35,,https://www.icho-official.org/results/results.php?id=33&year=2001
Chemistry,IChO,2001,Ali Erayman,Türkiye,Silver,36,,https://www.icho-official.org/results/results.php?id=33&year=2001
Chemistry,IChO,2001,Aliaksandr Zhdanko,Belarus,Silver,37,,https://www.icho-official.org/results/results.php?id=33&year=2001
Chemistry,IChO,2001,Olivier Rosnelov,France,Silver,38,,https://www.icho-official.org/results/results.php?id=33&year=2001
Chemistry,IChO,2001,Sabina Alistar,Romania,Silver,39,,https://www.icho-official.org/results/results.php?id=33&year=2001
Chemistry,IChO,2001,Papon Thanomkiat,Thailand,Silver,40,,https://www.icho-official.org/results/results.php?id=33&year=2001
Chemistry,IChO,2001,Khiem Nguyen Van,Vietnam,Silver,41,,https://www.icho-official.org/results/results.php?id=33&year=2001
Chemistry,IChO,2001,Avinash Varna,India,Silver,42,,https://www.icho-official.org/results/results.php?id=33&year=2001
Chemistry,IChO,2001,Yu-Tzu Li,Chinese Taipei,Silver,43,,https://www.icho-official.org/results/results.php?id=33&year=2001
Chemistry,IChO,2001,Betul Karadedeli,Türkiye,Silver,44,,https://www.icho-official.org/results/results.php?id=33&year=2001
Chemistry,IChO,2001,Edit Mátyus,Hungary,Silver,45,,https://www.icho-official.org/results/results.php?id=33&year=2001
Chemistry,IChO,2001,Adrian Claudiu Prisnel,Romania,Silver,46,,https://www.icho-official.org/results/results.php?id=33&year=2001
Chemistry,IChO,2001,Srihari Mahadev,Australia,Silver,47,,https://www.icho-official.org/results/results.php?id=33&year=2001
Chemistry,IChO,2001,Stefan Torbik,Slovakia,Silver,48,,https://www.icho-official.org/results/results.php?id=33&year=2001
Chemistry,IChO,2001,Mona Fallah Tafty,"Iran, Islamic Republic of",Silver,49,,https://www.icho-official.org/results/results.php?id=33&year=2001
Chemistry,IChO,2001,Jung Lee,United Kingdom,Silver,50,,https://www.icho-official.org/results/results.php?id=33&year=2001
Chemistry,IChO,2001,David Sugiman,Indonesia,Silver,51,,https://www.icho-official.org/results/results.php?id=33&year=2001
Chemistry,IChO,2001,David Koller,Austria,Silver,52,,https://www.icho-official.org/results/results.php?id=33&year=2001
Chemistry,IChO,2001,Albert Bartók,Hungary,Silver,53,,https://www.icho-official.org/results/results.php?id=33&year=2001
Chemistry,IChO,2001,Chia-Chu Liu,Chinese Taipei,Silver,54,,https://www.icho-official.org/results/results.php?id=33&year=2001
Chemistry,IChO,2001,Olivier Chapleur,France,Silver,55,,https://www.icho-official.org/results/results.php?id=33&year=2001
Chemistry,IChO,2001,Aliasghar Mohammadi,"Iran, Islamic Republic of",Silver,56,,https://www.icho-official.org/results/results.php?id=33&year=2001
Chemistry,IChO,2001,Maria Bendova,Slovakia,Silver,57,,https://www.icho-official.org/results/results.php?id=33&year=2001
Chemistry,IChO,2001,Wenkai Tay,Singapore,Silver,58,,https://www.icho-official.org/results/results.php?id=33&year=2001
Chemistry,IChO,2001,Aditya Banerjee,India,Silver,59,,https://www.icho-official.org/results/results.php?id=33&year=2001
Chemistry,IChO,2001,Alexander Bunge,Germany,Silver,60,,https://www.icho-official.org/results/results.php?id=33&year=2001
Chemistry,IChO,2001,Szilárd Varga,Hungary,Silver,61,,https://www.icho-official.org/results/results.php?id=33&year=2001
Chemistry,IChO,2001,Villemoes Rasmus,Denmark,Silver,62,,https://www.icho-official.org/results/results.php?id=33&year=2001
Chemistry,IChO,2001,Alexander Salakin,Russian Federation,Silver,63,,https://www.icho-official.org/results/results.php?id=33&year=2001
Chemistry,IChO,2001,Tavo Romann,Estonia,Silver,64,,https://www.icho-official.org/results/results.php?id=33&year=2001
Chemistry,IChO,2001,Daniel Nedelcu,Romania,Silver,65,,https://www.icho-official.org/results/results.php?id=33&year=2001
Chemistry,IChO,2001,Yaohui Phillips Huang,Singapore,Silver,66,,https://www.icho-official.org/results/results.php?id=33&year=2001
Chemistry,IChO,2001,Piotr Duszewski,Poland,Silver,67,,https://www.icho-official.org/results/results.php?id=33&year=2001
Chemistry,IChO,2001,Jurica Bauer,Croatia,Silver,68,,https://www.icho-official.org/results/results.php?id=33&year=2001
Chemistry,IChO,2001,Michal Pesta,Slovakia,Bronze,69,,https://www.icho-official.org/results/results.php?id=33&year=2001
Chemistry,IChO,2001,David Santos Carballal,Cuba,Bronze,70,,https://www.icho-official.org/results/results.php?id=33&year=2001
Chemistry,IChO,2001,Robert Totzauer,Germany,Bronze,71,,https://www.icho-official.org/results/results.php?id=33&year=2001
Chemistry,IChO,2001,Tomas Hrobarik,Slovakia,Bronze,72,,https://www.icho-official.org/results/results.php?id=33&year=2001
Chemistry,IChO,2001,Karel Hernandez Sanchez,Cuba,Bronze,73,,https://www.icho-official.org/results/results.php?id=33&year=2001
Chemistry,IChO,2001,Leandro Esteban Chiora,Argentina,Bronze,74,,https://www.icho-official.org/results/results.php?id=33&year=2001
Chemistry,IChO,2001,Sergiu Sima,Romania,Bronze,75,,https://www.icho-official.org/results/results.php?id=33&year=2001
Chemistry,IChO,2001,Kiryl Piatkevich,Belarus,Bronze,76,,https://www.icho-official.org/results/results.php?id=33&year=2001
Chemistry,IChO,2001,Gerald Eibinger,Austria,Bronze,77,,https://www.icho-official.org/results/results.php?id=33&year=2001
Chemistry,IChO,2001,Gabriele Veronesi,Italy,Bronze,78,,https://www.icho-official.org/results/results.php?id=33&year=2001
Chemistry,IChO,2001,Shiyun Ruan,Singapore,Bronze,79,,https://www.icho-official.org/results/results.php?id=33&year=2001
Chemistry,IChO,2001,Zeinul-Gabiden Kazhkenov,Kazakhstan,Bronze,80,,https://www.icho-official.org/results/results.php?id=33&year=2001
Chemistry,IChO,2001,Joel Yuen Zhou,Mexico,Bronze,81,,https://www.icho-official.org/results/results.php?id=33&year=2001
Chemistry,IChO,2001,Daniel Miller,Australia,Bronze,82,,https://www.icho-official.org/results/results.php?id=33&year=2001
Chemistry,IChO,2001,Gerald Li,Canada,Bronze,83,,https://www.icho-official.org/results/results.php?id=33&year=2001
Chemistry,IChO,2001,Pavel Rezanka,Czech Republic,Bronze,84,,https://www.icho-official.org/results/results.php?id=33&year=2001
Chemistry,IChO,2001,Mariano Daniel Susman,Argentina,Bronze,85,,https://www.icho-official.org/results/results.php?id=33&year=2001
Chemistry,IChO,2001,Daniel Torricelli,Switzerland,Bronze,86,,https://www.icho-official.org/results/results.php?id=33&year=2001
Chemistry,IChO,2001,Irene Ballagh,New Zealand,Bronze,87,,https://www.icho-official.org/results/results.php?id=33&year=2001
Chemistry,IChO,2001,Anh Le Tuan,Vietnam,Bronze,88,,https://www.icho-official.org/results/results.php?id=33&year=2001
Chemistry,IChO,2001,Georgi Jordanov,Bulgaria,Bronze,89,,https://www.icho-official.org/results/results.php?id=33&year=2001
Chemistry,IChO,2001,Helena Handrkova,Czech Republic,Bronze,90,,https://www.icho-official.org/results/results.php?id=33&year=2001
Chemistry,IChO,2001,Elain Fernando Carbonel,Cuba,Bronze,91,,https://www.icho-official.org/results/results.php?id=33&year=2001
Chemistry,IChO,2001,Dominik Ehni,Germany,Bronze,92,,https://www.icho-official.org/results/results.php?id=33&year=2001
Chemistry,IChO,2001,Ebbe Bodtkjer,Denmark,Bronze,93,,https://www.icho-official.org/results/results.php?id=33&year=2001
Chemistry,IChO,2001,Andrey Marynchuk,Ukraine,Bronze,94,,https://www.icho-official.org/results/results.php?id=33&year=2001
Chemistry,IChO,2001,Aliaksandr Statkevich,Belarus,Bronze,95,,https://www.icho-official.org/results/results.php?id=33&year=2001
Chemistry,IChO,2001,Cesar Rodriguez,Uruguay,Bronze,96,,https://www.icho-official.org/results/results.php?id=33&year=2001
Chemistry,IChO,2001,Richard Chudoba,Czech Republic,Bronze,97,,https://www.icho-official.org/results/results.php?id=33&year=2001
Chemistry,IChO,2001,Yannick Chassagneux,France,Bronze,98,,https://www.icho-official.org/results/results.php?id=33&year=2001
Chemistry,IChO,2001,Pavel Starkov,Estonia,Bronze,99,,https://www.icho-official.org/results/results.php?id=33&year=2001
Chemistry,IChO,2001,Castillo Aleman Marx,Cuba,Bronze,100,,https://www.icho-official.org/results/results.php?id=33&year=2001
Chemistry,IChO,2001,Yegor Smurniy,Ukraine,Bronze,100,,https://www.icho-official.org/results/results.php?id=33&year=2001
Chemistry,IChO,2001,László Toka,Hungary,Bronze,102,,https://www.icho-official.org/results/results.php?id=33&year=2001
Chemistry,IChO,2001,Michal Karbownik,Poland,Bronze,103,,https://www.icho-official.org/results/results.php?id=33&year=2001
Chemistry,IChO,2001,Alberto Otero de Roza,Spain,Bronze,104,,https://www.icho-official.org/results/results.php?id=33&year=2001
Chemistry,IChO,2001,Thomas Daff,United Kingdom,Bronze,105,,https://www.icho-official.org/results/results.php?id=33&year=2001
Chemistry,IChO,2001,Maksum Opanasenko,Ukraine,Bronze,106,,https://www.icho-official.org/results/results.php?id=33&year=2001
Chemistry,IChO,2001,Maxim Khan,United Kingdom,Bronze,107,,https://www.icho-official.org/results/results.php?id=33&year=2001
Chemistry,IChO,2001,Andrew Ivanets,Belarus,Bronze,108,,https://www.icho-official.org/results/results.php?id=33&year=2001
Chemistry,IChO,2001,Constantinos Zambirinis,Cyprus,Bronze,109,,https://www.icho-official.org/results/results.php?id=33&year=2001
Chemistry,IChO,2001,Purnomo Abdillah,Indonesia,Bronze,110,,https://www.icho-official.org/results/results.php?id=33&year=2001
Chemistry,IChO,2001,Valdis Vesers,Latvia,Bronze,111,,https://www.icho-official.org/results/results.php?id=33&year=2001
Chemistry,IChO,2001,Eric Zhu,Canada,Bronze,112,,https://www.icho-official.org/results/results.php?id=33&year=2001
Chemistry,IChO,2001,Ignacio Carrera,Uruguay,Bronze,113,,https://www.icho-official.org/results/results.php?id=33&year=2001
Chemistry,IChO,2001,Aroonrath Sangalungkarn,Thailand,Bronze,114,,https://www.icho-official.org/results/results.php?id=33&year=2001
Chemistry,IChO,2001,Terje Tofteberg,Norway,Bronze,115,,https://www.icho-official.org/results/results.php?id=33&year=2001
Chemistry,IChO,2001,Sergly Vshyvenko,Ukraine,Bronze,116,,https://www.icho-official.org/results/results.php?id=33&year=2001
Chemistry,IChO,2001,Adriana Marquez,Mexico,Bronze,117,,https://www.icho-official.org/results/results.php?id=33&year=2001
Chemistry,IChO,2001,Bryony Lau,Canada,Bronze,118,,https://www.icho-official.org/results/results.php?id=33&year=2001
Chemistry,IChO,2001,Franz Martinez,Mexico,Bronze,119,,https://www.icho-official.org/results/results.php?id=33&year=2001
Chemistry,IChO,2001,Daan Brinks,Netherlands,Bronze,120,,https://www.icho-official.org/results/results.php?id=33&year=2001
Chemistry,IChO,2001,TorErik Kristensen,Norway,Bronze,121,,https://www.icho-official.org/results/results.php?id=33&year=2001
Chemistry,IChO,2001,Vjekoslav Štrukil,Croatia,Bronze,122,,https://www.icho-official.org/results/results.php?id=33&year=2001
Chemistry,IChO,2001,Gabriele Rosi,Italy,Bronze,123,,https://www.icho-official.org/results/results.php?id=33&year=2001
Chemistry,IChO,2001,Jazmin Godoy,Mexico,Bronze,124,,https://www.icho-official.org/results/results.php?id=33&year=2001
Chemistry,IChO,2001,Matija Perne,Slovenia,Bronze,125,,https://www.icho-official.org/results/results.php?id=33&year=2001
Chemistry,IChO,2001,Taskyn Shokanbay,Kazakhstan,Bronze,126,,https://www.icho-official.org/results/results.php?id=33&year=2001
Chemistry,IChO,2001,Alexander Lewis,United Kingdom,Bronze,127,,https://www.icho-official.org/results/results.php?id=33&year=2001
Chemistry,IChO,2001,Alexandre Depouhon,Belgium,Bronze,128,,https://www.icho-official.org/results/results.php?id=33&year=2001
Chemistry,IChO,2001,Lone Nielsen,Denmark,Bronze,129,,https://www.icho-official.org/results/results.php?id=33&year=2001
Chemistry,IChO,2001,Teemu Järvinen,Finland,Bronze,130,,https://www.icho-official.org/results/results.php?id=33&year=2001
Chemistry,IChO,2001,Arya Ghadimi,Canada,Bronze,131,,https://www.icho-official.org/results/results.php?id=33&year=2001
Chemistry,IChO,2001,Binh Pham Thi Nam,Vietnam,Honourable Mention,132,,https://www.icho-official.org/results/results.php?id=33&year=2001
Chemistry,IChO,2001,Kiril Lanevskij,Lithuania,Participant,,,https://www.icho-official.org/results/results.php?id=33&year=2001
Chemistry,IChO,2001,Halvor Schroder Hansen,Norway,Participant,,,https://www.icho-official.org/results/results.php?id=33&year=2001
Chemistry,IChO,2001,Indrek Koppel,Estonia,Participant,,,https://www.icho-official.org/results/results.php?id=33&year=2001
Chemistry,IChO,2001,Juan R. Menolascino,Venezuela,Honourable Mention,136,,https://www.icho-official.org/results/results.php?id=33&year=2001
Chemistry,IChO,2001,Ulrich Lubmann,Germany,Honourable Mention,137,,https://www.icho-official.org/results/results.php?id=33&year=2001
Chemistry,IChO,2001,Gunther Zechmann,Austria,Participant,,,https://www.icho-official.org/results/results.php?id=33&year=2001
Chemistry,IChO,2001,Viktor Vafeiadis,Greece,Participant,,,https://www.icho-official.org/results/results.php?id=33&year=2001
Chemistry,IChO,2001,Marcus Paulo Fernandes Amarante,Brazil,Participant,,,https://www.icho-official.org/results/results.php?id=33&year=2001
Chemistry,IChO,2001,Karin Oberg,Sweden,Participant,,,https://www.icho-official.org/results/results.php?id=33&year=2001
Chemistry,IChO,2001,Marina Syrimis,Cyprus,Honourable Mention,142,,https://www.icho-official.org/results/results.php?id=33&year=2001
Chemistry,IChO,2001,Nena Peran,Croatia,Honourable Mention,143,,https://www.icho-official.org/results/results.php?id=33&year=2001
Chemistry,IChO,2001,Kenneth Delie,Belgium,Honourable Mention,144,,https://www.icho-official.org/results/results.php?id=33&year=2001
Chemistry,IChO,2001,Erik Karlsson,Sweden,Participant,,,https://www.icho-official.org/results/results.php?id=33&year=2001
Chemistry,IChO,2001,Araz Javadov,Azerbaijan,Participant,,,https://www.icho-official.org/results/results.php?id=33&year=2001
Chemistry,IChO,2001,Pier Luigi Cappetta,Italy,Honourable Mention,147,,https://www.icho-official.org/results/results.php?id=33&year=2001
Chemistry,IChO,2001,Irena Rupnik,Slovenia,Participant,,,https://www.icho-official.org/results/results.php?id=33&year=2001
Chemistry,IChO,2001,Jack Chen,New Zealand,Participant,,,https://www.icho-official.org/results/results.php?id=33&year=2001
Chemistry,IChO,2001,Elshad Abdullaev,Azerbaijan,Participant,,,https://www.icho-official.org/results/results.php?id=33&year=2001
Chemistry,IChO,2001,Urte Neniskyte,Lithuania,Participant,,,https://www.icho-official.org/results/results.php?id=33&year=2001
Chemistry,IChO,2001,Ifnu Bima Fatkan,Indonesia,Participant,,,https://www.icho-official.org/results/results.php?id=33&year=2001
Chemistry,IChO,2001,Pieter Everaerts,Belgium,Honourable Mention,153,,https://www.icho-official.org/results/results.php?id=33&year=2001
Chemistry,IChO,2001,Sergio S. Gascon,Spain,Participant,,,https://www.icho-official.org/results/results.php?id=33&year=2001
Chemistry,IChO,2001,Torfinn Haland,Norway,Participant,,,https://www.icho-official.org/results/results.php?id=33&year=2001
Chemistry,IChO,2001,Constantina Pospori,Cyprus,Participant,,,https://www.icho-official.org/results/results.php?id=33&year=2001
Chemistry,IChO,2001,Aaron Farry,Ireland,Participant,,,https://www.icho-official.org/results/results.php?id=33&year=2001
Chemistry,IChO,2001,Teemu Rajala,Finland,Participant,,,https://www.icho-official.org/results/results.php?id=33&year=2001
Chemistry,IChO,2001,Rosalind Phillips,New Zealand,Participant,,,https://www.icho-official.org/results/results.php?id=33&year=2001
Chemistry,IChO,2001,Maaike Van den-Heuvel,Netherlands,Participant,,,https://www.icho-official.org/results/results.php?id=33&year=2001
Chemistry,IChO,2001,George Chimonides,Cyprus,Honourable Mention,161,,https://www.icho-official.org/results/results.php?id=33&year=2001
Chemistry,IChO,2001,Mikk Eelmets,Estonia,Honourable Mention,162,,https://www.icho-official.org/results/results.php?id=33&year=2001
Chemistry,IChO,2001,Jean-Francois Maillart,Belgium,Participant,,,https://www.icho-official.org/results/results.php?id=33&year=2001
Chemistry,IChO,2001,Elise Halff,Netherlands,Participant,,,https://www.icho-official.org/results/results.php?id=33&year=2001
Chemistry,IChO,2001,Hans Henrik Werge,Denmark,Participant,,,https://www.icho-official.org/results/results.php?id=33&year=2001
Chemistry,IChO,2001,Tomas Radzvilavicius,Lithuania,Participant,,,https://www.icho-official.org/results/results.php?id=33&year=2001
Chemistry,IChO,2001,Marco Di Antonio,Italy,Participant,,,https://www.icho-official.org/results/results.php?id=33&year=2001
Chemistry,IChO,2001,Tuomas Kangasniemi,Finland,Honourable Mention,168,,https://www.icho-official.org/results/results.php?id=33&year=2001
Chemistry,IChO,2001,Jonas Bacelis,Lithuania,Participant,,,https://www.icho-official.org/results/results.php?id=33&year=2001
Chemistry,IChO,2001,Anuar Nurtazin,Kazakhstan,Participant,,,https://www.icho-official.org/results/results.php?id=33&year=2001
Chemistry,IChO,2001,Marina Juribašić,Croatia,Participant,,,https://www.icho-official.org/results/results.php?id=33&year=2001
Chemistry,IChO,2001,Angela Moncada Pazos,Spain,Participant,,,https://www.icho-official.org/results/results.php?id=33&year=2001
Chemistry,IChO,2001,Marisol Garcia,Argentina,Participant,,,https://www.icho-official.org/results/results.php?id=33&year=2001
Chemistry,IChO,2001,Ulrich Nevenschwander,Switzerland,Participant,,,https://www.icho-official.org/results/results.php?id=33&year=2001
Chemistry,IChO,2001,Karin Birbaum,Switzerland,Participant,,,https://www.icho-official.org/results/results.php?id=33&year=2001
Chemistry,IChO,2001,Antons Sizovg,Latvia,Participant,,,https://www.icho-official.org/results/results.php?id=33&year=2001
Chemistry,IChO,2001,Michelle Maria Teixeira Figueiredo,Brazil,Participant,,,https://www.icho-official.org/results/results.php?id=33&year=2001
Chemistry,IChO,2001,Thomas Stecher,Austria,Participant,,,https://www.icho-official.org/results/results.php?id=33&year=2001
Chemistry,IChO,2001,Yenni Budiman,Indonesia,Participant,,,https://www.icho-official.org/results/results.php?id=33&year=2001
Chemistry,IChO,2001,Dimitar Pashov,Bulgaria,Participant,,,https://www.icho-official.org/results/results.php?id=33&year=2001
Chemistry,IChO,2001,Martin Kotyrba,Switzerland,Participant,,,https://www.icho-official.org/results/results.php?id=33&year=2001
Chemistry,IChO,2001,Mariana Plazas,Venezuela,Honourable Mention,182,,https://www.icho-official.org/results/results.php?id=33&year=2001
Chemistry,IChO,2001,Jurij Dreo,Slovenia,Participant,,,https://www.icho-official.org/results/results.php?id=33&year=2001
Chemistry,IChO,2001,Deniss Kazlausks,Latvia,Participant,,,https://www.icho-official.org/results/results.php?id=33&year=2001
Chemistry,IChO,2001,Charalambos Bechlioulis,Greece,Participant,,,https://www.icho-official.org/results/results.php?id=33&year=2001
Chemistry,IChO,2001,Luiz Bruno Pereira Lima,Brazil,Participant,,,https://www.icho-official.org/results/results.php?id=33&year=2001
Chemistry,IChO,2001,Albin Eriksson Ostman,Sweden,Participant,,,https://www.icho-official.org/results/results.php?id=33&year=2001
Chemistry,IChO,2001,Rashid Amirov,Kazakhstan,Honourable Mention,188,,https://www.icho-official.org/results/results.php?id=33&year=2001
Chemistry,IChO,2001,Andrej Furlan,Slovenia,Participant,,,https://www.icho-official.org/results/results.php?id=33&year=2001
Chemistry,IChO,2001,Teemu Isojarui,Finland,Honourable Mention,190,,https://www.icho-official.org/results/results.php?id=33&year=2001
Chemistry,IChO,2001,Dagnis Valters,Latvia,Participant,,,https://www.icho-official.org/results/results.php?id=33&year=2001
Chemistry,IChO,2001,Carlos Henrique,Brazil,Participant,,,https://www.icho-official.org/results/results.php?id=33&year=2001
Chemistry,IChO,2001,Amanda Nevin,Ireland,Participant,,,https://www.icho-official.org/results/results.php?id=33&year=2001
Chemistry,IChO,2001,Vanessa Campioli,Venezuela,Participant,,,https://www.icho-official.org/results/results.php?id=33&year=2001
Chemistry,IChO,2001,Alessandro Trigilio,Venezuela,Participant,,,https://www.icho-official.org/results/results.php?id=33&year=2001
Chemistry,IChO,2001,Marta Faraldo Sanchez,Spain,Participant,,,https://www.icho-official.org/results/results.php?id=33&year=2001
Chemistry,IChO,2001,Tynshtyk Amatov,Kyrgyzstan,Participant,,,https://www.icho-official.org/results/results.php?id=33&year=2001
Chemistry,IChO,2001,Ioannis Kordonis,Greece,Participant,,,https://www.icho-official.org/results/results.php?id=33&year=2001
Chemistry,IChO,2001,Rosalind Archer,Ireland,Participant,,,https://www.icho-official.org/results/results.php?id=33&year=2001
Chemistry,IChO,2001,Filip Shushkov,Bulgaria,Participant,,,https://www.icho-official.org/results/results.php?id=33&year=2001
Chemistry,IChO,2001,Mihail Kostujev,Kyrgyzstan,Participant,,,https://www.icho-official.org/results/results.php?id=33&year=2001
Chemistry,IChO,2001,Jan Hilhorst,Netherlands,Participant,,,https://www.icho-official.org/results/results.php?id=33&year=2001
Chemistry,IChO,2001,Ahmed Alsafi,Kuwait,Participant,,,https://www.icho-official.org/results/results.php?id=33&year=2001
Chemistry,IChO,2001,Albert Morel Bollard,New Zealand,Honourable Mention,204,,https://www.icho-official.org/results/results.php?id=33&year=2001
Chemistry,IChO,2001,Niall Murphy,Ireland,Participant,,,https://www.icho-official.org/results/results.php?id=33&year=2001
Chemistry,IChO,2001,Altynbek Dyshonaliev,Kyrgyzstan,Participant,,,https://www.icho-official.org/results/results.php?id=33&year=2001
Chemistry,IChO,2001,Jonas Mansson,Sweden,Participant,,,https://www.icho-official.org/results/results.php?id=33&year=2001
Chemistry,IChO,2001,Konstantinos Bakogiannis,Greece,Participant,,,https://www.icho-official.org/results/results.php?id=33&year=2001
Chemistry,IChO,2001,Elnur Mamadov,Azerbaijan,Participant,,,https://www.icho-official.org/results/results.php?id=33&year=2001
Chemistry,IChO,2001,Rami Aldhafiri,Kuwait,Participant,,,https://www.icho-official.org/results/results.php?id=33&year=2001
Chemistry,IChO,2002,Ye Zhu,"China, People's Republic of",Gold,1,,https://www.icho-official.org/results/results.php?id=34&year=2002
Chemistry,IChO,2002,Hua Lu,"China, People's Republic of",Gold,2,,https://www.icho-official.org/results/results.php?id=34&year=2002
Chemistry,IChO,2002,Sumit Kumar,India,Gold,3,,https://www.icho-official.org/results/results.php?id=34&year=2002
Chemistry,IChO,2002,Marcin Kałek,Poland,Gold,4,,https://www.icho-official.org/results/results.php?id=34&year=2002
Chemistry,IChO,2002,Wei Shan Liu,"China, People's Republic of",Gold,5,,https://www.icho-official.org/results/results.php?id=34&year=2002
Chemistry,IChO,2002,Feng Wang,"China, People's Republic of",Gold,6,,https://www.icho-official.org/results/results.php?id=34&year=2002
Chemistry,IChO,2002,C.-J. Lin,Chinese Taipei,Gold,7,,https://www.icho-official.org/results/results.php?id=34&year=2002
Chemistry,IChO,2002,Dmytro Panov,Ukraine,Gold,8,,https://www.icho-official.org/results/results.php?id=34&year=2002
Chemistry,IChO,2002,David Koller,Austria,Gold,9,,https://www.icho-official.org/results/results.php?id=34&year=2002
Chemistry,IChO,2002,M.Hyung Kim,"Korea, Republic of",Gold,10,,https://www.icho-official.org/results/results.php?id=34&year=2002
Chemistry,IChO,2002,Chayasith Uttamapinant,Thailand,Gold,11,,https://www.icho-official.org/results/results.php?id=34&year=2002
Chemistry,IChO,2002,Jong Hyuk Lee,"Korea, Republic of",Gold,12,,https://www.icho-official.org/results/results.php?id=34&year=2002
Chemistry,IChO,2002,C.y Lin(2),Chinese Taipei,Gold,13,,https://www.icho-official.org/results/results.php?id=34&year=2002
Chemistry,IChO,2002,Zsófia Szalay,Hungary,Gold,14,,https://www.icho-official.org/results/results.php?id=34&year=2002
Chemistry,IChO,2002,Pichamol Jirapinyo,Thailand,Gold,15,,https://www.icho-official.org/results/results.php?id=34&year=2002
Chemistry,IChO,2002,Jacek Bil,Poland,Gold,16,,https://www.icho-official.org/results/results.php?id=34&year=2002
Chemistry,IChO,2002,Chalida Nakornchai,Thailand,Gold,17,,https://www.icho-official.org/results/results.php?id=34&year=2002
Chemistry,IChO,2002,Salim Dewani,India,Gold,18,,https://www.icho-official.org/results/results.php?id=34&year=2002
Chemistry,IChO,2002,Nvralsadat Torabi,"Iran, Islamic Republic of",Gold,19,,https://www.icho-official.org/results/results.php?id=34&year=2002
Chemistry,IChO,2002,Igor Sedov,Russian Federation,Gold,20,,https://www.icho-official.org/results/results.php?id=34&year=2002
Chemistry,IChO,2002,Helen Shi,USA,Gold,21,,https://www.icho-official.org/results/results.php?id=34&year=2002
Chemistry,IChO,2002,Alex Wong,Australia,Gold,22,,https://www.icho-official.org/results/results.php?id=34&year=2002
Chemistry,IChO,2002,Ivan Kassal,Croatia,Gold,23,,https://www.icho-official.org/results/results.php?id=34&year=2002
Chemistry,IChO,2002,Kristian Vestli,Norway,Gold,24,,https://www.icho-official.org/results/results.php?id=34&year=2002
Chemistry,IChO,2002,Daniel Cissell,USA,Gold,25,,https://www.icho-official.org/results/results.php?id=34&year=2002
Chemistry,IChO,2002,Thomas Stecher,Austria,Gold,26,,https://www.icho-official.org/results/results.php?id=34&year=2002
Chemistry,IChO,2002,Alexander Rodenberg,Germany,Gold,27,,https://www.icho-official.org/results/results.php?id=34&year=2002
Chemistry,IChO,2002,Oleg Vechorkin,Ukraine,Silver,28,,https://www.icho-official.org/results/results.php?id=34&year=2002
Chemistry,IChO,2002,Seraphine Valeska Wegner,Türkiye,Silver,29,,https://www.icho-official.org/results/results.php?id=34&year=2002
Chemistry,IChO,2002,Andrey Solovyev,Russian Federation,Silver,30,,https://www.icho-official.org/results/results.php?id=34&year=2002
Chemistry,IChO,2002,Armin Thalhammer,Austria,Silver,31,,https://www.icho-official.org/results/results.php?id=34&year=2002
Chemistry,IChO,2002,Márton Bein,Hungary,Silver,32,,https://www.icho-official.org/results/results.php?id=34&year=2002
Chemistry,IChO,2002,Vladislav Ivaništšev,Estonia,Silver,33,,https://www.icho-official.org/results/results.php?id=34&year=2002
Chemistry,IChO,2002,Y.-C. Wang,Chinese Taipei,Silver,34,,https://www.icho-official.org/results/results.php?id=34&year=2002
Chemistry,IChO,2002,Patrick Kim,Canada,Silver,35,,https://www.icho-official.org/results/results.php?id=34&year=2002
Chemistry,IChO,2002,Colin Whittaker,USA,Silver,36,,https://www.icho-official.org/results/results.php?id=34&year=2002
Chemistry,IChO,2002,Simon Kluepfel,Germany,Silver,37,,https://www.icho-official.org/results/results.php?id=34&year=2002
Chemistry,IChO,2002,Wojciech Koryczan,United Kingdom,Silver,38,,https://www.icho-official.org/results/results.php?id=34&year=2002
Chemistry,IChO,2002,Chawita Netirojjanakul,Thailand,Silver,39,,https://www.icho-official.org/results/results.php?id=34&year=2002
Chemistry,IChO,2002,Hai Dao Thanh,Vietnam,Silver,40,,https://www.icho-official.org/results/results.php?id=34&year=2002
Chemistry,IChO,2002,M. Shahi,"Iran, Islamic Republic of",Silver,41,,https://www.icho-official.org/results/results.php?id=34&year=2002
Chemistry,IChO,2002,Pak Ling Lui,Singapore,Silver,42,,https://www.icho-official.org/results/results.php?id=34&year=2002
Chemistry,IChO,2002,Sam Salman,Australia,Silver,43,,https://www.icho-official.org/results/results.php?id=34&year=2002
Chemistry,IChO,2002,Sergiu Sima,Romania,Silver,44,,https://www.icho-official.org/results/results.php?id=34&year=2002
Chemistry,IChO,2002,C.-y Tsai,Chinese Taipei,Silver,45,,https://www.icho-official.org/results/results.php?id=34&year=2002
Chemistry,IChO,2002,Vincent Martí Centelles,Spain,Silver,46,,https://www.icho-official.org/results/results.php?id=34&year=2002
Chemistry,IChO,2002,Dmytro Radchenko,Ukraine,Silver,47,,https://www.icho-official.org/results/results.php?id=34&year=2002
Chemistry,IChO,2002,Liang Hong,Canada,Silver,48,,https://www.icho-official.org/results/results.php?id=34&year=2002
Chemistry,IChO,2002,Pavel Starkov,Estonia,Silver,49,,https://www.icho-official.org/results/results.php?id=34&year=2002
Chemistry,IChO,2002,Dustin Tseng,Canada,Silver,50,,https://www.icho-official.org/results/results.php?id=34&year=2002
Chemistry,IChO,2002,Nam Le Hoai,Vietnam,Silver,51,,https://www.icho-official.org/results/results.php?id=34&year=2002
Chemistry,IChO,2002,Yong Yin Kim,"Korea, Republic of",Silver,52,,https://www.icho-official.org/results/results.php?id=34&year=2002
Chemistry,IChO,2002,Kirill Piatkevich,Belarus,Silver,53,,https://www.icho-official.org/results/results.php?id=34&year=2002
Chemistry,IChO,2002,Anton Gorokhov,Ukraine,Silver,54,,https://www.icho-official.org/results/results.php?id=34&year=2002
Chemistry,IChO,2002,A. Ersbak Bang Nielsen,Denmark,Silver,55,,https://www.icho-official.org/results/results.php?id=34&year=2002
Chemistry,IChO,2002,Aurélien Bocquet,France,Silver,56,,https://www.icho-official.org/results/results.php?id=34&year=2002
Chemistry,IChO,2002,Chun Ghee Tan,Singapore,Silver,57,,https://www.icho-official.org/results/results.php?id=34&year=2002
Chemistry,IChO,2002,Aset Iskakov,Kazakhstan,Silver,58,,https://www.icho-official.org/results/results.php?id=34&year=2002
Chemistry,IChO,2002,Nguyen Trinh,United Kingdom,Silver,59,,https://www.icho-official.org/results/results.php?id=34&year=2002
Chemistry,IChO,2002,Lars Plate,Germany,Silver,60,,https://www.icho-official.org/results/results.php?id=34&year=2002
Chemistry,IChO,2002,Anuar Nurtazin,Kazakhstan,Silver,61,,https://www.icho-official.org/results/results.php?id=34&year=2002
Chemistry,IChO,2002,Jaime Iranzo Sanz,Spain,Silver,62,,https://www.icho-official.org/results/results.php?id=34&year=2002
Chemistry,IChO,2002,Michał Karbownik,Poland,Silver,63,,https://www.icho-official.org/results/results.php?id=34&year=2002
Chemistry,IChO,2002,Anton Sizovs,Latvia,Silver,64,,https://www.icho-official.org/results/results.php?id=34&year=2002
Chemistry,IChO,2002,Gökhan Barin,Türkiye,Silver,65,,https://www.icho-official.org/results/results.php?id=34&year=2002
Chemistry,IChO,2002,Paulius Lukas Tamošiūnas,Lithuania,Silver,66,,https://www.icho-official.org/results/results.php?id=34&year=2002
Chemistry,IChO,2002,Jonas Bačelis,Lithuania,Silver,67,,https://www.icho-official.org/results/results.php?id=34&year=2002
Chemistry,IChO,2002,Mehdi Shirdel,"Iran, Islamic Republic of",Silver,68,,https://www.icho-official.org/results/results.php?id=34&year=2002
Chemistry,IChO,2002,Bertrand Monserand,France,Silver,69,,https://www.icho-official.org/results/results.php?id=34&year=2002
Chemistry,IChO,2002,Teemu Rajala,Finland,Silver,70,,https://www.icho-official.org/results/results.php?id=34&year=2002
Chemistry,IChO,2002,Erik Szabo,Slovakia,Silver,71,,https://www.icho-official.org/results/results.php?id=34&year=2002
Chemistry,IChO,2002,I.S. Kim,"Korea, Republic of",Silver,72,,https://www.icho-official.org/results/results.php?id=34&year=2002
Chemistry,IChO,2002,Peter Ledochowitsch,Germany,Silver,73,,https://www.icho-official.org/results/results.php?id=34&year=2002
Chemistry,IChO,2002,Evgeniy Larionov,Russian Federation,Silver,74,,https://www.icho-official.org/results/results.php?id=34&year=2002
Chemistry,IChO,2002,Sergio Bacallado,Venezuela,Silver,75,,https://www.icho-official.org/results/results.php?id=34&year=2002
Chemistry,IChO,2002,Patrick Ludl,Austria,Silver,76,,https://www.icho-official.org/results/results.php?id=34&year=2002
Chemistry,IChO,2002,Betül Özkalay,Türkiye,Bronze,77,,https://www.icho-official.org/results/results.php?id=34&year=2002
Chemistry,IChO,2002,P. Valkama,Finland,Bronze,78,,https://www.icho-official.org/results/results.php?id=34&year=2002
Chemistry,IChO,2002,Ying Xim Tan,Singapore,Bronze,79,,https://www.icho-official.org/results/results.php?id=34&year=2002
Chemistry,IChO,2002,Anton Repko,Slovakia,Bronze,80,,https://www.icho-official.org/results/results.php?id=34&year=2002
Chemistry,IChO,2002,Murat Küçükdişli,Türkiye,Bronze,81,,https://www.icho-official.org/results/results.php?id=34&year=2002
Chemistry,IChO,2002,J. Aqaiary,"Iran, Islamic Republic of",Bronze,82,,https://www.icho-official.org/results/results.php?id=34&year=2002
Chemistry,IChO,2002,Denis Menshykov,Belarus,Bronze,83,,https://www.icho-official.org/results/results.php?id=34&year=2002
Chemistry,IChO,2002,Toby Burrows,United Kingdom,Bronze,84,,https://www.icho-official.org/results/results.php?id=34&year=2002
Chemistry,IChO,2002,Patricia Ceballos Carrascosa,Spain,Bronze,85,,https://www.icho-official.org/results/results.php?id=34&year=2002
Chemistry,IChO,2002,Dávid Parázs,Hungary,Bronze,86,,https://www.icho-official.org/results/results.php?id=34&year=2002
Chemistry,IChO,2002,Eva Pluhařová,Czech Republic,Bronze,87,,https://www.icho-official.org/results/results.php?id=34&year=2002
Chemistry,IChO,2002,Anh Cao Thị Phương,Vietnam,Bronze,88,,https://www.icho-official.org/results/results.php?id=34&year=2002
Chemistry,IChO,2002,Charles Yeung,Canada,Bronze,89,,https://www.icho-official.org/results/results.php?id=34&year=2002
Chemistry,IChO,2002,Timothy Davenport,USA,Bronze,90,,https://www.icho-official.org/results/results.php?id=34&year=2002
Chemistry,IChO,2002,Purnomo Arif Abdillah,Indonesia,Bronze,91,,https://www.icho-official.org/results/results.php?id=34&year=2002
Chemistry,IChO,2002,Gerald Teng,Australia,Bronze,92,,https://www.icho-official.org/results/results.php?id=34&year=2002
Chemistry,IChO,2002,A. Rosenthal,Netherlands,Bronze,93,,https://www.icho-official.org/results/results.php?id=34&year=2002
Chemistry,IChO,2002,Gabriele Rosi,Italy,Bronze,94,,https://www.icho-official.org/results/results.php?id=34&year=2002
Chemistry,IChO,2002,Dario Cericola,Italy,Bronze,95,,https://www.icho-official.org/results/results.php?id=34&year=2002
Chemistry,IChO,2002,Teemu Järvinen,Finland,Bronze,96,,https://www.icho-official.org/results/results.php?id=34&year=2002
Chemistry,IChO,2002,Arjun Krishnan,India,Bronze,97,,https://www.icho-official.org/results/results.php?id=34&year=2002
Chemistry,IChO,2002,Gabriel Salierno,Argentina,Bronze,98,,https://www.icho-official.org/results/results.php?id=34&year=2002
Chemistry,IChO,2002,Kelvin Peng,New Zealand,Bronze,99,,https://www.icho-official.org/results/results.php?id=34&year=2002
Chemistry,IChO,2002,Richard Chudoba,Czech Republic,Bronze,100,,https://www.icho-official.org/results/results.php?id=34&year=2002
Chemistry,IChO,2002,Dagnis Valters,Latvia,Bronze,101,,https://www.icho-official.org/results/results.php?id=34&year=2002
Chemistry,IChO,2002,Dimitar Pashov,Bulgaria,Bronze,102,,https://www.icho-official.org/results/results.php?id=34&year=2002
Chemistry,IChO,2002,Bohuslav Drahoš,Czech Republic,Bronze,103,,https://www.icho-official.org/results/results.php?id=34&year=2002
Chemistry,IChO,2002,Edmund Bolton,United Kingdom,Bronze,104,,https://www.icho-official.org/results/results.php?id=34&year=2002
Chemistry,IChO,2002,Pablo Nuñez,Argentina,Bronze,105,,https://www.icho-official.org/results/results.php?id=34&year=2002
Chemistry,IChO,2002,Shriram Shivaraman,India,Bronze,106,,https://www.icho-official.org/results/results.php?id=34&year=2002
Chemistry,IChO,2002,Oľga Karlubíková,Slovakia,Bronze,107,,https://www.icho-official.org/results/results.php?id=34&year=2002
Chemistry,IChO,2002,János Balogh,Hungary,Bronze,108,,https://www.icho-official.org/results/results.php?id=34&year=2002
Chemistry,IChO,2002,Manuel Alejandro Díaz Tinoco,Mexico,Bronze,109,,https://www.icho-official.org/results/results.php?id=34&year=2002
Chemistry,IChO,2002,Ilya Glebov,Russian Federation,Bronze,110,,https://www.icho-official.org/results/results.php?id=34&year=2002
Chemistry,IChO,2002,Oliver Thorn-Seshold,Australia,Bronze,111,,https://www.icho-official.org/results/results.php?id=34&year=2002
Chemistry,IChO,2002,Ana Cristina Glăvan,Romania,Bronze,112,,https://www.icho-official.org/results/results.php?id=34&year=2002
Chemistry,IChO,2002,Yuri Sammuel Costa de Morales,Brazil,Bronze,113,,https://www.icho-official.org/results/results.php?id=34&year=2002
Chemistry,IChO,2002,Filip Kolundžić,Croatia,Bronze,114,,https://www.icho-official.org/results/results.php?id=34&year=2002
Chemistry,IChO,2002,Tonja Gradišek,Slovenia,Bronze,115,,https://www.icho-official.org/results/results.php?id=34&year=2002
Chemistry,IChO,2002,Filip Shushkov,Bulgaria,Bronze,116,,https://www.icho-official.org/results/results.php?id=34&year=2002
Chemistry,IChO,2002,Wojciech Skomorowski,Poland,Bronze,117,,https://www.icho-official.org/results/results.php?id=34&year=2002
Chemistry,IChO,2002,Rafael Tajra Fonteles,Brazil,Bronze,118,,https://www.icho-official.org/results/results.php?id=34&year=2002
Chemistry,IChO,2002,Aleksey Putov,Belarus,Bronze,119,,https://www.icho-official.org/results/results.php?id=34&year=2002
Chemistry,IChO,2002,Rachel Ruiqi Wang,Singapore,Bronze,120,,https://www.icho-official.org/results/results.php?id=34&year=2002
Chemistry,IChO,2002,Daniel Nedelcu,Romania,Bronze,121,,https://www.icho-official.org/results/results.php?id=34&year=2002
Chemistry,IChO,2002,H. Moons,Netherlands,Bronze,122,,https://www.icho-official.org/results/results.php?id=34&year=2002
Chemistry,IChO,2002,Tomáš Hrobárik,Slovakia,Bronze,123,,https://www.icho-official.org/results/results.php?id=34&year=2002
Chemistry,IChO,2002,R. Groote,Netherlands,Bronze,124,,https://www.icho-official.org/results/results.php?id=34&year=2002
Chemistry,IChO,2002,M. Kristiansen,Denmark,Bronze,125,,https://www.icho-official.org/results/results.php?id=34&year=2002
Chemistry,IChO,2002,Miguel Modestino,Venezuela,Bronze,126,,https://www.icho-official.org/results/results.php?id=34&year=2002
Chemistry,IChO,2002,Aliaksandr Zhdanko,Belarus,Bronze,127,,https://www.icho-official.org/results/results.php?id=34&year=2002
Chemistry,IChO,2002,Klemen Šivic,Slovenia,Bronze,128,,https://www.icho-official.org/results/results.php?id=34&year=2002
Chemistry,IChO,2002,Vladislav Malofeev,Ireland,Bronze,129,,https://www.icho-official.org/results/results.php?id=34&year=2002
Chemistry,IChO,2002,Milton Cordone,Argentina,Bronze,130,,https://www.icho-official.org/results/results.php?id=34&year=2002
Chemistry,IChO,2002,Serdar Hayfiyev,Turkmenistan,Bronze,131,,https://www.icho-official.org/results/results.php?id=34&year=2002
Chemistry,IChO,2002,Araz Javadov,Azerbaijan,Bronze,132,,https://www.icho-official.org/results/results.php?id=34&year=2002
Chemistry,IChO,2002,Damien Cartigny,France,Bronze,133,,https://www.icho-official.org/results/results.php?id=34&year=2002
Chemistry,IChO,2002,Jonas Kubilius,Lithuania,Bronze,134,,https://www.icho-official.org/results/results.php?id=34&year=2002
Chemistry,IChO,2002,Peter Shiu Cheung Lau,New Zealand,Bronze,135,,https://www.icho-official.org/results/results.php?id=34&year=2002
Chemistry,IChO,2002,Deborah Toner,Ireland,Bronze,136,,https://www.icho-official.org/results/results.php?id=34&year=2002
Chemistry,IChO,2002,Arjen Cnossen,Netherlands,Bronze,137,,https://www.icho-official.org/results/results.php?id=34&year=2002
Chemistry,IChO,2002,Katja Rade,Slovenia,Bronze,138,,https://www.icho-official.org/results/results.php?id=34&year=2002
Chemistry,IChO,2002,Andrew Yearsley,New Zealand,Bronze,139,,https://www.icho-official.org/results/results.php?id=34&year=2002
Chemistry,IChO,2002,Karina Kizjakina,Latvia,Bronze,140,,https://www.icho-official.org/results/results.php?id=34&year=2002
Chemistry,IChO,2002,Aman Begliyev,Turkmenistan,Bronze,141,,https://www.icho-official.org/results/results.php?id=34&year=2002
Chemistry,IChO,2002,A. Mertala,Sweden,Bronze,142,,https://www.icho-official.org/results/results.php?id=34&year=2002
Chemistry,IChO,2002,Gintautas Bagdžiūnas,Lithuania,Bronze,143,,https://www.icho-official.org/results/results.php?id=34&year=2002
Chemistry,IChO,2002,Tuomas Kangasniemi,Finland,Honourable Mention,144,,https://www.icho-official.org/results/results.php?id=34&year=2002
Chemistry,IChO,2002,Aurélie Schiltz,France,Participant,,,https://www.icho-official.org/results/results.php?id=34&year=2002
Chemistry,IChO,2002,Marco Di Antonio,Italy,Honourable Mention,146,,https://www.icho-official.org/results/results.php?id=34&year=2002
Chemistry,IChO,2002,Marta Enciso Carrasco,Spain,Participant,,,https://www.icho-official.org/results/results.php?id=34&year=2002
Chemistry,IChO,2002,Dimitar Ivanov,Bulgaria,Honourable Mention,148,,https://www.icho-official.org/results/results.php?id=34&year=2002
Chemistry,IChO,2002,Marte Ludvigsen,Norway,Honourable Mention,149,,https://www.icho-official.org/results/results.php?id=34&year=2002
Chemistry,IChO,2002,Joel Yuen Zhou,Mexico,Participant,,,https://www.icho-official.org/results/results.php?id=34&year=2002
Chemistry,IChO,2002,J. Genberg,Sweden,Honourable Mention,151,,https://www.icho-official.org/results/results.php?id=34&year=2002
Chemistry,IChO,2002,Tynchtyk Amatov,Kyrgyzstan,Honourable Mention,152,,https://www.icho-official.org/results/results.php?id=34&year=2002
Chemistry,IChO,2002,Neven Neven Franjić,Croatia,Honourable Mention,153,,https://www.icho-official.org/results/results.php?id=34&year=2002
Chemistry,IChO,2002,Tomáš Mikulka,Czech Republic,Participant,,,https://www.icho-official.org/results/results.php?id=34&year=2002
Chemistry,IChO,2002,Christine Lindstrom,Norway,Participant,,,https://www.icho-official.org/results/results.php?id=34&year=2002
Chemistry,IChO,2002,D. Vercauteren,Belgium,Honourable Mention,156,,https://www.icho-official.org/results/results.php?id=34&year=2002
Chemistry,IChO,2002,Aleksandrs Prokofjeus,Latvia,Participant,,,https://www.icho-official.org/results/results.php?id=34&year=2002
Chemistry,IChO,2002,Asylbek Nurgabdeshov,Kazakhstan,Honourable Mention,158,,https://www.icho-official.org/results/results.php?id=34&year=2002
Chemistry,IChO,2002,Yerzhigit Tolebekov,Kazakhstan,Honourable Mention,159,,https://www.icho-official.org/results/results.php?id=34&year=2002
Chemistry,IChO,2002,Martin Kotyrba,Switzerland,Participant,,,https://www.icho-official.org/results/results.php?id=34&year=2002
Chemistry,IChO,2002,Gemma Mason,New Zealand,Honourable Mention,161,,https://www.icho-official.org/results/results.php?id=34&year=2002
Chemistry,IChO,2002,Jevgenia Tamjar,Estonia,Honourable Mention,162,,https://www.icho-official.org/results/results.php?id=34&year=2002
Chemistry,IChO,2002,J. Holmqvist,Sweden,Participant,,,https://www.icho-official.org/results/results.php?id=34&year=2002
Chemistry,IChO,2002,Adriana Marquez Salcedo,Mexico,Participant,,,https://www.icho-official.org/results/results.php?id=34&year=2002
Chemistry,IChO,2002,Kenny Bravo Rodriguez,Cuba,Participant,,,https://www.icho-official.org/results/results.php?id=34&year=2002
Chemistry,IChO,2002,L. Jottrand,Belgium,Participant,,,https://www.icho-official.org/results/results.php?id=34&year=2002
Chemistry,IChO,2002,M. Farid Taufiqurrohman,Indonesia,Participant,,,https://www.icho-official.org/results/results.php?id=34&year=2002
Chemistry,IChO,2002,Perman Roziyev,Turkmenistan,Participant,,,https://www.icho-official.org/results/results.php?id=34&year=2002
Chemistry,IChO,2002,D. Waldorff,Denmark,Participant,,,https://www.icho-official.org/results/results.php?id=34&year=2002
Chemistry,IChO,2002,Pablo Aberbuj,Argentina,Participant,,,https://www.icho-official.org/results/results.php?id=34&year=2002
Chemistry,IChO,2002,Severin Schneebeli,Switzerland,Participant,,,https://www.icho-official.org/results/results.php?id=34&year=2002
Chemistry,IChO,2002,K. Marinopoulos,Greece,Honourable Mention,172,,https://www.icho-official.org/results/results.php?id=34&year=2002
Chemistry,IChO,2002,Yoanna Belezhanska,Bulgaria,Participant,,,https://www.icho-official.org/results/results.php?id=34&year=2002
Chemistry,IChO,2002,C. Tassin,Belgium,Honourable Mention,174,,https://www.icho-official.org/results/results.php?id=34&year=2002
Chemistry,IChO,2002,N. Moustakas,Greece,Participant,,,https://www.icho-official.org/results/results.php?id=34&year=2002
Chemistry,IChO,2002,Tuan Bui Huu,Vietnam,Honourable Mention,176,,https://www.icho-official.org/results/results.php?id=34&year=2002
Chemistry,IChO,2002,Peter Ludwig,Switzerland,Participant,,,https://www.icho-official.org/results/results.php?id=34&year=2002
Chemistry,IChO,2002,Ioannis Kordonis,Greece,Participant,,,https://www.icho-official.org/results/results.php?id=34&year=2002
Chemistry,IChO,2002,Radu Ciprian Racoviţă,Romania,Participant,,,https://www.icho-official.org/results/results.php?id=34&year=2002
Chemistry,IChO,2002,M.F. Patino,Venezuela,Participant,,,https://www.icho-official.org/results/results.php?id=34&year=2002
Chemistry,IChO,2002,K. Koupparis,Cyprus,Participant,,,https://www.icho-official.org/results/results.php?id=34&year=2002
Chemistry,IChO,2002,M. Plazas,Venezuela,Participant,,,https://www.icho-official.org/results/results.php?id=34&year=2002
Chemistry,IChO,2002,T. Lauridsen,Denmark,Honourable Mention,183,,https://www.icho-official.org/results/results.php?id=34&year=2002
Chemistry,IChO,2002,V. Perez Barzaga,Cuba,Honourable Mention,184,,https://www.icho-official.org/results/results.php?id=34&year=2002
Chemistry,IChO,2002,K. Sabyrov,Kyrgyzstan,Honourable Mention,185,,https://www.icho-official.org/results/results.php?id=34&year=2002
Chemistry,IChO,2002,Budiman Jimron,Indonesia,Participant,,,https://www.icho-official.org/results/results.php?id=34&year=2002
Chemistry,IChO,2002,M.-L Collignon,Belgium,Participant,,,https://www.icho-official.org/results/results.php?id=34&year=2002
Chemistry,IChO,2002,I.B. Gonzalez Valdes,Cuba,Participant,,,https://www.icho-official.org/results/results.php?id=34&year=2002
Chemistry,IChO,2002,Jasna Rodman,Slovenia,Participant,,,https://www.icho-official.org/results/results.php?id=34&year=2002
Chemistry,IChO,2002,Arquimedes Maia de Oliveira,Brazil,Honourable Mention,190,,https://www.icho-official.org/results/results.php?id=34&year=2002
Chemistry,IChO,2002,J. Mendoza,Mexico,Honourable Mention,191,,https://www.icho-official.org/results/results.php?id=34&year=2002
Chemistry,IChO,2002,K. Matsikaris,Cyprus,Participant,,,https://www.icho-official.org/results/results.php?id=34&year=2002
Chemistry,IChO,2002,Erlendur Jonsson,Iceland,Honourable Mention,193,,https://www.icho-official.org/results/results.php?id=34&year=2002
Chemistry,IChO,2002,Francesco Creati,Italy,Participant,,,https://www.icho-official.org/results/results.php?id=34&year=2002
Chemistry,IChO,2002,Teddy Salim,Indonesia,Participant,,,https://www.icho-official.org/results/results.php?id=34&year=2002
Chemistry,IChO,2002,Ilija Čorić,Croatia,Participant,,,https://www.icho-official.org/results/results.php?id=34&year=2002
Chemistry,IChO,2002,S. Volos,Cyprus,Participant,,,https://www.icho-official.org/results/results.php?id=34&year=2002
Chemistry,IChO,2002,Húni Sighvatsson,Iceland,Honourable Mention,198,,https://www.icho-official.org/results/results.php?id=34&year=2002
Chemistry,IChO,2002,Janilo Pereira Saraiva,Brazil,Honourable Mention,199,,https://www.icho-official.org/results/results.php?id=34&year=2002
Chemistry,IChO,2002,C. Cooray,Sweden,Honourable Mention,200,,https://www.icho-official.org/results/results.php?id=34&year=2002
Chemistry,IChO,2002,Siim Karus,Estonia,Honourable Mention,201,,https://www.icho-official.org/results/results.php?id=34&year=2002
Chemistry,IChO,2002,C. Nicolaidis,Cyprus,Participant,,,https://www.icho-official.org/results/results.php?id=34&year=2002
Chemistry,IChO,2002,Luciana Prini Guadalupe,Uruguay,Honourable Mention,203,,https://www.icho-official.org/results/results.php?id=34&year=2002
Chemistry,IChO,2002,Lydía Ósk Ómarsdóttir,Iceland,Participant,,,https://www.icho-official.org/results/results.php?id=34&year=2002
Chemistry,IChO,2002,Pauleen McGee,Ireland,Participant,,,https://www.icho-official.org/results/results.php?id=34&year=2002
Chemistry,IChO,2002,Elchin Heybatov,Azerbaijan,Participant,,,https://www.icho-official.org/results/results.php?id=34&year=2002
Chemistry,IChO,2002,Syrgak Zhumabaev,Kyrgyzstan,Honourable Mention,207,,https://www.icho-official.org/results/results.php?id=34&year=2002
Chemistry,IChO,2002,Narzulla Hodjonazarov,Turkmenistan,Participant,,,https://www.icho-official.org/results/results.php?id=34&year=2002
Chemistry,IChO,2002,Mairtin MacNamara,Ireland,Participant,,,https://www.icho-official.org/results/results.php?id=34&year=2002
Chemistry,IChO,2002,Maren Førland,Norway,Honourable Mention,210,,https://www.icho-official.org/results/results.php?id=34&year=2002
Chemistry,IChO,2002,Helga Dís Flosadóttir,Iceland,Participant,,,https://www.icho-official.org/results/results.php?id=34&year=2002
Chemistry,IChO,2002,J.E. Hernandez Gonzalez,Cuba,Participant,,,https://www.icho-official.org/results/results.php?id=34&year=2002
Chemistry,IChO,2002,Vinitha Pazhepurackel,Switzerland,Honourable Mention,213,,https://www.icho-official.org/results/results.php?id=34&year=2002
Chemistry,IChO,2002,Alicia Felix Giachero,Uruguay,Participant,,,https://www.icho-official.org/results/results.php?id=34&year=2002
Chemistry,IChO,2002,D. Davudov,Azerbaijan,Participant,,,https://www.icho-official.org/results/results.php?id=34&year=2002
Chemistry,IChO,2002,O. Musayev,Azerbaijan,Participant,,,https://www.icho-official.org/results/results.php?id=34&year=2002
Chemistry,IChO,2002,F. Aljassar,Kuwait,Participant,,,https://www.icho-official.org/results/results.php?id=34&year=2002
Chemistry,IChO,2002,M. Abd-Elmalck,Egypt,Participant,,,https://www.icho-official.org/results/results.php?id=34&year=2002
Chemistry,IChO,2002,Emil Estebesov,Kyrgyzstan,Participant,,,https://www.icho-official.org/results/results.php?id=34&year=2002
Chemistry,IChO,2002,F. Baron,Kuwait,Participant,,,https://www.icho-official.org/results/results.php?id=34&year=2002
Chemistry,IChO,2002,A. Yehya,Egypt,Participant,,,https://www.icho-official.org/results/results.php?id=34&year=2002
Chemistry,IChO,2002,L. Alhasan,Kuwait,Participant,,,https://www.icho-official.org/results/results.php?id=34&year=2002
Chemistry,IChO,2002,R. Abduljabar / Alfela,Kuwait,Participant,,,https://www.icho-official.org/results/results.php?id=34&year=2002
Chemistry,IChO,2002,N. Zahran,Egypt,Participant,,,https://www.icho-official.org/results/results.php?id=34&year=2002
Chemistry,IChO,2002,A. Soubih,Egypt,Participant,,,https://www.icho-official.org/results/results.php?id=34&year=2002
Chemistry,IChO,2003,Aleksei Putau,Belarus,Gold,1,,https://www.icho-official.org/results/results.php?id=35&year=2003
Chemistry,IChO,2003,Yashodhan Kanoria,India,Gold,2,,https://www.icho-official.org/results/results.php?id=35&year=2003
Chemistry,IChO,2003,Yan Zhou,"China, People's Republic of",Gold,3,,https://www.icho-official.org/results/results.php?id=35&year=2003
Chemistry,IChO,2003,Alaksandr Belov,Russian Federation,Gold,4,,https://www.icho-official.org/results/results.php?id=35&year=2003
Chemistry,IChO,2003,Qi Fan Yan,"China, People's Republic of",Gold,5,,https://www.icho-official.org/results/results.php?id=35&year=2003
Chemistry,IChO,2003,Benbo Ni,"China, People's Republic of",Gold,6,,https://www.icho-official.org/results/results.php?id=35&year=2003
Chemistry,IChO,2003,Vladislav Ivaništšev,Estonia,Gold,7,,https://www.icho-official.org/results/results.php?id=35&year=2003
Chemistry,IChO,2003,Yong Yin Kim,"Korea, Republic of",Gold,8,,https://www.icho-official.org/results/results.php?id=35&year=2003
Chemistry,IChO,2003,Rongrong Hu,"China, People's Republic of",Gold,9,,https://www.icho-official.org/results/results.php?id=35&year=2003
Chemistry,IChO,2003,Sergiy Kovalov,Ukraine,Gold,10,,https://www.icho-official.org/results/results.php?id=35&year=2003
Chemistry,IChO,2003,H. Sadeghi-Esfahani,"Iran, Islamic Republic of",Gold,11,,https://www.icho-official.org/results/results.php?id=35&year=2003
Chemistry,IChO,2003,Daniel Tofan,Romania,Gold,12,,https://www.icho-official.org/results/results.php?id=35&year=2003
Chemistry,IChO,2003,Aravindan Vijayaraghavan,India,Gold,13,,https://www.icho-official.org/results/results.php?id=35&year=2003
Chemistry,IChO,2003,Szilvia Lakatos,Hungary,Gold,14,,https://www.icho-official.org/results/results.php?id=35&year=2003
Chemistry,IChO,2003,B.O. Na,"Korea, Republic of",Gold,15,,https://www.icho-official.org/results/results.php?id=35&year=2003
Chemistry,IChO,2003,H. Sanikhani,"Iran, Islamic Republic of",Gold,16,,https://www.icho-official.org/results/results.php?id=35&year=2003
Chemistry,IChO,2003,Eric Zimanyi,Canada,Gold,17,,https://www.icho-official.org/results/results.php?id=35&year=2003
Chemistry,IChO,2003,Y.-T. Lu,Chinese Taipei,Gold,18,,https://www.icho-official.org/results/results.php?id=35&year=2003
Chemistry,IChO,2003,Yan Choi Lam,Singapore,Gold,19,,https://www.icho-official.org/results/results.php?id=35&year=2003
Chemistry,IChO,2003,Anh Cao Thi Phoong,Vietnam,Gold,20,,https://www.icho-official.org/results/results.php?id=35&year=2003
Chemistry,IChO,2003,Henry Bittig,Germany,Gold,21,,https://www.icho-official.org/results/results.php?id=35&year=2003
Chemistry,IChO,2003,Richard Wendler,Germany,Gold,22,,https://www.icho-official.org/results/results.php?id=35&year=2003
Chemistry,IChO,2003,Apichat Aphaiwong,Thailand,Gold,23,,https://www.icho-official.org/results/results.php?id=35&year=2003
Chemistry,IChO,2003,Attila Gőgh,Hungary,Gold,24,,https://www.icho-official.org/results/results.php?id=35&year=2003
Chemistry,IChO,2003,Armin Thrlhammer,Austria,Gold,25,,https://www.icho-official.org/results/results.php?id=35&year=2003
Chemistry,IChO,2003,Paweł Śledz,Poland,Gold,26,,https://www.icho-official.org/results/results.php?id=35&year=2003
Chemistry,IChO,2003,M. Gharaei,"Iran, Islamic Republic of",Gold,27,,https://www.icho-official.org/results/results.php?id=35&year=2003
Chemistry,IChO,2003,George Zhong,Australia,Gold,28,,https://www.icho-official.org/results/results.php?id=35&year=2003
Chemistry,IChO,2003,Thanit Prancenararat,Thailand,Gold,29,,https://www.icho-official.org/results/results.php?id=35&year=2003
Chemistry,IChO,2003,Chawita Netirojjanakul,Thailand,Gold,30,,https://www.icho-official.org/results/results.php?id=35&year=2003
Chemistry,IChO,2003,Joel Yuen Zhou,Mexico,Silver,31,,https://www.icho-official.org/results/results.php?id=35&year=2003
Chemistry,IChO,2003,Wiraphong Goo,Thailand,Silver,32,,https://www.icho-official.org/results/results.php?id=35&year=2003
Chemistry,IChO,2003,Viachaslau Bernat,Belarus,Silver,33,,https://www.icho-official.org/results/results.php?id=35&year=2003
Chemistry,IChO,2003,Oliver Thorn-Seshold,Australia,Silver,34,,https://www.icho-official.org/results/results.php?id=35&year=2003
Chemistry,IChO,2003,Eva Pluhařová,Czech Republic,Silver,35,,https://www.icho-official.org/results/results.php?id=35&year=2003
Chemistry,IChO,2003,Anuar Nurtazin,Kazakhstan,Silver,36,,https://www.icho-official.org/results/results.php?id=35&year=2003
Chemistry,IChO,2003,Riccardo Balzan,Italy,Silver,37,,https://www.icho-official.org/results/results.php?id=35&year=2003
Chemistry,IChO,2003,Pavel Butkalyuk,Russian Federation,Silver,38,,https://www.icho-official.org/results/results.php?id=35&year=2003
Chemistry,IChO,2003,Łukasz Jaremko,Poland,Silver,39,,https://www.icho-official.org/results/results.php?id=35&year=2003
Chemistry,IChO,2003,S.P. Jang,"Korea, Republic of",Silver,40,,https://www.icho-official.org/results/results.php?id=35&year=2003
Chemistry,IChO,2003,M. Rashidian,"Iran, Islamic Republic of",Silver,41,,https://www.icho-official.org/results/results.php?id=35&year=2003
Chemistry,IChO,2003,Kenny Bravo Rodriguez,Cuba,Silver,42,,https://www.icho-official.org/results/results.php?id=35&year=2003
Chemistry,IChO,2003,Celestine Lau,Singapore,Silver,43,,https://www.icho-official.org/results/results.php?id=35&year=2003
Chemistry,IChO,2003,Ana Cristina Glăvan,Romania,Silver,44,,https://www.icho-official.org/results/results.php?id=35&year=2003
Chemistry,IChO,2003,Miguel Modestino,Venezuela,Silver,45,,https://www.icho-official.org/results/results.php?id=35&year=2003
Chemistry,IChO,2003,Anton Repko,Slovakia,Silver,46,,https://www.icho-official.org/results/results.php?id=35&year=2003
Chemistry,IChO,2003,Sergiy Pavlenko,Ukraine,Silver,47,,https://www.icho-official.org/results/results.php?id=35&year=2003
Chemistry,IChO,2003,Aleksandrs Prokofjevs,Latvia,Silver,48,,https://www.icho-official.org/results/results.php?id=35&year=2003
Chemistry,IChO,2003,Anton Menshenin,Russian Federation,Silver,49,,https://www.icho-official.org/results/results.php?id=35&year=2003
Chemistry,IChO,2003,C. Lee,Chinese Taipei,Silver,50,,https://www.icho-official.org/results/results.php?id=35&year=2003
Chemistry,IChO,2003,Aliaksei Lushchynsky,Belarus,Silver,51,,https://www.icho-official.org/results/results.php?id=35&year=2003
Chemistry,IChO,2003,Sergio Bacallado,Venezuela,Silver,52,,https://www.icho-official.org/results/results.php?id=35&year=2003
Chemistry,IChO,2003,Erik Szabo,Slovakia,Silver,53,,https://www.icho-official.org/results/results.php?id=35&year=2003
Chemistry,IChO,2003,Marek Sobota,Czech Republic,Silver,54,,https://www.icho-official.org/results/results.php?id=35&year=2003
Chemistry,IChO,2003,Brendan Ng,Singapore,Silver,55,,https://www.icho-official.org/results/results.php?id=35&year=2003
Chemistry,IChO,2003,Manuel Alejandro Diaz-Tinoco,Mexico,Silver,56,,https://www.icho-official.org/results/results.php?id=35&year=2003
Chemistry,IChO,2003,Yevgeniy Beletsky,Russian Federation,Silver,57,,https://www.icho-official.org/results/results.php?id=35&year=2003
Chemistry,IChO,2003,Ja-ho Lee,"Korea, Republic of",Silver,58,,https://www.icho-official.org/results/results.php?id=35&year=2003
Chemistry,IChO,2003,Aset Iskakov,Kazakhstan,Silver,59,,https://www.icho-official.org/results/results.php?id=35&year=2003
Chemistry,IChO,2003,Gabriele Rosi,Italy,Silver,60,,https://www.icho-official.org/results/results.php?id=35&year=2003
Chemistry,IChO,2003,Vladislav Kulikov,Germany,Silver,61,,https://www.icho-official.org/results/results.php?id=35&year=2003
Chemistry,IChO,2003,Aliaksandr Zhdanko,Belarus,Silver,62,,https://www.icho-official.org/results/results.php?id=35&year=2003
Chemistry,IChO,2003,Vincent Tejedor,France,Silver,63,,https://www.icho-official.org/results/results.php?id=35&year=2003
Chemistry,IChO,2003,Güneş N. Güngördü,Türkiye,Silver,64,,https://www.icho-official.org/results/results.php?id=35&year=2003
Chemistry,IChO,2003,Elisabeth Meulenbroek,Netherlands,Silver,65,,https://www.icho-official.org/results/results.php?id=35&year=2003
Chemistry,IChO,2003,Elchin Heybatov,Azerbaijan,Silver,66,,https://www.icho-official.org/results/results.php?id=35&year=2003
Chemistry,IChO,2003,Alban Letailleur,France,Silver,67,,https://www.icho-official.org/results/results.php?id=35&year=2003
Chemistry,IChO,2003,Dmitriy Dolzhnikov,Kazakhstan,Silver,68,,https://www.icho-official.org/results/results.php?id=35&year=2003
Chemistry,IChO,2003,Jason Chung,Australia,Silver,69,,https://www.icho-official.org/results/results.php?id=35&year=2003
Chemistry,IChO,2003,Paulius Lukas Tamošiūnas,Lithuania,Silver,70,,https://www.icho-official.org/results/results.php?id=35&year=2003
Chemistry,IChO,2003,Patrick Ludl,Austria,Silver,71,,https://www.icho-official.org/results/results.php?id=35&year=2003
Chemistry,IChO,2003,Arjun Bharioke,Canada,Silver,72,,https://www.icho-official.org/results/results.php?id=35&year=2003
Chemistry,IChO,2003,T.H. Chan,United Kingdom,Silver,73,,https://www.icho-official.org/results/results.php?id=35&year=2003
Chemistry,IChO,2003,C.-K. Chen,Chinese Taipei,Silver,74,,https://www.icho-official.org/results/results.php?id=35&year=2003
Chemistry,IChO,2003,Ondřej Sedláček,Czech Republic,Silver,75,,https://www.icho-official.org/results/results.php?id=35&year=2003
Chemistry,IChO,2003,Vikram Balasubramanian,India,Silver,76,,https://www.icho-official.org/results/results.php?id=35&year=2003
Chemistry,IChO,2003,Matthew Arnold,Canada,Silver,77,,https://www.icho-official.org/results/results.php?id=35&year=2003
Chemistry,IChO,2003,Kaur Adamson,Estonia,Silver,78,,https://www.icho-official.org/results/results.php?id=35&year=2003
Chemistry,IChO,2003,T. Cochrane,United Kingdom,Silver,79,,https://www.icho-official.org/results/results.php?id=35&year=2003
Chemistry,IChO,2003,Wei-Han Bobby Liu,USA,Silver,80,,https://www.icho-official.org/results/results.php?id=35&year=2003
Chemistry,IChO,2003,Kiran Chikkadi,India,Silver,81,,https://www.icho-official.org/results/results.php?id=35&year=2003
Chemistry,IChO,2003,Ari Yustisia Akbar,Indonesia,Silver,82,,https://www.icho-official.org/results/results.php?id=35&year=2003
Chemistry,IChO,2003,W. Wang,United Kingdom,Silver,83,,https://www.icho-official.org/results/results.php?id=35&year=2003
Chemistry,IChO,2003,Paweł Zawadzki,Poland,Bronze,84,,https://www.icho-official.org/results/results.php?id=35&year=2003
Chemistry,IChO,2003,Tuan Le Thanh,Vietnam,Bronze,85,,https://www.icho-official.org/results/results.php?id=35&year=2003
Chemistry,IChO,2003,Perman Roziyev,Turkmenistan,Bronze,86,,https://www.icho-official.org/results/results.php?id=35&year=2003
Chemistry,IChO,2003,Andreas Kalogirou,Cyprus,Bronze,87,,https://www.icho-official.org/results/results.php?id=35&year=2003
Chemistry,IChO,2003,Dimitar Ivanov,Bulgaria,Bronze,88,,https://www.icho-official.org/results/results.php?id=35&year=2003
Chemistry,IChO,2003,Cuong Vu Viet,Vietnam,Bronze,89,,https://www.icho-official.org/results/results.php?id=35&year=2003
Chemistry,IChO,2003,Olexander Tukov,Ukraine,Bronze,90,,https://www.icho-official.org/results/results.php?id=35&year=2003
Chemistry,IChO,2003,Jordan Winick,Canada,Bronze,91,,https://www.icho-official.org/results/results.php?id=35&year=2003
Chemistry,IChO,2003,Jeremiasz Jagiełła,Poland,Bronze,92,,https://www.icho-official.org/results/results.php?id=35&year=2003
Chemistry,IChO,2003,Juho Pystynen,Finland,Bronze,93,,https://www.icho-official.org/results/results.php?id=35&year=2003
Chemistry,IChO,2003,Damar Yoga Kusuma,Indonesia,Bronze,94,,https://www.icho-official.org/results/results.php?id=35&year=2003
Chemistry,IChO,2003,K.-P. Chang,Chinese Taipei,Bronze,95,,https://www.icho-official.org/results/results.php?id=35&year=2003
Chemistry,IChO,2003,Gabriel Cheong,Singapore,Bronze,96,,https://www.icho-official.org/results/results.php?id=35&year=2003
Chemistry,IChO,2003,Arzu Karaman,Türkiye,Bronze,97,,https://www.icho-official.org/results/results.php?id=35&year=2003
Chemistry,IChO,2003,Eric Brown,USA,Bronze,98,,https://www.icho-official.org/results/results.php?id=35&year=2003
Chemistry,IChO,2003,Teddy Salim,Indonesia,Bronze,99,,https://www.icho-official.org/results/results.php?id=35&year=2003
Chemistry,IChO,2003,Benjamin Kaduk,USA,Bronze,100,,https://www.icho-official.org/results/results.php?id=35&year=2003
Chemistry,IChO,2003,Eduardo Jose Rosaz,Argentina,Bronze,101,,https://www.icho-official.org/results/results.php?id=35&year=2003
Chemistry,IChO,2003,Bogdan Barnych,Ukraine,Bronze,102,,https://www.icho-official.org/results/results.php?id=35&year=2003
Chemistry,IChO,2003,Dávid Komáromy,Hungary,Bronze,103,,https://www.icho-official.org/results/results.php?id=35&year=2003
Chemistry,IChO,2003,Frances Hocutt,USA,Bronze,104,,https://www.icho-official.org/results/results.php?id=35&year=2003
Chemistry,IChO,2003,J. Dreier,Denmark,Bronze,105,,https://www.icho-official.org/results/results.php?id=35&year=2003
Chemistry,IChO,2003,Ioannis Kordonis,Greece,Bronze,106,,https://www.icho-official.org/results/results.php?id=35&year=2003
Chemistry,IChO,2003,Yun Huang,New Zealand,Bronze,107,,https://www.icho-official.org/results/results.php?id=35&year=2003
Chemistry,IChO,2003,Jasna Rodman,Slovenia,Bronze,108,,https://www.icho-official.org/results/results.php?id=35&year=2003
Chemistry,IChO,2003,Kouichi Ueno,Japan,Bronze,109,,https://www.icho-official.org/results/results.php?id=35&year=2003
Chemistry,IChO,2003,A. Shutter,United Kingdom,Bronze,110,,https://www.icho-official.org/results/results.php?id=35&year=2003
Chemistry,IChO,2003,Ha Neuyen Thi Tho,Vietnam,Bronze,111,,https://www.icho-official.org/results/results.php?id=35&year=2003
Chemistry,IChO,2003,Tomáš Mikulka,Czech Republic,Bronze,112,,https://www.icho-official.org/results/results.php?id=35&year=2003
Chemistry,IChO,2003,Martin Dietterle,Germany,Bronze,113,,https://www.icho-official.org/results/results.php?id=35&year=2003
Chemistry,IChO,2003,Cipto Liusman,Indonesia,Bronze,114,,https://www.icho-official.org/results/results.php?id=35&year=2003
Chemistry,IChO,2003,Yann Odabachian,France,Bronze,115,,https://www.icho-official.org/results/results.php?id=35&year=2003
Chemistry,IChO,2003,Anneli Kruve,Estonia,Bronze,116,,https://www.icho-official.org/results/results.php?id=35&year=2003
Chemistry,IChO,2003,Alina Raluca Ene,Romania,Bronze,117,,https://www.icho-official.org/results/results.php?id=35&year=2003
Chemistry,IChO,2003,Afan Veledov,Azerbaijan,Bronze,118,,https://www.icho-official.org/results/results.php?id=35&year=2003
Chemistry,IChO,2003,Dragoş Neagu,Romania,Bronze,119,,https://www.icho-official.org/results/results.php?id=35&year=2003
Chemistry,IChO,2003,Sanan Eminov,Azerbaijan,Bronze,120,,https://www.icho-official.org/results/results.php?id=35&year=2003
Chemistry,IChO,2003,Viliam Kolivoška,Slovakia,Bronze,121,,https://www.icho-official.org/results/results.php?id=35&year=2003
Chemistry,IChO,2003,César Alejandro Urbina Blanco,Venezuela,Bronze,122,,https://www.icho-official.org/results/results.php?id=35&year=2003
Chemistry,IChO,2003,E. Rydhe,Sweden,Bronze,123,,https://www.icho-official.org/results/results.php?id=35&year=2003
Chemistry,IChO,2003,Jevgenia Tamjar,Estonia,Bronze,124,,https://www.icho-official.org/results/results.php?id=35&year=2003
Chemistry,IChO,2003,Ozren Jović,Croatia,Bronze,125,,https://www.icho-official.org/results/results.php?id=35&year=2003
Chemistry,IChO,2003,Raimondas Galvelis,Lithuania,Bronze,126,,https://www.icho-official.org/results/results.php?id=35&year=2003
Chemistry,IChO,2003,Sencer Selçuk,Türkiye,Bronze,127,,https://www.icho-official.org/results/results.php?id=35&year=2003
Chemistry,IChO,2003,Naoto Satou,Japan,Bronze,128,,https://www.icho-official.org/results/results.php?id=35&year=2003
Chemistry,IChO,2003,Gafur Tajibayev,Turkmenistan,Bronze,129,,https://www.icho-official.org/results/results.php?id=35&year=2003
Chemistry,IChO,2003,Ján Pavlik,Slovakia,Bronze,130,,https://www.icho-official.org/results/results.php?id=35&year=2003
Chemistry,IChO,2003,Franziska Bell,Austria,Bronze,131,,https://www.icho-official.org/results/results.php?id=35&year=2003
Chemistry,IChO,2003,Haroldo Heitor Ribeiro Filho,Brazil,Bronze,132,,https://www.icho-official.org/results/results.php?id=35&year=2003
Chemistry,IChO,2003,Syrgak Zhumabaev,Kyrgyzstan,Bronze,133,,https://www.icho-official.org/results/results.php?id=35&year=2003
Chemistry,IChO,2003,"Marjolein Linden, van der",Netherlands,Bronze,134,,https://www.icho-official.org/results/results.php?id=35&year=2003
Chemistry,IChO,2003,Daniel Sánchez Parcerisa,Spain,Bronze,135,,https://www.icho-official.org/results/results.php?id=35&year=2003
Chemistry,IChO,2003,Alessandro Livieri,Italy,Bronze,136,,https://www.icho-official.org/results/results.php?id=35&year=2003
Chemistry,IChO,2003,Rufat Hesenov,Azerbaijan,Bronze,137,,https://www.icho-official.org/results/results.php?id=35&year=2003
Chemistry,IChO,2003,François Boyer,France,Bronze,138,,https://www.icho-official.org/results/results.php?id=35&year=2003
Chemistry,IChO,2003,Kanat Tyutenov,Kazakhstan,Bronze,139,,https://www.icho-official.org/results/results.php?id=35&year=2003
Chemistry,IChO,2003,Daugirdas Račys,Lithuania,Bronze,140,,https://www.icho-official.org/results/results.php?id=35&year=2003
Chemistry,IChO,2003,Kaspars Veldre,Latvia,Bronze,141,,https://www.icho-official.org/results/results.php?id=35&year=2003
Chemistry,IChO,2003,Tapio Salminen,Finland,Bronze,142,,https://www.icho-official.org/results/results.php?id=35&year=2003
Chemistry,IChO,2003,Serap Aksu,Türkiye,Bronze,143,,https://www.icho-official.org/results/results.php?id=35&year=2003
Chemistry,IChO,2003,Marko Košiček,Croatia,Bronze,144,,https://www.icho-official.org/results/results.php?id=35&year=2003
Chemistry,IChO,2003,Gastón Larrazabal,Venezuela,Bronze,145,,https://www.icho-official.org/results/results.php?id=35&year=2003
Chemistry,IChO,2003,Ernst Herbschleb,Netherlands,Bronze,146,,https://www.icho-official.org/results/results.php?id=35&year=2003
Chemistry,IChO,2003,Konstantinos-Antonios Goulas,Greece,Bronze,147,,https://www.icho-official.org/results/results.php?id=35&year=2003
Chemistry,IChO,2003,Pablo Aberbuj,Argentina,Bronze,148,,https://www.icho-official.org/results/results.php?id=35&year=2003
Chemistry,IChO,2003,William Shew,New Zealand,Bronze,149,,https://www.icho-official.org/results/results.php?id=35&year=2003
Chemistry,IChO,2003,Lauren Rutherford,Ireland,Bronze,150,,https://www.icho-official.org/results/results.php?id=35&year=2003
Chemistry,IChO,2003,S. Kastberg,Denmark,Bronze,151,,https://www.icho-official.org/results/results.php?id=35&year=2003
Chemistry,IChO,2003,Clemens Mayer,Austria,Bronze,152,,https://www.icho-official.org/results/results.php?id=35&year=2003
Chemistry,IChO,2003,Anders Lervik,Norway,Bronze,153,,https://www.icho-official.org/results/results.php?id=35&year=2003
Chemistry,IChO,2003,Lorena Rodrigues Silva,Brazil,Honourable Mention,154,,https://www.icho-official.org/results/results.php?id=35&year=2003
Chemistry,IChO,2003,Anđela Šarić,Croatia,Honourable Mention,155,,https://www.icho-official.org/results/results.php?id=35&year=2003
Chemistry,IChO,2003,J. Devel,Switzerland,Honourable Mention,156,,https://www.icho-official.org/results/results.php?id=35&year=2003
Chemistry,IChO,2003,A. Haemmerle,Switzerland,Honourable Mention,157,,https://www.icho-official.org/results/results.php?id=35&year=2003
Chemistry,IChO,2003,Carlos Manual Alberto Guardia,Argentina,Honourable Mention,158,,https://www.icho-official.org/results/results.php?id=35&year=2003
Chemistry,IChO,2003,Carlos Jimenez Hoyos,Mexico,Honourable Mention,159,,https://www.icho-official.org/results/results.php?id=35&year=2003
Chemistry,IChO,2003,R. Argyrou,Cyprus,Honourable Mention,160,,https://www.icho-official.org/results/results.php?id=35&year=2003
Chemistry,IChO,2003,Antti Lehto,Finland,Participant,,,https://www.icho-official.org/results/results.php?id=35&year=2003
Chemistry,IChO,2003,Berglind Gunnarsdóttir,Iceland,Honourable Mention,162,,https://www.icho-official.org/results/results.php?id=35&year=2003
Chemistry,IChO,2003,Stephen McCann,Ireland,Honourable Mention,163,,https://www.icho-official.org/results/results.php?id=35&year=2003
Chemistry,IChO,2003,Aritra Ray,New Zealand,Participant,,,https://www.icho-official.org/results/results.php?id=35&year=2003
Chemistry,IChO,2003,Victor Pérez Gregorio,Spain,Honourable Mention,165,,https://www.icho-official.org/results/results.php?id=35&year=2003
Chemistry,IChO,2003,Jonas Ingvaldsen,Norway,Honourable Mention,166,,https://www.icho-official.org/results/results.php?id=35&year=2003
Chemistry,IChO,2003,Monir Mališ,Croatia,Honourable Mention,167,,https://www.icho-official.org/results/results.php?id=35&year=2003
Chemistry,IChO,2003,Vita Savanevičiūtė,Lithuania,Honourable Mention,168,,https://www.icho-official.org/results/results.php?id=35&year=2003
Chemistry,IChO,2003,Helga Dögg Flosadóttir,Iceland,Honourable Mention,169,,https://www.icho-official.org/results/results.php?id=35&year=2003
Chemistry,IChO,2003,Francois Bonjean,Belgium,Participant,,,https://www.icho-official.org/results/results.php?id=35&year=2003
Chemistry,IChO,2003,Cormac Quigley,Ireland,Participant,,,https://www.icho-official.org/results/results.php?id=35&year=2003
Chemistry,IChO,2003,Samuel Vázquez Martínez,Spain,Participant,,,https://www.icho-official.org/results/results.php?id=35&year=2003
Chemistry,IChO,2003,Húni Sighvatsson,Iceland,Participant,,,https://www.icho-official.org/results/results.php?id=35&year=2003
Chemistry,IChO,2003,Péter Kiss,Hungary,Honourable Mention,174,,https://www.icho-official.org/results/results.php?id=35&year=2003
Chemistry,IChO,2003,Masatoshi Akahane,Japan,Honourable Mention,175,,https://www.icho-official.org/results/results.php?id=35&year=2003
Chemistry,IChO,2003,Hernández López Rogelio Antonio,Mexico,Honourable Mention,176,,https://www.icho-official.org/results/results.php?id=35&year=2003
Chemistry,IChO,2003,Annemieke Evelein,Netherlands,Participant,,,https://www.icho-official.org/results/results.php?id=35&year=2003
Chemistry,IChO,2003,S. Heer,Switzerland,Participant,,,https://www.icho-official.org/results/results.php?id=35&year=2003
Chemistry,IChO,2003,Tarrant Falcke,Australia,Honourable Mention,179,,https://www.icho-official.org/results/results.php?id=35&year=2003
Chemistry,IChO,2003,Matteo Battisti,Italy,Honourable Mention,180,,https://www.icho-official.org/results/results.php?id=35&year=2003
Chemistry,IChO,2003,Kyalbek Kaparov,Kyrgyzstan,Honourable Mention,181,,https://www.icho-official.org/results/results.php?id=35&year=2003
Chemistry,IChO,2003,Jaana Vapaavuori,Finland,Honourable Mention,182,,https://www.icho-official.org/results/results.php?id=35&year=2003
Chemistry,IChO,2003,Nick Vandewiele,Belgium,Participant,,,https://www.icho-official.org/results/results.php?id=35&year=2003
Chemistry,IChO,2003,M.A. Christensen,Denmark,Honourable Mention,184,,https://www.icho-official.org/results/results.php?id=35&year=2003
Chemistry,IChO,2003,J.L. Hansen,Denmark,Honourable Mention,185,,https://www.icho-official.org/results/results.php?id=35&year=2003
Chemistry,IChO,2003,Yoanna Belezhanska,Bulgaria,Honourable Mention,186,,https://www.icho-official.org/results/results.php?id=35&year=2003
Chemistry,IChO,2003,Luciana Prini,Uruguay,Honourable Mention,187,,https://www.icho-official.org/results/results.php?id=35&year=2003
Chemistry,IChO,2003,Otti D'Hoys,Belgium,Honourable Mention,188,,https://www.icho-official.org/results/results.php?id=35&year=2003
Chemistry,IChO,2003,M. Linderoth,Sweden,Honourable Mention,189,,https://www.icho-official.org/results/results.php?id=35&year=2003
Chemistry,IChO,2003,Hristo Barbanov,Bulgaria,Participant,,,https://www.icho-official.org/results/results.php?id=35&year=2003
Chemistry,IChO,2003,Xavier Roca Artola,Spain,Honourable Mention,191,,https://www.icho-official.org/results/results.php?id=35&year=2003
Chemistry,IChO,2003,Ichirou Tanabe,Japan,Honourable Mention,192,,https://www.icho-official.org/results/results.php?id=35&year=2003
Chemistry,IChO,2003,Luiz Ivan Marques Pereira,Brazil,Participant,,,https://www.icho-official.org/results/results.php?id=35&year=2003
Chemistry,IChO,2003,Adalberto Studart Neto,Brazil,Honourable Mention,194,,https://www.icho-official.org/results/results.php?id=35&year=2003
Chemistry,IChO,2003,Alexandros Dimitriadis,Greece,Honourable Mention,195,,https://www.icho-official.org/results/results.php?id=35&year=2003
Chemistry,IChO,2003,Sofoklis Zambirinis,Cyprus,Participant,,,https://www.icho-official.org/results/results.php?id=35&year=2003
Chemistry,IChO,2003,Serdar Mametseripov,Turkmenistan,Honourable Mention,197,,https://www.icho-official.org/results/results.php?id=35&year=2003
Chemistry,IChO,2003,Reinis Danne,Latvia,Participant,,,https://www.icho-official.org/results/results.php?id=35&year=2003
Chemistry,IChO,2003,Claudina Rattaro,Uruguay,Honourable Mention,199,,https://www.icho-official.org/results/results.php?id=35&year=2003
Chemistry,IChO,2003,J. Haener,Switzerland,Honourable Mention,200,,https://www.icho-official.org/results/results.php?id=35&year=2003
Chemistry,IChO,2003,Nikos Liakakos,Greece,Participant,,,https://www.icho-official.org/results/results.php?id=35&year=2003
Chemistry,IChO,2003,Enrique Neumann,Uruguay,Participant,,,https://www.icho-official.org/results/results.php?id=35&year=2003
Chemistry,IChO,2003,Andre Ramos,Portugal,Participant,,,https://www.icho-official.org/results/results.php?id=35&year=2003
Chemistry,IChO,2003,Altynbek Isabekov,Kyrgyzstan,Honourable Mention,204,,https://www.icho-official.org/results/results.php?id=35&year=2003
Chemistry,IChO,2003,Zala Epšek,Slovenia,Participant,,,https://www.icho-official.org/results/results.php?id=35&year=2003
Chemistry,IChO,2003,Ísak Sigurjón Bragason,Iceland,Honourable Mention,206,,https://www.icho-official.org/results/results.php?id=35&year=2003
Chemistry,IChO,2003,Jon M. Haga,Norway,Participant,,,https://www.icho-official.org/results/results.php?id=35&year=2003
Chemistry,IChO,2003,Mathias David Galetti,Argentina,Participant,,,https://www.icho-official.org/results/results.php?id=35&year=2003
Chemistry,IChO,2003,Vieira Ana,Portugal,Participant,,,https://www.icho-official.org/results/results.php?id=35&year=2003
Chemistry,IChO,2003,Janez Pucelj,Slovenia,Honourable Mention,210,,https://www.icho-official.org/results/results.php?id=35&year=2003
Chemistry,IChO,2003,E. Jansson,Sweden,Honourable Mention,211,,https://www.icho-official.org/results/results.php?id=35&year=2003
Chemistry,IChO,2003,Oliviera Carlos,Portugal,Participant,,,https://www.icho-official.org/results/results.php?id=35&year=2003
Chemistry,IChO,2003,Vesko Gavrilov,Bulgaria,Honourable Mention,213,,https://www.icho-official.org/results/results.php?id=35&year=2003
Chemistry,IChO,2003,Alim Yucel-Finn,Ireland,Participant,,,https://www.icho-official.org/results/results.php?id=35&year=2003
Chemistry,IChO,2003,Mekan Yusupov,Turkmenistan,Participant,,,https://www.icho-official.org/results/results.php?id=35&year=2003
Chemistry,IChO,2003,Cédric Malherbe,Belgium,Participant,,,https://www.icho-official.org/results/results.php?id=35&year=2003
Chemistry,IChO,2003,Matej Štuhec,Slovenia,Participant,,,https://www.icho-official.org/results/results.php?id=35&year=2003
Chemistry,IChO,2003,Emil Estebesov,Kyrgyzstan,Participant,,,https://www.icho-official.org/results/results.php?id=35&year=2003
Chemistry,IChO,2003,Edgars Jecs,Latvia,Honourable Mention,219,,https://www.icho-official.org/results/results.php?id=35&year=2003
Chemistry,IChO,2003,C. Cooray,Sweden,Honourable Mention,220,,https://www.icho-official.org/results/results.php?id=35&year=2003
Chemistry,IChO,2003,Graeme Mak,New Zealand,Honourable Mention,221,,https://www.icho-official.org/results/results.php?id=35&year=2003
Chemistry,IChO,2003,A.M.R.A. Zaghw,Egypt,Participant,,,https://www.icho-official.org/results/results.php?id=35&year=2003
Chemistry,IChO,2003,Andreas Gundersen,Norway,Participant,,,https://www.icho-official.org/results/results.php?id=35&year=2003
Chemistry,IChO,2003,Velissarios Masouras,Cyprus,Honourable Mention,224,,https://www.icho-official.org/results/results.php?id=35&year=2003
Chemistry,IChO,2003,A. Alhaqan,Kuwait,Participant,,,https://www.icho-official.org/results/results.php?id=35&year=2003
Chemistry,IChO,2003,M.M.M. Ismail,Egypt,Participant,,,https://www.icho-official.org/results/results.php?id=35&year=2003
Chemistry,IChO,2003,Felix Concalo,Portugal,Participant,,,https://www.icho-official.org/results/results.php?id=35&year=2003
Chemistry,IChO,2003,A. Alasfour,Kuwait,Participant,,,https://www.icho-official.org/results/results.php?id=35&year=2003
Chemistry,IChO,2003,A.M.A. Mohamed,Egypt,Participant,,,https://www.icho-official.org/results/results.php?id=35&year=2003
Chemistry,IChO,2003,H. Nijem,Kuwait,Participant,,,https://www.icho-official.org/results/results.php?id=35&year=2003
Chemistry,IChO,2003,M.S.M. Deryas,Egypt,Honourable Mention,231,,https://www.icho-official.org/results/results.php?id=35&year=2003
Chemistry,IChO,2003,Y. Alnajar,Kuwait,Participant,,,https://www.icho-official.org/results/results.php?id=35&year=2003
Chemistry,IChO,2004,Alexey Zelfman,Russian Federation,Gold,1,,https://www.icho-official.org/results/results.php?id=36&year=2004
Chemistry,IChO,2004,Jun Soo Ham,"Korea, Republic of",Gold,2,,https://www.icho-official.org/results/results.php?id=36&year=2004
Chemistry,IChO,2004,Lianghui Liu,"China, People's Republic of",Gold,3,,https://www.icho-official.org/results/results.php?id=36&year=2004
Chemistry,IChO,2004,Kan Yue,"China, People's Republic of",Gold,4,,https://www.icho-official.org/results/results.php?id=36&year=2004
Chemistry,IChO,2004,Filip Ulatowski,Poland,Gold,5,,https://www.icho-official.org/results/results.php?id=36&year=2004
Chemistry,IChO,2004,Mingyu Xue,"China, People's Republic of",Gold,6,,https://www.icho-official.org/results/results.php?id=36&year=2004
Chemistry,IChO,2004,Anton Repko,Slovakia,Gold,7,,https://www.icho-official.org/results/results.php?id=36&year=2004
Chemistry,IChO,2004,Constantin-N. Takacs,Romania,Gold,8,,https://www.icho-official.org/results/results.php?id=36&year=2004
Chemistry,IChO,2004,Eva Pluharová,Czech Republic,Gold,9,,https://www.icho-official.org/results/results.php?id=36&year=2004
Chemistry,IChO,2004,Armin Thalhammer,Austria,Gold,10,,https://www.icho-official.org/results/results.php?id=36&year=2004
Chemistry,IChO,2004,Priya Gupta,India,Gold,11,,https://www.icho-official.org/results/results.php?id=36&year=2004
Chemistry,IChO,2004,Hye Min Jang,"Korea, Republic of",Gold,12,,https://www.icho-official.org/results/results.php?id=36&year=2004
Chemistry,IChO,2004,Michael Hell,Germany,Gold,13,,https://www.icho-official.org/results/results.php?id=36&year=2004
Chemistry,IChO,2004,Fang-Chieh Chou,Chinese Taipei,Gold,14,,https://www.icho-official.org/results/results.php?id=36&year=2004
Chemistry,IChO,2004,Péter Kiss,Hungary,Gold,15,,https://www.icho-official.org/results/results.php?id=36&year=2004
Chemistry,IChO,2004,Hasan Arslan,Türkiye,Gold,16,,https://www.icho-official.org/results/results.php?id=36&year=2004
Chemistry,IChO,2004,Aliaksei Putau,Belarus,Gold,17,,https://www.icho-official.org/results/results.php?id=36&year=2004
Chemistry,IChO,2004,YoungWoo Park,"Korea, Republic of",Gold,18,,https://www.icho-official.org/results/results.php?id=36&year=2004
Chemistry,IChO,2004,Jian Yuan,"China, People's Republic of",Gold,19,,https://www.icho-official.org/results/results.php?id=36&year=2004
Chemistry,IChO,2004,Paweł Dydio,Poland,Gold,20,,https://www.icho-official.org/results/results.php?id=36&year=2004
Chemistry,IChO,2004,Pavlo Dral,Ukraine,Gold,21,,https://www.icho-official.org/results/results.php?id=36&year=2004
Chemistry,IChO,2004,Afan Veledov,Azerbaijan,Gold,22,,https://www.icho-official.org/results/results.php?id=36&year=2004
Chemistry,IChO,2004,David Allen,Australia,Gold,23,,https://www.icho-official.org/results/results.php?id=36&year=2004
Chemistry,IChO,2004,Raimondas Galvelis,Lithuania,Gold,24,,https://www.icho-official.org/results/results.php?id=36&year=2004
Chemistry,IChO,2004,Ruslan Polunin,Ukraine,Gold,25,,https://www.icho-official.org/results/results.php?id=36&year=2004
Chemistry,IChO,2004,Akio Kawasaki,Japan,Gold,26,,https://www.icho-official.org/results/results.php?id=36&year=2004
Chemistry,IChO,2004,Senan Eminov,Azerbaijan,Gold,27,,https://www.icho-official.org/results/results.php?id=36&year=2004
Chemistry,IChO,2004,Attila Gőgh,Hungary,Gold,28,,https://www.icho-official.org/results/results.php?id=36&year=2004
Chemistry,IChO,2004,Martin Brehm,Germany,Gold,29,,https://www.icho-official.org/results/results.php?id=36&year=2004
Chemistry,IChO,2004,Ye Tao,Canada,Gold,30,,https://www.icho-official.org/results/results.php?id=36&year=2004
Chemistry,IChO,2004,Timur Zhiyentayev,Kazakhstan,Silver,31,,https://www.icho-official.org/results/results.php?id=36&year=2004
Chemistry,IChO,2004,Gyu Le Han,"Korea, Republic of",Silver,32,,https://www.icho-official.org/results/results.php?id=36&year=2004
Chemistry,IChO,2004,Audrius Laurynenas,Lithuania,Silver,33,,https://www.icho-official.org/results/results.php?id=36&year=2004
Chemistry,IChO,2004,Kai-Po Chang,Chinese Taipei,Silver,34,,https://www.icho-official.org/results/results.php?id=36&year=2004
Chemistry,IChO,2004,Egor Vorontsov,Russian Federation,Silver,35,,https://www.icho-official.org/results/results.php?id=36&year=2004
Chemistry,IChO,2004,Yao Zong Ng,Singapore,Silver,36,,https://www.icho-official.org/results/results.php?id=36&year=2004
Chemistry,IChO,2004,Hamoon Tahmassebi,"Iran, Islamic Republic of",Silver,37,,https://www.icho-official.org/results/results.php?id=36&year=2004
Chemistry,IChO,2004,Thomas Chardin,France,Silver,38,,https://www.icho-official.org/results/results.php?id=36&year=2004
Chemistry,IChO,2004,Anton Tkachenko,Ukraine,Silver,39,,https://www.icho-official.org/results/results.php?id=36&year=2004
Chemistry,IChO,2004,Kalin Meshnicharov,Bulgaria,Silver,40,,https://www.icho-official.org/results/results.php?id=36&year=2004
Chemistry,IChO,2004,Lukas Reck,Germany,Silver,41,,https://www.icho-official.org/results/results.php?id=36&year=2004
Chemistry,IChO,2004,Amir Saberi,"Iran, Islamic Republic of",Silver,42,,https://www.icho-official.org/results/results.php?id=36&year=2004
Chemistry,IChO,2004,Nguyen Mai Lu An,Vietnam,Silver,43,,https://www.icho-official.org/results/results.php?id=36&year=2004
Chemistry,IChO,2004,Márton Vass,Hungary,Silver,44,,https://www.icho-official.org/results/results.php?id=36&year=2004
Chemistry,IChO,2004,Vu Viet Cuong,Vietnam,Silver,45,,https://www.icho-official.org/results/results.php?id=36&year=2004
Chemistry,IChO,2004,Manchuta Dangkulwanich,Thailand,Silver,46,,https://www.icho-official.org/results/results.php?id=36&year=2004
Chemistry,IChO,2004,Raffaele Colombo,Italy,Silver,47,,https://www.icho-official.org/results/results.php?id=36&year=2004
Chemistry,IChO,2004,Tran Ngoc Tan,Vietnam,Silver,48,,https://www.icho-official.org/results/results.php?id=36&year=2004
Chemistry,IChO,2004,Mehmet Talha Kutlu,Türkiye,Silver,49,,https://www.icho-official.org/results/results.php?id=36&year=2004
Chemistry,IChO,2004,Pablo Aberbuj,Argentina,Silver,50,,https://www.icho-official.org/results/results.php?id=36&year=2004
Chemistry,IChO,2004,Vibhav Bukkapatanam,India,Silver,51,,https://www.icho-official.org/results/results.php?id=36&year=2004
Chemistry,IChO,2004,Jeffrey Mo,Canada,Silver,52,,https://www.icho-official.org/results/results.php?id=36&year=2004
Chemistry,IChO,2004,Ko-Ying Wen,Chinese Taipei,Silver,53,,https://www.icho-official.org/results/results.php?id=36&year=2004
Chemistry,IChO,2004,Ivan Bushmarinov,Russian Federation,Silver,54,,https://www.icho-official.org/results/results.php?id=36&year=2004
Chemistry,IChO,2004,Christopher Kerr,United Kingdom,Silver,55,,https://www.icho-official.org/results/results.php?id=36&year=2004
Chemistry,IChO,2004,Eric Brown,USA,Silver,56,,https://www.icho-official.org/results/results.php?id=36&year=2004
Chemistry,IChO,2004,Vadim Murzin,Kazakhstan,Silver,57,,https://www.icho-official.org/results/results.php?id=36&year=2004
Chemistry,IChO,2004,Jan Lonzari?,Slovenia,Silver,58,,https://www.icho-official.org/results/results.php?id=36&year=2004
Chemistry,IChO,2004,Viachaslau Bernat,Belarus,Silver,59,,https://www.icho-official.org/results/results.php?id=36&year=2004
Chemistry,IChO,2004,Grzegorz Jamróz,Poland,Silver,60,,https://www.icho-official.org/results/results.php?id=36&year=2004
Chemistry,IChO,2004,Maksym Zabilskyy,Ukraine,Silver,61,,https://www.icho-official.org/results/results.php?id=36&year=2004
Chemistry,IChO,2004,Frank Biedermann,Germany,Silver,62,,https://www.icho-official.org/results/results.php?id=36&year=2004
Chemistry,IChO,2004,Yeskendr Bissenov,Kazakhstan,Silver,63,,https://www.icho-official.org/results/results.php?id=36&year=2004
Chemistry,IChO,2004,Ying Xiao,Australia,Silver,64,,https://www.icho-official.org/results/results.php?id=36&year=2004
Chemistry,IChO,2004,Tugrul Nalbantoglu,Türkiye,Silver,65,,https://www.icho-official.org/results/results.php?id=36&year=2004
Chemistry,IChO,2004,Emily Tsui,USA,Silver,66,,https://www.icho-official.org/results/results.php?id=36&year=2004
Chemistry,IChO,2004,Ondrej Sedlácek,Czech Republic,Silver,67,,https://www.icho-official.org/results/results.php?id=36&year=2004
Chemistry,IChO,2004,Pannathat Soontrapa,Thailand,Silver,68,,https://www.icho-official.org/results/results.php?id=36&year=2004
Chemistry,IChO,2004,Parth Soneji,United Kingdom,Silver,69,,https://www.icho-official.org/results/results.php?id=36&year=2004
Chemistry,IChO,2004,Tomáš Šolomek,Slovakia,Silver,70,,https://www.icho-official.org/results/results.php?id=36&year=2004
Chemistry,IChO,2004,Mihai Duduta,Romania,Silver,71,,https://www.icho-official.org/results/results.php?id=36&year=2004
Chemistry,IChO,2004,Derya Karnas,Türkiye,Silver,72,,https://www.icho-official.org/results/results.php?id=36&year=2004
Chemistry,IChO,2004,Seyed Esmaeil Seyedan,"Iran, Islamic Republic of",Silver,73,,https://www.icho-official.org/results/results.php?id=36&year=2004
Chemistry,IChO,2004,Leslie Beh,Singapore,Silver,74,,https://www.icho-official.org/results/results.php?id=36&year=2004
Chemistry,IChO,2004,Fan Zhang,USA,Silver,75,,https://www.icho-official.org/results/results.php?id=36&year=2004
Chemistry,IChO,2004,Kaur Adamson,Estonia,Silver,76,,https://www.icho-official.org/results/results.php?id=36&year=2004
Chemistry,IChO,2004,Reed Roberts,New Zealand,Silver,77,,https://www.icho-official.org/results/results.php?id=36&year=2004
Chemistry,IChO,2004,John Leon Kiappes Jr.,USA,Silver,78,,https://www.icho-official.org/results/results.php?id=36&year=2004
Chemistry,IChO,2004,Jason (K. Kit) Chan,United Kingdom,Bronze,79,,https://www.icho-official.org/results/results.php?id=36&year=2004
Chemistry,IChO,2004,Maximilian Tromayer,Austria,Bronze,80,,https://www.icho-official.org/results/results.php?id=36&year=2004
Chemistry,IChO,2004,Jasper Adamson,Estonia,Bronze,81,,https://www.icho-official.org/results/results.php?id=36&year=2004
Chemistry,IChO,2004,Thibaut Bondoux,France,Bronze,82,,https://www.icho-official.org/results/results.php?id=36&year=2004
Chemistry,IChO,2004,Reza Nasiri Mahalati,"Iran, Islamic Republic of",Bronze,83,,https://www.icho-official.org/results/results.php?id=36&year=2004
Chemistry,IChO,2004,Juan José Polari,Argentina,Bronze,84,,https://www.icho-official.org/results/results.php?id=36&year=2004
Chemistry,IChO,2004,Anđela Šarić,Croatia,Bronze,85,,https://www.icho-official.org/results/results.php?id=36&year=2004
Chemistry,IChO,2004,Tomáš Mikulka,Czech Republic,Bronze,86,,https://www.icho-official.org/results/results.php?id=36&year=2004
Chemistry,IChO,2004,Sushant Sachdeva,India,Bronze,87,,https://www.icho-official.org/results/results.php?id=36&year=2004
Chemistry,IChO,2004,Nicolae Done,Romania,Bronze,88,,https://www.icho-official.org/results/results.php?id=36&year=2004
Chemistry,IChO,2004,ShengXiang Xie,Singapore,Bronze,89,,https://www.icho-official.org/results/results.php?id=36&year=2004
Chemistry,IChO,2004,Adam Lerer,Canada,Bronze,90,,https://www.icho-official.org/results/results.php?id=36&year=2004
Chemistry,IChO,2004,Takahiro Oyama,Japan,Bronze,91,,https://www.icho-official.org/results/results.php?id=36&year=2004
Chemistry,IChO,2004,Sudeep Uday Kamath,India,Bronze,92,,https://www.icho-official.org/results/results.php?id=36&year=2004
Chemistry,IChO,2004,Anton Derendyaev,Russian Federation,Bronze,93,,https://www.icho-official.org/results/results.php?id=36&year=2004
Chemistry,IChO,2004,Zhi Wei Seh,Singapore,Bronze,94,,https://www.icho-official.org/results/results.php?id=36&year=2004
Chemistry,IChO,2004,Bogdan Nusfelean,Romania,Bronze,95,,https://www.icho-official.org/results/results.php?id=36&year=2004
Chemistry,IChO,2004,Domen Zafred,Slovenia,Bronze,96,,https://www.icho-official.org/results/results.php?id=36&year=2004
Chemistry,IChO,2004,Amos Rosenthal,Netherlands,Bronze,97,,https://www.icho-official.org/results/results.php?id=36&year=2004
Chemistry,IChO,2004,Maksims Arzamasovs,Latvia,Bronze,98,,https://www.icho-official.org/results/results.php?id=36&year=2004
Chemistry,IChO,2004,Iosif Tsimkouski,Belarus,Bronze,99,,https://www.icho-official.org/results/results.php?id=36&year=2004
Chemistry,IChO,2004,Ha Minh Tu,Vietnam,Bronze,100,,https://www.icho-official.org/results/results.php?id=36&year=2004
Chemistry,IChO,2004,Tomislav Pažur,Croatia,Bronze,101,,https://www.icho-official.org/results/results.php?id=36&year=2004
Chemistry,IChO,2004,Nithin Iyer,Australia,Bronze,102,,https://www.icho-official.org/results/results.php?id=36&year=2004
Chemistry,IChO,2004,Arnaud Haemmerle,Switzerland,Bronze,103,,https://www.icho-official.org/results/results.php?id=36&year=2004
Chemistry,IChO,2004,Pierre-Ed. Gille,France,Bronze,104,,https://www.icho-official.org/results/results.php?id=36&year=2004
Chemistry,IChO,2004,Edgars Jēčs,Latvia,Bronze,105,,https://www.icho-official.org/results/results.php?id=36&year=2004
Chemistry,IChO,2004,John McClean,Ireland,Bronze,106,,https://www.icho-official.org/results/results.php?id=36&year=2004
Chemistry,IChO,2004,Michał Zych,Poland,Bronze,107,,https://www.icho-official.org/results/results.php?id=36&year=2004
Chemistry,IChO,2004,Koichiro Masuda,Japan,Bronze,108,,https://www.icho-official.org/results/results.php?id=36&year=2004
Chemistry,IChO,2004,Rolando M. Caraballo,Argentina,Bronze,109,,https://www.icho-official.org/results/results.php?id=36&year=2004
Chemistry,IChO,2004,Olga Knjazeva,Estonia,Bronze,110,,https://www.icho-official.org/results/results.php?id=36&year=2004
Chemistry,IChO,2004,Athanasios Christodoulou,Greece,Bronze,111,,https://www.icho-official.org/results/results.php?id=36&year=2004
Chemistry,IChO,2004,Hsiang-Yu Yang,Chinese Taipei,Bronze,112,,https://www.icho-official.org/results/results.php?id=36&year=2004
Chemistry,IChO,2004,Gastón Larrazabal,Venezuela,Bronze,113,,https://www.icho-official.org/results/results.php?id=36&year=2004
Chemistry,IChO,2004,Aritra Ray,New Zealand,Bronze,114,,https://www.icho-official.org/results/results.php?id=36&year=2004
Chemistry,IChO,2004,Ezequiel Barral,Argentina,Bronze,115,,https://www.icho-official.org/results/results.php?id=36&year=2004
Chemistry,IChO,2004,Momir Malis,Croatia,Bronze,116,,https://www.icho-official.org/results/results.php?id=36&year=2004
Chemistry,IChO,2004,Viktoria Prostakova,Estonia,Bronze,117,,https://www.icho-official.org/results/results.php?id=36&year=2004
Chemistry,IChO,2004,Mindaugas Juozapavicius,Lithuania,Bronze,118,,https://www.icho-official.org/results/results.php?id=36&year=2004
Chemistry,IChO,2004,Petras Kruopys,Lithuania,Bronze,119,,https://www.icho-official.org/results/results.php?id=36&year=2004
Chemistry,IChO,2004,Petra Menova,Czech Republic,Bronze,120,,https://www.icho-official.org/results/results.php?id=36&year=2004
Chemistry,IChO,2004,Jesada Temaismithi,Thailand,Bronze,121,,https://www.icho-official.org/results/results.php?id=36&year=2004
Chemistry,IChO,2004,Tony Chiu,New Zealand,Bronze,122,,https://www.icho-official.org/results/results.php?id=36&year=2004
Chemistry,IChO,2004,Yun Huang,New Zealand,Bronze,123,,https://www.icho-official.org/results/results.php?id=36&year=2004
Chemistry,IChO,2004,Jaana Vapaavuori,Finland,Bronze,124,,https://www.icho-official.org/results/results.php?id=36&year=2004
Chemistry,IChO,2004,Lisendra Marbelia,Indonesia,Bronze,125,,https://www.icho-official.org/results/results.php?id=36&year=2004
Chemistry,IChO,2004,Manja Kisner,Slovenia,Bronze,126,,https://www.icho-official.org/results/results.php?id=36&year=2004
Chemistry,IChO,2004,Simon Bello,United Kingdom,Bronze,127,,https://www.icho-official.org/results/results.php?id=36&year=2004
Chemistry,IChO,2004,Neti Sunsandee,Thailand,Bronze,128,,https://www.icho-official.org/results/results.php?id=36&year=2004
Chemistry,IChO,2004,Lukáš Grajciar,Slovakia,Bronze,129,,https://www.icho-official.org/results/results.php?id=36&year=2004
Chemistry,IChO,2004,Tetsuya Kambe,Japan,Bronze,130,,https://www.icho-official.org/results/results.php?id=36&year=2004
Chemistry,IChO,2004,Ralph Koitz,Austria,Bronze,131,,https://www.icho-official.org/results/results.php?id=36&year=2004
Chemistry,IChO,2004,Emin Ceferov,Azerbaijan,Bronze,132,,https://www.icho-official.org/results/results.php?id=36&year=2004
Chemistry,IChO,2004,Mara Inniss,Canada,Bronze,133,,https://www.icho-official.org/results/results.php?id=36&year=2004
Chemistry,IChO,2004,Emiel Kappert,Netherlands,Bronze,134,,https://www.icho-official.org/results/results.php?id=36&year=2004
Chemistry,IChO,2004,Stephanos Matsis,Cyprus,Bronze,135,,https://www.icho-official.org/results/results.php?id=36&year=2004
Chemistry,IChO,2004,Juho Pystynen,Finland,Bronze,136,,https://www.icho-official.org/results/results.php?id=36&year=2004
Chemistry,IChO,2004,Carlos Carrero G.,Spain,Bronze,137,,https://www.icho-official.org/results/results.php?id=36&year=2004
Chemistry,IChO,2004,Leonardo Baldassarre,Italy,Bronze,138,,https://www.icho-official.org/results/results.php?id=36&year=2004
Chemistry,IChO,2004,Janice Alethea Deceline,Indonesia,Bronze,139,,https://www.icho-official.org/results/results.php?id=36&year=2004
Chemistry,IChO,2004,Kathrin Székely,Switzerland,Bronze,140,,https://www.icho-official.org/results/results.php?id=36&year=2004
Chemistry,IChO,2004,Harry Yan,Australia,Bronze,141,,https://www.icho-official.org/results/results.php?id=36&year=2004
Chemistry,IChO,2004,Magnus Önnheim,Sweden,Bronze,142,,https://www.icho-official.org/results/results.php?id=36&year=2004
Chemistry,IChO,2004,Manuel Kriz,Austria,Bronze,143,,https://www.icho-official.org/results/results.php?id=36&year=2004
Chemistry,IChO,2004,Ilja Popovs,Latvia,Bronze,144,,https://www.icho-official.org/results/results.php?id=36&year=2004
Chemistry,IChO,2004,Jonas Häner,Switzerland,Bronze,145,,https://www.icho-official.org/results/results.php?id=36&year=2004
Chemistry,IChO,2004,Tobias Olsen,Denmark,Bronze,146,,https://www.icho-official.org/results/results.php?id=36&year=2004
Chemistry,IChO,2004,Peter Van Abswoude,Netherlands,Bronze,147,,https://www.icho-official.org/results/results.php?id=36&year=2004
Chemistry,IChO,2004,Mekan Yusupov,Turkmenistan,Bronze,148,,https://www.icho-official.org/results/results.php?id=36&year=2004
Chemistry,IChO,2004,Áron Kramarics,Hungary,Bronze,149,,https://www.icho-official.org/results/results.php?id=36&year=2004
Chemistry,IChO,2004,Albert,Indonesia,Bronze,150,,https://www.icho-official.org/results/results.php?id=36&year=2004
Chemistry,IChO,2004,Boris Chichanov,Bulgaria,Participant,,,https://www.icho-official.org/results/results.php?id=36&year=2004
Chemistry,IChO,2004,Lars Guski,Denmark,Participant,,,https://www.icho-official.org/results/results.php?id=36&year=2004
Chemistry,IChO,2004,Wouter Oosterheert,Netherlands,Participant,,,https://www.icho-official.org/results/results.php?id=36&year=2004
Chemistry,IChO,2004,Vit?lijs Mihņevičs,Latvia,Participant,,,https://www.icho-official.org/results/results.php?id=36&year=2004
Chemistry,IChO,2004,Jonathan Højberg,Denmark,Participant,,,https://www.icho-official.org/results/results.php?id=36&year=2004
Chemistry,IChO,2004,Dimitrios Koukouzelis,Greece,Participant,,,https://www.icho-official.org/results/results.php?id=36&year=2004
Chemistry,IChO,2004,Svetoslav Anachkov,Bulgaria,Participant,,,https://www.icho-official.org/results/results.php?id=36&year=2004
Chemistry,IChO,2004,Tuukka Jussila,Finland,Participant,,,https://www.icho-official.org/results/results.php?id=36&year=2004
Chemistry,IChO,2004,Altynbek Isabekov,Kyrgyzstan,Participant,,,https://www.icho-official.org/results/results.php?id=36&year=2004
Chemistry,IChO,2004,Kiyalbek Kaparov,Kyrgyzstan,Participant,,,https://www.icho-official.org/results/results.php?id=36&year=2004
Chemistry,IChO,2004,Nicolas Papamichael,Cyprus,Participant,,,https://www.icho-official.org/results/results.php?id=36&year=2004
Chemistry,IChO,2004,Juan Pablo Medina,Peru,Participant,,,https://www.icho-official.org/results/results.php?id=36&year=2004
Chemistry,IChO,2004,Serdar Mametseripov,Turkmenistan,Participant,,,https://www.icho-official.org/results/results.php?id=36&year=2004
Chemistry,IChO,2004,Eirik Lyngvi,Norway,Participant,,,https://www.icho-official.org/results/results.php?id=36&year=2004
Chemistry,IChO,2004,Charli Ruiz,Peru,Participant,,,https://www.icho-official.org/results/results.php?id=36&year=2004
Chemistry,IChO,2004,Hikmet Isgenderov,Azerbaijan,Participant,,,https://www.icho-official.org/results/results.php?id=36&year=2004
Chemistry,IChO,2004,Javier Garcia del Valle,Spain,Participant,,,https://www.icho-official.org/results/results.php?id=36&year=2004
Chemistry,IChO,2004,Yerulan Sabyrgali,Kazakhstan,Participant,,,https://www.icho-official.org/results/results.php?id=36&year=2004
Chemistry,IChO,2004,Zala Epšek,Slovenia,Participant,,,https://www.icho-official.org/results/results.php?id=36&year=2004
Chemistry,IChO,2004,Musa Gurbanov,Turkmenistan,Participant,,,https://www.icho-official.org/results/results.php?id=36&year=2004
Chemistry,IChO,2004,Mario Quillas,Peru,Participant,,,https://www.icho-official.org/results/results.php?id=36&year=2004
Chemistry,IChO,2004,Igor Sousa Almeida,Brazil,Participant,,,https://www.icho-official.org/results/results.php?id=36&year=2004
Chemistry,IChO,2004,Róbert Sedlák,Slovakia,Participant,,,https://www.icho-official.org/results/results.php?id=36&year=2004
Chemistry,IChO,2004,Enrique Méndez Vega,Cuba,Participant,,,https://www.icho-official.org/results/results.php?id=36&year=2004
Chemistry,IChO,2004,Ómar Sigurvin Gunnarsson,Iceland,Participant,,,https://www.icho-official.org/results/results.php?id=36&year=2004
Chemistry,IChO,2004,Mohammad Mirmohades,Sweden,Participant,,,https://www.icho-official.org/results/results.php?id=36&year=2004
Chemistry,IChO,2004,Vicente Arbesú Lago,Mexico,Participant,,,https://www.icho-official.org/results/results.php?id=36&year=2004
Chemistry,IChO,2004,Julien Maury,France,Participant,,,https://www.icho-official.org/results/results.php?id=36&year=2004
Chemistry,IChO,2004,Zlatko Brkljaca,Croatia,Participant,,,https://www.icho-official.org/results/results.php?id=36&year=2004
Chemistry,IChO,2004,Anders Lindgren,Sweden,Participant,,,https://www.icho-official.org/results/results.php?id=36&year=2004
Chemistry,IChO,2004,Jakob Tómas Bullerjahn,Iceland,Participant,,,https://www.icho-official.org/results/results.php?id=36&year=2004
Chemistry,IChO,2004,Marit Sandstad,Norway,Participant,,,https://www.icho-official.org/results/results.php?id=36&year=2004
Chemistry,IChO,2004,Ivan Krauchanka,Belarus,Participant,,,https://www.icho-official.org/results/results.php?id=36&year=2004
Chemistry,IChO,2004,Wouter Mathues,Belgium,Participant,,,https://www.icho-official.org/results/results.php?id=36&year=2004
Chemistry,IChO,2004,Claudia Percivalle,Italy,Participant,,,https://www.icho-official.org/results/results.php?id=36&year=2004
Chemistry,IChO,2004,Nurbudianto,Indonesia,Participant,,,https://www.icho-official.org/results/results.php?id=36&year=2004
Chemistry,IChO,2004,Elio Mattia,Italy,Participant,,,https://www.icho-official.org/results/results.php?id=36&year=2004
Chemistry,IChO,2004,Karoline Matias Morais,Brazil,Participant,,,https://www.icho-official.org/results/results.php?id=36&year=2004
Chemistry,IChO,2004,Ana Pina,Portugal,Participant,,,https://www.icho-official.org/results/results.php?id=36&year=2004
Chemistry,IChO,2004,Miguel Angel Torrente March.,Spain,Participant,,,https://www.icho-official.org/results/results.php?id=36&year=2004
Chemistry,IChO,2004,Rafael Victor Ferreira Alves,Brazil,Honourable Mention,191,,https://www.icho-official.org/results/results.php?id=36&year=2004
Chemistry,IChO,2004,Juan Escamilla A.,Mexico,Participant,,,https://www.icho-official.org/results/results.php?id=36&year=2004
Chemistry,IChO,2004,Anna Högberg,Sweden,Participant,,,https://www.icho-official.org/results/results.php?id=36&year=2004
Chemistry,IChO,2004,Sonja Kouva,Finland,Participant,,,https://www.icho-official.org/results/results.php?id=36&year=2004
Chemistry,IChO,2004,Lucas Veloso Saraiva,Brazil,Participant,,,https://www.icho-official.org/results/results.php?id=36&year=2004
Chemistry,IChO,2004,María Isabel Tenorio Bernal,Mexico,Participant,,,https://www.icho-official.org/results/results.php?id=36&year=2004
Chemistry,IChO,2004,Meder Kamalov,Kyrgyzstan,Participant,,,https://www.icho-official.org/results/results.php?id=36&year=2004
Chemistry,IChO,2004,Silvan Birbaum,Switzerland,Participant,,,https://www.icho-official.org/results/results.php?id=36&year=2004
Chemistry,IChO,2004,Tomasz H. Pajdak,Iceland,Participant,,,https://www.icho-official.org/results/results.php?id=36&year=2004
Chemistry,IChO,2004,Achilleas Kryftis,Cyprus,Participant,,,https://www.icho-official.org/results/results.php?id=36&year=2004
Chemistry,IChO,2004,Grigorios Antonellis,Greece,Participant,,,https://www.icho-official.org/results/results.php?id=36&year=2004
Chemistry,IChO,2004,Lilja Rut Arnardóttir,Iceland,Participant,,,https://www.icho-official.org/results/results.php?id=36&year=2004
Chemistry,IChO,2004,Yuri Cordy,Belgium,Participant,,,https://www.icho-official.org/results/results.php?id=36&year=2004
Chemistry,IChO,2004,Munorbek Aytiev,Kyrgyzstan,Participant,,,https://www.icho-official.org/results/results.php?id=36&year=2004
Chemistry,IChO,2004,Jonathan Zinger,Belgium,Participant,,,https://www.icho-official.org/results/results.php?id=36&year=2004
Chemistry,IChO,2004,Domingo Romero,Venezuela,Participant,,,https://www.icho-official.org/results/results.php?id=36&year=2004
Chemistry,IChO,2004,Steven Hutchinson,Ireland,Participant,,,https://www.icho-official.org/results/results.php?id=36&year=2004
Chemistry,IChO,2004,Dilmurod Palvanov,Tajikistan,Participant,,,https://www.icho-official.org/results/results.php?id=36&year=2004
Chemistry,IChO,2004,Jürgen Vargas Schmitz,Venezuela,Participant,,,https://www.icho-official.org/results/results.php?id=36&year=2004
Chemistry,IChO,2004,Mohamed Abdel Hafez,Egypt,Participant,,,https://www.icho-official.org/results/results.php?id=36&year=2004
Chemistry,IChO,2004,Robert Fenton,Ireland,Participant,,,https://www.icho-official.org/results/results.php?id=36&year=2004
Chemistry,IChO,2004,Nikolay Vaklev,Bulgaria,Participant,,,https://www.icho-official.org/results/results.php?id=36&year=2004
Chemistry,IChO,2004,Manuel Reimi,Venezuela,Participant,,,https://www.icho-official.org/results/results.php?id=36&year=2004
Chemistry,IChO,2004,John O`Boyle,Ireland,Participant,,,https://www.icho-official.org/results/results.php?id=36&year=2004
Chemistry,IChO,2004,Cristina Marques,Portugal,Participant,,,https://www.icho-official.org/results/results.php?id=36&year=2004
Chemistry,IChO,2004,Ricardo Lopes,Portugal,Participant,,,https://www.icho-official.org/results/results.php?id=36&year=2004
Chemistry,IChO,2004,Amaury Massart,Belgium,Participant,,,https://www.icho-official.org/results/results.php?id=36&year=2004
Chemistry,IChO,2004,Ali Saleh,Kuwait,Participant,,,https://www.icho-official.org/results/results.php?id=36&year=2004
Chemistry,IChO,2004,Knut Åge Meland,Norway,Participant,,,https://www.icho-official.org/results/results.php?id=36&year=2004
Chemistry,IChO,2004,Jesus Manuel Garcia Vargas,Spain,Participant,,,https://www.icho-official.org/results/results.php?id=36&year=2004
Chemistry,IChO,2004,Zair Domínguez T.,Mexico,Participant,,,https://www.icho-official.org/results/results.php?id=36&year=2004
Chemistry,IChO,2004,Dimitris Dimitriou,Cyprus,Participant,,,https://www.icho-official.org/results/results.php?id=36&year=2004
Chemistry,IChO,2004,Konstantina Parsopoulou,Greece,Participant,,,https://www.icho-official.org/results/results.php?id=36&year=2004
Chemistry,IChO,2004,Mariana Ferreira,Portugal,Participant,,,https://www.icho-official.org/results/results.php?id=36&year=2004
Chemistry,IChO,2004,Karim Elsharkawi,Egypt,Participant,,,https://www.icho-official.org/results/results.php?id=36&year=2004
Chemistry,IChO,2004,Ahmed Gharib,Egypt,Participant,,,https://www.icho-official.org/results/results.php?id=36&year=2004
Chemistry,IChO,2004,Gerardo Stagno,Uruguay,Participant,,,https://www.icho-official.org/results/results.php?id=36&year=2004
Chemistry,IChO,2004,Sohret Asirov,Turkmenistan,Participant,,,https://www.icho-official.org/results/results.php?id=36&year=2004
Chemistry,IChO,2004,Saiora Kodirova,Tajikistan,Participant,,,https://www.icho-official.org/results/results.php?id=36&year=2004
Chemistry,IChO,2004,Fehed Alzaabi,Kuwait,Participant,,,https://www.icho-official.org/results/results.php?id=36&year=2004
Chemistry,IChO,2004,Hessah Alaslawi,Kuwait,Participant,,,https://www.icho-official.org/results/results.php?id=36&year=2004
Chemistry,IChO,2004,Zainab Alshemeri,Kuwait,Participant,,,https://www.icho-official.org/results/results.php?id=36&year=2004
Chemistry,IChO,2004,Mohamed Abou Hamra,Egypt,Participant,,,https://www.icho-official.org/results/results.php?id=36&year=2004
Chemistry,IChO,2004,Wilhelm Frisch,Norway,Participant,,,https://www.icho-official.org/results/results.php?id=36&year=2004
Chemistry,IChO,2005,Alexey Zeifman,Russian Federation,Gold,1,,https://www.icho-official.org/results/results.php?id=37&year=2005
Chemistry,IChO,2005,Jesada Temaismithi,Thailand,Gold,2,,https://www.icho-official.org/results/results.php?id=37&year=2005
Chemistry,IChO,2005,Anton Repko,Slovakia,Gold,3,,https://www.icho-official.org/results/results.php?id=37&year=2005
Chemistry,IChO,2005,Afan Veledov,Azerbaijan,Gold,4,,https://www.icho-official.org/results/results.php?id=37&year=2005
Chemistry,IChO,2005,Nguyen Mai Luan,Vietnam,Gold,5,,https://www.icho-official.org/results/results.php?id=37&year=2005
Chemistry,IChO,2005,Eva Pluhařová,Czech Republic,Gold,6,,https://www.icho-official.org/results/results.php?id=37&year=2005
Chemistry,IChO,2005,Jun Hyung Kim,"Korea, Republic of",Gold,7,,https://www.icho-official.org/results/results.php?id=37&year=2005
Chemistry,IChO,2005,Yu-Pu Wang,Chinese Taipei,Gold,8,,https://www.icho-official.org/results/results.php?id=37&year=2005
Chemistry,IChO,2005,Sang Weon Roh,"Korea, Republic of",Gold,9,,https://www.icho-official.org/results/results.php?id=37&year=2005
Chemistry,IChO,2005,Hsiang-Yu Yang,Chinese Taipei,Gold,10,,https://www.icho-official.org/results/results.php?id=37&year=2005
Chemistry,IChO,2005,Byung Kil Kim,"Korea, Republic of",Gold,11,,https://www.icho-official.org/results/results.php?id=37&year=2005
Chemistry,IChO,2005,Armin Thalhammer,Austria,Gold,12,,https://www.icho-official.org/results/results.php?id=37&year=2005
Chemistry,IChO,2005,Mojtaba Sharifzadeh,"Iran, Islamic Republic of",Gold,13,,https://www.icho-official.org/results/results.php?id=37&year=2005
Chemistry,IChO,2005,Nguyen Hoang Minh,Vietnam,Gold,14,,https://www.icho-official.org/results/results.php?id=37&year=2005
Chemistry,IChO,2005,Péter Kiss,Hungary,Gold,15,,https://www.icho-official.org/results/results.php?id=37&year=2005
Chemistry,IChO,2005,Sara Beygi,"Iran, Islamic Republic of",Gold,16,,https://www.icho-official.org/results/results.php?id=37&year=2005
Chemistry,IChO,2005,Ngo Xuan Hoang,Vietnam,Gold,17,,https://www.icho-official.org/results/results.php?id=37&year=2005
Chemistry,IChO,2005,Sang Hyun Lee,"Korea, Republic of",Gold,18,,https://www.icho-official.org/results/results.php?id=37&year=2005
Chemistry,IChO,2005,Carlos Ariel Pieck,Argentina,Gold,19,,https://www.icho-official.org/results/results.php?id=37&year=2005
Chemistry,IChO,2005,Harry Yan,Australia,Gold,20,,https://www.icho-official.org/results/results.php?id=37&year=2005
Chemistry,IChO,2005,Chris Kerr,United Kingdom,Gold,21,,https://www.icho-official.org/results/results.php?id=37&year=2005
Chemistry,IChO,2005,Senan Eminov,Azerbaijan,Gold,22,,https://www.icho-official.org/results/results.php?id=37&year=2005
Chemistry,IChO,2005,Jędrzej Kaniewski,Poland,Gold,23,,https://www.icho-official.org/results/results.php?id=37&year=2005
Chemistry,IChO,2005,Wenxiao (Kim) Zhou,Australia,Gold,24,,https://www.icho-official.org/results/results.php?id=37&year=2005
Chemistry,IChO,2005,Vitaly Abdrashitov,Russian Federation,Gold,25,,https://www.icho-official.org/results/results.php?id=37&year=2005
Chemistry,IChO,2005,Luis Daniel Cruz Zaragoza,Cuba,Gold,26,,https://www.icho-official.org/results/results.php?id=37&year=2005
Chemistry,IChO,2005,Razvan Costin Cioc,Romania,Silver,27,,https://www.icho-official.org/results/results.php?id=37&year=2005
Chemistry,IChO,2005,Amirhossein Khoshaman,"Iran, Islamic Republic of",Silver,28,,https://www.icho-official.org/results/results.php?id=37&year=2005
Chemistry,IChO,2005,Karthick Gopalakrishnan,India,Silver,29,,https://www.icho-official.org/results/results.php?id=37&year=2005
Chemistry,IChO,2005,Foad Taghdiri,"Iran, Islamic Republic of",Silver,30,,https://www.icho-official.org/results/results.php?id=37&year=2005
Chemistry,IChO,2005,Hikmet Iskenderov,Azerbaijan,Silver,31,,https://www.icho-official.org/results/results.php?id=37&year=2005
Chemistry,IChO,2005,Akio Kawasaki,Japan,Silver,32,,https://www.icho-official.org/results/results.php?id=37&year=2005
Chemistry,IChO,2005,Mykhaylo Vybornyy,Ukraine,Silver,33,,https://www.icho-official.org/results/results.php?id=37&year=2005
Chemistry,IChO,2005,Arun Paidimarri,India,Silver,34,,https://www.icho-official.org/results/results.php?id=37&year=2005
Chemistry,IChO,2005,Alexey Butenko,Russian Federation,Silver,35,,https://www.icho-official.org/results/results.php?id=37&year=2005
Chemistry,IChO,2005,Maxim Zimaliev,Russian Federation,Silver,36,,https://www.icho-official.org/results/results.php?id=37&year=2005
Chemistry,IChO,2005,Michał Kochman,Poland,Silver,37,,https://www.icho-official.org/results/results.php?id=37&year=2005
Chemistry,IChO,2005,Nguyen Huy Viet,Vietnam,Silver,38,,https://www.icho-official.org/results/results.php?id=37&year=2005
Chemistry,IChO,2005,Maksims Arzamasovs,Latvia,Silver,39,,https://www.icho-official.org/results/results.php?id=37&year=2005
Chemistry,IChO,2005,Petra Ménová,Czech Republic,Silver,40,,https://www.icho-official.org/results/results.php?id=37&year=2005
Chemistry,IChO,2005,Malte M. Gersch,Germany,Silver,41,,https://www.icho-official.org/results/results.php?id=37&year=2005
Chemistry,IChO,2005,Mehmet Talha Kutlu,Türkiye,Silver,42,,https://www.icho-official.org/results/results.php?id=37&year=2005
Chemistry,IChO,2005,Martin Thomas,Germany,Silver,43,,https://www.icho-official.org/results/results.php?id=37&year=2005
Chemistry,IChO,2005,Ezequiel Barral,Argentina,Silver,44,,https://www.icho-official.org/results/results.php?id=37&year=2005
Chemistry,IChO,2005,M. Kadir Deliömeroğlu,Türkiye,Silver,45,,https://www.icho-official.org/results/results.php?id=37&year=2005
Chemistry,IChO,2005,Gregor Bruns,Germany,Silver,46,,https://www.icho-official.org/results/results.php?id=37&year=2005
Chemistry,IChO,2005,Maximilian Tromayer,Austria,Silver,47,,https://www.icho-official.org/results/results.php?id=37&year=2005
Chemistry,IChO,2005,Jacob Sanders,USA,Silver,48,,https://www.icho-official.org/results/results.php?id=37&year=2005
Chemistry,IChO,2005,Maksym Zabilskyy,Ukraine,Silver,49,,https://www.icho-official.org/results/results.php?id=37&year=2005
Chemistry,IChO,2005,David Poellmann,Germany,Silver,50,,https://www.icho-official.org/results/results.php?id=37&year=2005
Chemistry,IChO,2005,Phoom Chairatana,Thailand,Silver,51,,https://www.icho-official.org/results/results.php?id=37&year=2005
Chemistry,IChO,2005,Svetoslav Anachkov,Bulgaria,Silver,52,,https://www.icho-official.org/results/results.php?id=37&year=2005
Chemistry,IChO,2005,Juan José Polari,Argentina,Silver,53,,https://www.icho-official.org/results/results.php?id=37&year=2005
Chemistry,IChO,2005,Dulat Azhibek,Kazakhstan,Silver,54,,https://www.icho-official.org/results/results.php?id=37&year=2005
Chemistry,IChO,2005,Antoine Moulet,France,Silver,55,,https://www.icho-official.org/results/results.php?id=37&year=2005
Chemistry,IChO,2005,Supamongkol Mutchamee,Thailand,Silver,56,,https://www.icho-official.org/results/results.php?id=37&year=2005
Chemistry,IChO,2005,Nikolay Vaklev,Bulgaria,Silver,57,,https://www.icho-official.org/results/results.php?id=37&year=2005
Chemistry,IChO,2005,Rajendra Joish,India,Silver,58,,https://www.icho-official.org/results/results.php?id=37&year=2005
Chemistry,IChO,2005,Manuel Kriz,Austria,Silver,59,,https://www.icho-official.org/results/results.php?id=37&year=2005
Chemistry,IChO,2005,Ihor Vitruk,Ukraine,Silver,60,,https://www.icho-official.org/results/results.php?id=37&year=2005
Chemistry,IChO,2005,Chung-Yang Huang,Chinese Taipei,Silver,61,,https://www.icho-official.org/results/results.php?id=37&year=2005
Chemistry,IChO,2005,Rolando Manuel Caraballo,Argentina,Silver,62,,https://www.icho-official.org/results/results.php?id=37&year=2005
Chemistry,IChO,2005,Albert Albert,Indonesia,Silver,63,,https://www.icho-official.org/results/results.php?id=37&year=2005
Chemistry,IChO,2005,Nicholas Sofroniew,USA,Silver,64,,https://www.icho-official.org/results/results.php?id=37&year=2005
Chemistry,IChO,2005,"Justin, Yeo Chuin Chen",Singapore,Silver,65,,https://www.icho-official.org/results/results.php?id=37&year=2005
Chemistry,IChO,2005,Rendra Prasetiyo,Indonesia,Silver,66,,https://www.icho-official.org/results/results.php?id=37&year=2005
Chemistry,IChO,2005,Emin Ceferov,Azerbaijan,Silver,67,,https://www.icho-official.org/results/results.php?id=37&year=2005
Chemistry,IChO,2005,Michal Májek,Slovakia,Silver,68,,https://www.icho-official.org/results/results.php?id=37&year=2005
Chemistry,IChO,2005,Boris Chichanov,Bulgaria,Silver,69,,https://www.icho-official.org/results/results.php?id=37&year=2005
Chemistry,IChO,2005,Wei-Ren Wang,Chinese Taipei,Silver,70,,https://www.icho-official.org/results/results.php?id=37&year=2005
Chemistry,IChO,2005,Thawatchai Chaijarasphong,Thailand,Silver,71,,https://www.icho-official.org/results/results.php?id=37&year=2005
Chemistry,IChO,2005,Allen Cheng,USA,Silver,72,,https://www.icho-official.org/results/results.php?id=37&year=2005
Chemistry,IChO,2005,Stanislav Vosolsobě,Czech Republic,Silver,73,,https://www.icho-official.org/results/results.php?id=37&year=2005
Chemistry,IChO,2005,Ivan Goursky,Belarus,Silver,74,,https://www.icho-official.org/results/results.php?id=37&year=2005
Chemistry,IChO,2005,Mindaugas Juozapavicius,Lithuania,Bronze,75,,https://www.icho-official.org/results/results.php?id=37&year=2005
Chemistry,IChO,2005,Vitālijs Mihnēvičs,Latvia,Bronze,76,,https://www.icho-official.org/results/results.php?id=37&year=2005
Chemistry,IChO,2005,Tomislav Pažur,Croatia,Bronze,77,,https://www.icho-official.org/results/results.php?id=37&year=2005
Chemistry,IChO,2005,Himanshu Asnani,India,Bronze,78,,https://www.icho-official.org/results/results.php?id=37&year=2005
Chemistry,IChO,2005,Agris Bērziņš,Latvia,Bronze,79,,https://www.icho-official.org/results/results.php?id=37&year=2005
Chemistry,IChO,2005,Grégoire Seizilles de Mazancourt,France,Bronze,80,,https://www.icho-official.org/results/results.php?id=37&year=2005
Chemistry,IChO,2005,Ayşe Burcu Akay,Türkiye,Bronze,81,,https://www.icho-official.org/results/results.php?id=37&year=2005
Chemistry,IChO,2005,Gábor Bazsó,Hungary,Bronze,82,,https://www.icho-official.org/results/results.php?id=37&year=2005
Chemistry,IChO,2005,Altynbek Isabekov,Kyrgyzstan,Bronze,83,,https://www.icho-official.org/results/results.php?id=37&year=2005
Chemistry,IChO,2005,Elio Mattia,Italy,Bronze,84,,https://www.icho-official.org/results/results.php?id=37&year=2005
Chemistry,IChO,2005,Gábor Halász,Hungary,Bronze,85,,https://www.icho-official.org/results/results.php?id=37&year=2005
Chemistry,IChO,2005,Peter Štacko,Slovakia,Bronze,86,,https://www.icho-official.org/results/results.php?id=37&year=2005
Chemistry,IChO,2005,Jan Lonzarić,Slovenia,Bronze,87,,https://www.icho-official.org/results/results.php?id=37&year=2005
Chemistry,IChO,2005,Gyula Pálfy,Hungary,Bronze,88,,https://www.icho-official.org/results/results.php?id=37&year=2005
Chemistry,IChO,2005,Shin Ee Astee Goh,Singapore,Bronze,89,,https://www.icho-official.org/results/results.php?id=37&year=2005
Chemistry,IChO,2005,Munarbek Aitiev,Kyrgyzstan,Bronze,90,,https://www.icho-official.org/results/results.php?id=37&year=2005
Chemistry,IChO,2005,Ivica Cvrtila,Croatia,Bronze,91,,https://www.icho-official.org/results/results.php?id=37&year=2005
Chemistry,IChO,2005,Piotr Paluch,Poland,Bronze,92,,https://www.icho-official.org/results/results.php?id=37&year=2005
Chemistry,IChO,2005,Asako Imamura,Japan,Bronze,93,,https://www.icho-official.org/results/results.php?id=37&year=2005
Chemistry,IChO,2005,Aliaksei Kananenka,Belarus,Bronze,94,,https://www.icho-official.org/results/results.php?id=37&year=2005
Chemistry,IChO,2005,Klemen Aleš Pilih,Slovenia,Bronze,95,,https://www.icho-official.org/results/results.php?id=37&year=2005
Chemistry,IChO,2005,Andriy Shelepyuk,Ukraine,Bronze,96,,https://www.icho-official.org/results/results.php?id=37&year=2005
Chemistry,IChO,2005,Dustin Stuart,Australia,Bronze,97,,https://www.icho-official.org/results/results.php?id=37&year=2005
Chemistry,IChO,2005,Anna Rydzik,Poland,Bronze,98,,https://www.icho-official.org/results/results.php?id=37&year=2005
Chemistry,IChO,2005,Andres Laan,Estonia,Bronze,99,,https://www.icho-official.org/results/results.php?id=37&year=2005
Chemistry,IChO,2005,Joel Tousignant-Barnes,Canada,Bronze,100,,https://www.icho-official.org/results/results.php?id=37&year=2005
Chemistry,IChO,2005,Alexandra Patricia Tcaciuc,Romania,Bronze,101,,https://www.icho-official.org/results/results.php?id=37&year=2005
Chemistry,IChO,2005,Athanasios Christodoulou,Greece,Bronze,102,,https://www.icho-official.org/results/results.php?id=37&year=2005
Chemistry,IChO,2005,Konstantin Ossipov,Estonia,Bronze,103,,https://www.icho-official.org/results/results.php?id=37&year=2005
Chemistry,IChO,2005,Maria Irina Chiriac,Romania,Bronze,104,,https://www.icho-official.org/results/results.php?id=37&year=2005
Chemistry,IChO,2005,Ralph Koitz,Austria,Bronze,105,,https://www.icho-official.org/results/results.php?id=37&year=2005
Chemistry,IChO,2005,Tuukka Jussila,Finland,Bronze,106,,https://www.icho-official.org/results/results.php?id=37&year=2005
Chemistry,IChO,2005,Taha Bilal Uyar,Türkiye,Bronze,107,,https://www.icho-official.org/results/results.php?id=37&year=2005
Chemistry,IChO,2005,Pavel Volotovski,Belarus,Bronze,108,,https://www.icho-official.org/results/results.php?id=37&year=2005
Chemistry,IChO,2005,Jaime Ortega-Arroyo,Mexico,Bronze,109,,https://www.icho-official.org/results/results.php?id=37&year=2005
Chemistry,IChO,2005,Scott Rabin,USA,Bronze,110,,https://www.icho-official.org/results/results.php?id=37&year=2005
Chemistry,IChO,2005,James Shepherd,United Kingdom,Bronze,111,,https://www.icho-official.org/results/results.php?id=37&year=2005
Chemistry,IChO,2005,Ben Pilgrim,United Kingdom,Bronze,112,,https://www.icho-official.org/results/results.php?id=37&year=2005
Chemistry,IChO,2005,Jiří Jenčík,Czech Republic,Bronze,113,,https://www.icho-official.org/results/results.php?id=37&year=2005
Chemistry,IChO,2005,Oliver Holton,United Kingdom,Bronze,114,,https://www.icho-official.org/results/results.php?id=37&year=2005
Chemistry,IChO,2005,Olga Jasnovidova,Estonia,Bronze,115,,https://www.icho-official.org/results/results.php?id=37&year=2005
Chemistry,IChO,2005,Helene Kolding,Denmark,Bronze,116,,https://www.icho-official.org/results/results.php?id=37&year=2005
Chemistry,IChO,2005,Li Feng Tan,Singapore,Bronze,117,,https://www.icho-official.org/results/results.php?id=37&year=2005
Chemistry,IChO,2005,Natalia Isabel González-Pech,Mexico,Bronze,118,,https://www.icho-official.org/results/results.php?id=37&year=2005
Chemistry,IChO,2005,Kuat Usseingazin,Kazakhstan,Bronze,119,,https://www.icho-official.org/results/results.php?id=37&year=2005
Chemistry,IChO,2005,Siarhei Balshakou,Belarus,Bronze,120,,https://www.icho-official.org/results/results.php?id=37&year=2005
Chemistry,IChO,2005,Tomislav Kokotović,Croatia,Bronze,121,,https://www.icho-official.org/results/results.php?id=37&year=2005
Chemistry,IChO,2005,Adam Lerer,Canada,Bronze,122,,https://www.icho-official.org/results/results.php?id=37&year=2005
Chemistry,IChO,2005,Mauro Del Ben,Italy,Bronze,123,,https://www.icho-official.org/results/results.php?id=37&year=2005
Chemistry,IChO,2005,Nurzhan Abdrakhmanov,Kazakhstan,Bronze,124,,https://www.icho-official.org/results/results.php?id=37&year=2005
Chemistry,IChO,2005,María Beczalia Mendoza-Cueto,Mexico,Bronze,125,,https://www.icho-official.org/results/results.php?id=37&year=2005
Chemistry,IChO,2005,Maria Casandra Panea,Romania,Bronze,126,,https://www.icho-official.org/results/results.php?id=37&year=2005
Chemistry,IChO,2005,Jürgen Vargas Schmitz,Venezuela,Bronze,127,,https://www.icho-official.org/results/results.php?id=37&year=2005
Chemistry,IChO,2005,Andrew Lin,Australia,Bronze,128,,https://www.icho-official.org/results/results.php?id=37&year=2005
Chemistry,IChO,2005,Juliana Vieira Mota,Brazil,Bronze,129,,https://www.icho-official.org/results/results.php?id=37&year=2005
Chemistry,IChO,2005,John-Alan Pascoe,Netherlands,Bronze,130,,https://www.icho-official.org/results/results.php?id=37&year=2005
Chemistry,IChO,2005,Mary-Ellen Lynall,Ireland,Bronze,131,,https://www.icho-official.org/results/results.php?id=37&year=2005
Chemistry,IChO,2005,Soňa Hospodáriková,Slovakia,Bronze,132,,https://www.icho-official.org/results/results.php?id=37&year=2005
Chemistry,IChO,2005,Jit Hang Jackie Ang,Singapore,Bronze,133,,https://www.icho-official.org/results/results.php?id=37&year=2005
Chemistry,IChO,2005,Israel Alejandro López-Hernández,Mexico,Bronze,134,,https://www.icho-official.org/results/results.php?id=37&year=2005
Chemistry,IChO,2005,Toshiaki Nagata,Japan,Bronze,135,,https://www.icho-official.org/results/results.php?id=37&year=2005
Chemistry,IChO,2005,Virginija Jovaisaite,Lithuania,Bronze,136,,https://www.icho-official.org/results/results.php?id=37&year=2005
Chemistry,IChO,2005,Khabib Khumaini,Indonesia,Bronze,137,,https://www.icho-official.org/results/results.php?id=37&year=2005
Chemistry,IChO,2005,Nis Brix Lauridsen,Denmark,Bronze,138,,https://www.icho-official.org/results/results.php?id=37&year=2005
Chemistry,IChO,2005,Fainan Failamani,Indonesia,Bronze,139,,https://www.icho-official.org/results/results.php?id=37&year=2005
Chemistry,IChO,2005,Kyohei Kanomata,Japan,Bronze,140,,https://www.icho-official.org/results/results.php?id=37&year=2005
Chemistry,IChO,2005,Rimantas Slegeris,Lithuania,Bronze,141,,https://www.icho-official.org/results/results.php?id=37&year=2005
Chemistry,IChO,2005,Nicolaj Knudsen,Denmark,Bronze,142,,https://www.icho-official.org/results/results.php?id=37&year=2005
Chemistry,IChO,2005,Geert Folkertsma,Netherlands,Bronze,143,,https://www.icho-official.org/results/results.php?id=37&year=2005
Chemistry,IChO,2005,Jukka Hassinen,Finland,Bronze,144,,https://www.icho-official.org/results/results.php?id=37&year=2005
Chemistry,IChO,2005,Farrukh Vohidov,Tajikistan,Bronze,145,,https://www.icho-official.org/results/results.php?id=37&year=2005
Chemistry,IChO,2005,Artyom Skabeev,Kyrgyzstan,Bronze,146,,https://www.icho-official.org/results/results.php?id=37&year=2005
Chemistry,IChO,2005,Aleksey Shmelov,Ireland,Bronze,147,,https://www.icho-official.org/results/results.php?id=37&year=2005
Chemistry,IChO,2005,Kuan-Chieh Tseng,Canada,Bronze,148,,https://www.icho-official.org/results/results.php?id=37&year=2005
Chemistry,IChO,2005,Mohamed Mirmohades,Sweden,Bronze,149,,https://www.icho-official.org/results/results.php?id=37&year=2005
Chemistry,IChO,2005,Devarshi Bhattacharyya,New Zealand,Bronze,150,,https://www.icho-official.org/results/results.php?id=37&year=2005
Chemistry,IChO,2005,Mijo Šimunović,Croatia,Bronze,151,,https://www.icho-official.org/results/results.php?id=37&year=2005
Chemistry,IChO,2005,Grigorij Sutov,Lithuania,Bronze,152,,https://www.icho-official.org/results/results.php?id=37&year=2005
Chemistry,IChO,2005,Kathrin Székely,Switzerland,Bronze,153,,https://www.icho-official.org/results/results.php?id=37&year=2005
Chemistry,IChO,2005,Jarno van Roosmalen,Netherlands,Bronze,154,,https://www.icho-official.org/results/results.php?id=37&year=2005
Chemistry,IChO,2005,Troels Arnfred Bojesen,Norway,Participant,,,https://www.icho-official.org/results/results.php?id=37&year=2005
Chemistry,IChO,2005,Duarte Martins,Portugal,Participant,,,https://www.icho-official.org/results/results.php?id=37&year=2005
Chemistry,IChO,2005,Marios Margaritis,Greece,Participant,,,https://www.icho-official.org/results/results.php?id=37&year=2005
Chemistry,IChO,2005,Alexey Pokrovskiy,Ireland,Honourable Mention,158,,https://www.icho-official.org/results/results.php?id=37&year=2005
Chemistry,IChO,2005,Daniel Chan,New Zealand,Participant,,,https://www.icho-official.org/results/results.php?id=37&year=2005
Chemistry,IChO,2005,Gianni Stringari,Italy,Participant,,,https://www.icho-official.org/results/results.php?id=37&year=2005
Chemistry,IChO,2005,Eleni Vryonidou,Cyprus,Participant,,,https://www.icho-official.org/results/results.php?id=37&year=2005
Chemistry,IChO,2005,Miia Mäntymāki,Finland,Honourable Mention,162,,https://www.icho-official.org/results/results.php?id=37&year=2005
Chemistry,IChO,2005,Alberto Osuna Galvez,Spain,Participant,,,https://www.icho-official.org/results/results.php?id=37&year=2005
Chemistry,IChO,2005,Juan Pablo Medina,Peru,Honourable Mention,164,,https://www.icho-official.org/results/results.php?id=37&year=2005
Chemistry,IChO,2005,Christoffer Karlsson,Sweden,Participant,,,https://www.icho-official.org/results/results.php?id=37&year=2005
Chemistry,IChO,2005,Christophe Snoeck,Belgium,Participant,,,https://www.icho-official.org/results/results.php?id=37&year=2005
Chemistry,IChO,2005,Almas Ordabayev,Kazakhstan,Participant,,,https://www.icho-official.org/results/results.php?id=37&year=2005
Chemistry,IChO,2005,Kasper Steen Pedersen,Denmark,Participant,,,https://www.icho-official.org/results/results.php?id=37&year=2005
Chemistry,IChO,2005,Michele Pavan,Italy,Honourable Mention,169,,https://www.icho-official.org/results/results.php?id=37&year=2005
Chemistry,IChO,2005,Diane Quan,Canada,Participant,,,https://www.icho-official.org/results/results.php?id=37&year=2005
Chemistry,IChO,2005,Kirsten Verboven,Belgium,Participant,,,https://www.icho-official.org/results/results.php?id=37&year=2005
Chemistry,IChO,2005,Rubén Fernandez Moya,Spain,Participant,,,https://www.icho-official.org/results/results.php?id=37&year=2005
Chemistry,IChO,2005,Manuel Pérez,Venezuela,Participant,,,https://www.icho-official.org/results/results.php?id=37&year=2005
Chemistry,IChO,2005,Iiris Kolu,Finland,Participant,,,https://www.icho-official.org/results/results.php?id=37&year=2005
Chemistry,IChO,2005,Franck Cescon,France,Participant,,,https://www.icho-official.org/results/results.php?id=37&year=2005
Chemistry,IChO,2005,Sinead McTaggart,Ireland,Participant,,,https://www.icho-official.org/results/results.php?id=37&year=2005
Chemistry,IChO,2005,Matej Huš,Slovenia,Participant,,,https://www.icho-official.org/results/results.php?id=37&year=2005
Chemistry,IChO,2005,Maarten Beerenpoot,Netherlands,Honourable Mention,178,,https://www.icho-official.org/results/results.php?id=37&year=2005
Chemistry,IChO,2005,Sebastian Keller,Switzerland,Participant,,,https://www.icho-official.org/results/results.php?id=37&year=2005
Chemistry,IChO,2005,Antonio Freire Gonzalez,Spain,Participant,,,https://www.icho-official.org/results/results.php?id=37&year=2005
Chemistry,IChO,2005,Lewis Winn,New Zealand,Participant,,,https://www.icho-official.org/results/results.php?id=37&year=2005
Chemistry,IChO,2005,Kevin Louis,France,Participant,,,https://www.icho-official.org/results/results.php?id=37&year=2005
Chemistry,IChO,2005,Tomasz Halldór Pajdak,Iceland,Participant,,,https://www.icho-official.org/results/results.php?id=37&year=2005
Chemistry,IChO,2005,Bruno Damasceno Cavalcante C. Branco,Brazil,Participant,,,https://www.icho-official.org/results/results.php?id=37&year=2005
Chemistry,IChO,2005,Ulmas Jumaev,Tajikistan,Honourable Mention,185,,https://www.icho-official.org/results/results.php?id=37&year=2005
Chemistry,IChO,2005,Anastasia Nikolaidou,Cyprus,Participant,,,https://www.icho-official.org/results/results.php?id=37&year=2005
Chemistry,IChO,2005,Arnar Thór Stefánsson,Iceland,Participant,,,https://www.icho-official.org/results/results.php?id=37&year=2005
Chemistry,IChO,2005,Panagiotis Panagopoulos,Greece,Participant,,,https://www.icho-official.org/results/results.php?id=37&year=2005
Chemistry,IChO,2005,Gregor Hostnik,Slovenia,Participant,,,https://www.icho-official.org/results/results.php?id=37&year=2005
Chemistry,IChO,2005,Thierry Denuit,Belgium,Participant,,,https://www.icho-official.org/results/results.php?id=37&year=2005
Chemistry,IChO,2005,Azevedo Ana,Portugal,Participant,,,https://www.icho-official.org/results/results.php?id=37&year=2005
Chemistry,IChO,2005,Mena Issler,Switzerland,Participant,,,https://www.icho-official.org/results/results.php?id=37&year=2005
Chemistry,IChO,2005,Camila Vasconcelos de Oliveira,Brazil,Participant,,,https://www.icho-official.org/results/results.php?id=37&year=2005
Chemistry,IChO,2005,María Óskarsdóttir,Iceland,Participant,,,https://www.icho-official.org/results/results.php?id=37&year=2005
Chemistry,IChO,2005,Kristaps Ermanis,Latvia,Participant,,,https://www.icho-official.org/results/results.php?id=37&year=2005
Chemistry,IChO,2005,Mikk Müraus,Estonia,Participant,,,https://www.icho-official.org/results/results.php?id=37&year=2005
Chemistry,IChO,2005,Wei Li Jiang,New Zealand,Participant,,,https://www.icho-official.org/results/results.php?id=37&year=2005
Chemistry,IChO,2005,Eslam Mohamed Soliman Khalaf,Egypt,Participant,,,https://www.icho-official.org/results/results.php?id=37&year=2005
Chemistry,IChO,2005,Rickard Einefors,Sweden,Participant,,,https://www.icho-official.org/results/results.php?id=37&year=2005
Chemistry,IChO,2005,Iriní Nikolaidou,Cyprus,Participant,,,https://www.icho-official.org/results/results.php?id=37&year=2005
Chemistry,IChO,2005,Marios Arvanitis,Greece,Participant,,,https://www.icho-official.org/results/results.php?id=37&year=2005
Chemistry,IChO,2005,Pedro Silva,Portugal,Participant,,,https://www.icho-official.org/results/results.php?id=37&year=2005
Chemistry,IChO,2005,Ivan Krasimirov Ivanov,Bulgaria,Participant,,,https://www.icho-official.org/results/results.php?id=37&year=2005
Chemistry,IChO,2005,Mohamed Ragab Abd Elmohsen Abd Elhafez,Egypt,Participant,,,https://www.icho-official.org/results/results.php?id=37&year=2005
Chemistry,IChO,2005,Sigmund Østtveit Størset,Norway,Participant,,,https://www.icho-official.org/results/results.php?id=37&year=2005
Chemistry,IChO,2005,Gunstein Skomedal,Norway,Participant,,,https://www.icho-official.org/results/results.php?id=37&year=2005
Chemistry,IChO,2005,Bjarte Lofnes Hauge,Norway,Participant,,,https://www.icho-official.org/results/results.php?id=37&year=2005
Chemistry,IChO,2005,Ricardo Szyfer,Uruguay,Participant,,,https://www.icho-official.org/results/results.php?id=37&year=2005
Chemistry,IChO,2005,Thomas Canor,Belgium,Participant,,,https://www.icho-official.org/results/results.php?id=37&year=2005
Chemistry,IChO,2005,Hildur Knútsdóttir,Iceland,Participant,,,https://www.icho-official.org/results/results.php?id=37&year=2005
Chemistry,IChO,2005,Andrés Lopez,Uruguay,Participant,,,https://www.icho-official.org/results/results.php?id=37&year=2005
Chemistry,IChO,2005,Arvid Guterstam,Sweden,Participant,,,https://www.icho-official.org/results/results.php?id=37&year=2005
Chemistry,IChO,2005,Miguel Nogueira,Portugal,Participant,,,https://www.icho-official.org/results/results.php?id=37&year=2005
Chemistry,IChO,2005,Matias Osorio,Uruguay,Participant,,,https://www.icho-official.org/results/results.php?id=37&year=2005
Chemistry,IChO,2005,Danilo Vieira Feitosa,Brazil,Participant,,,https://www.icho-official.org/results/results.php?id=37&year=2005
Chemistry,IChO,2005,Sara Shuaibi,Kuwait,Participant,,,https://www.icho-official.org/results/results.php?id=37&year=2005
Chemistry,IChO,2005,Tanja Stojanovic,Switzerland,Participant,,,https://www.icho-official.org/results/results.php?id=37&year=2005
Chemistry,IChO,2005,Mohamed Ahmed Abdel Fattah Abou Hamara,Egypt,Participant,,,https://www.icho-official.org/results/results.php?id=37&year=2005
Chemistry,IChO,2005,Kyriaki Georgiou,Cyprus,Participant,,,https://www.icho-official.org/results/results.php?id=37&year=2005
Chemistry,IChO,2005,Maria Agustina Frechou,Uruguay,Participant,,,https://www.icho-official.org/results/results.php?id=37&year=2005
Chemistry,IChO,2005,Dalal Alfaraj,Kuwait,Participant,,,https://www.icho-official.org/results/results.php?id=37&year=2005
Chemistry,IChO,2005,Frank De la Torre,Peru,Participant,,,https://www.icho-official.org/results/results.php?id=37&year=2005
Chemistry,IChO,2005,Norah Ayyad,Kuwait,Participant,,,https://www.icho-official.org/results/results.php?id=37&year=2005
Chemistry,IChO,2005,Ahmed Rezq Mohammedy Mohammed,Egypt,Participant,,,https://www.icho-official.org/results/results.php?id=37&year=2005
Chemistry,IChO,2005,Zainab Ali,Kuwait,Participant,,,https://www.icho-official.org/results/results.php?id=37&year=2005
Chemistry,IChO,2006,Hwan Bae,"Korea, Republic of",Gold,1,,https://www.icho-official.org/results/results.php?id=38&year=2006
Chemistry,IChO,2006,Cheng-Yi Kao,Chinese Taipei,Gold,2,,https://www.icho-official.org/results/results.php?id=38&year=2006
Chemistry,IChO,2006,Lichao Cai,"China, People's Republic of",Gold,3,,https://www.icho-official.org/results/results.php?id=38&year=2006
Chemistry,IChO,2006,Daniil Maltsev,Russian Federation,Gold,4,,https://www.icho-official.org/results/results.php?id=38&year=2006
Chemistry,IChO,2006,Yi Zeng,"China, People's Republic of",Gold,5,,https://www.icho-official.org/results/results.php?id=38&year=2006
Chemistry,IChO,2006,Junhong Park,"Korea, Republic of",Gold,6,,https://www.icho-official.org/results/results.php?id=38&year=2006
Chemistry,IChO,2006,Veerasak Srisuknimit,Thailand,Gold,7,,https://www.icho-official.org/results/results.php?id=38&year=2006
Chemistry,IChO,2006,Tsung-Che Wu,Chinese Taipei,Gold,8,,https://www.icho-official.org/results/results.php?id=38&year=2006
Chemistry,IChO,2006,Hande Boyaci,Türkiye,Gold,9,,https://www.icho-official.org/results/results.php?id=38&year=2006
Chemistry,IChO,2006,Jędrzej Kaniewski,Poland,Gold,10,,https://www.icho-official.org/results/results.php?id=38&year=2006
Chemistry,IChO,2006,Maksym Shevchenko,Ukraine,Gold,11,,https://www.icho-official.org/results/results.php?id=38&year=2006
Chemistry,IChO,2006,Dang Tien Duc,Vietnam,Gold,12,,https://www.icho-official.org/results/results.php?id=38&year=2006
Chemistry,IChO,2006,Asako Imamura,Japan,Gold,13,,https://www.icho-official.org/results/results.php?id=38&year=2006
Chemistry,IChO,2006,Peter Guang Yi Lu,Canada,Gold,14,,https://www.icho-official.org/results/results.php?id=38&year=2006
Chemistry,IChO,2006,Tu Ngoc Ly Lan,Vietnam,Gold,15,,https://www.icho-official.org/results/results.php?id=38&year=2006
Chemistry,IChO,2006,Leonid Romashov,Russian Federation,Gold,16,,https://www.icho-official.org/results/results.php?id=38&year=2006
Chemistry,IChO,2006,Yuxin Chuah,Singapore,Gold,17,,https://www.icho-official.org/results/results.php?id=38&year=2006
Chemistry,IChO,2006,Maxim Mogilnyy,Russian Federation,Gold,18,,https://www.icho-official.org/results/results.php?id=38&year=2006
Chemistry,IChO,2006,Prathmesh Prabhu,India,Gold,19,,https://www.icho-official.org/results/results.php?id=38&year=2006
Chemistry,IChO,2006,Ying-Hsuan Lin,Chinese Taipei,Gold,20,,https://www.icho-official.org/results/results.php?id=38&year=2006
Chemistry,IChO,2006,Piotr Aleksander Guńka,Poland,Gold,21,,https://www.icho-official.org/results/results.php?id=38&year=2006
Chemistry,IChO,2006,Yibin Liu,"China, People's Republic of",Gold,22,,https://www.icho-official.org/results/results.php?id=38&year=2006
Chemistry,IChO,2006,Martin Thomas,Germany,Gold,23,,https://www.icho-official.org/results/results.php?id=38&year=2006
Chemistry,IChO,2006,Qinda Ye,"China, People's Republic of",Gold,24,,https://www.icho-official.org/results/results.php?id=38&year=2006
Chemistry,IChO,2006,Taehee Hong,"Korea, Republic of",Gold,25,,https://www.icho-official.org/results/results.php?id=38&year=2006
Chemistry,IChO,2006,Mammad Mirzayev,Azerbaijan,Gold,26,,https://www.icho-official.org/results/results.php?id=38&year=2006
Chemistry,IChO,2006,Helene Kolding,Denmark,Gold,27,,https://www.icho-official.org/results/results.php?id=38&year=2006
Chemistry,IChO,2006,Petr Gerhard,Czech Republic,Gold,28,,https://www.icho-official.org/results/results.php?id=38&year=2006
Chemistry,IChO,2006,Abdulla Ahmadov,Azerbaijan,Silver,29,,https://www.icho-official.org/results/results.php?id=38&year=2006
Chemistry,IChO,2006,Thawatchai Chaijarasphong,Thailand,Silver,30,,https://www.icho-official.org/results/results.php?id=38&year=2006
Chemistry,IChO,2006,Michal Májek,Slovakia,Silver,31,,https://www.icho-official.org/results/results.php?id=38&year=2006
Chemistry,IChO,2006,Chung-Yang Huang,Chinese Taipei,Silver,32,,https://www.icho-official.org/results/results.php?id=38&year=2006
Chemistry,IChO,2006,Kent Huynh,Canada,Silver,33,,https://www.icho-official.org/results/results.php?id=38&year=2006
Chemistry,IChO,2006,Omkar Pradeep Wagh,India,Silver,34,,https://www.icho-official.org/results/results.php?id=38&year=2006
Chemistry,IChO,2006,David Bousquet,France,Silver,35,,https://www.icho-official.org/results/results.php?id=38&year=2006
Chemistry,IChO,2006,Damien Thomine,France,Silver,36,,https://www.icho-official.org/results/results.php?id=38&year=2006
Chemistry,IChO,2006,Casper Van Der Wel,Netherlands,Silver,37,,https://www.icho-official.org/results/results.php?id=38&year=2006
Chemistry,IChO,2006,Toshiaki Nagata,Japan,Silver,38,,https://www.icho-official.org/results/results.php?id=38&year=2006
Chemistry,IChO,2006,Michael Frazis,Australia,Silver,39,,https://www.icho-official.org/results/results.php?id=38&year=2006
Chemistry,IChO,2006,Dzmitry Firaha,Belarus,Silver,40,,https://www.icho-official.org/results/results.php?id=38&year=2006
Chemistry,IChO,2006,Timur Mansurov,Russian Federation,Silver,41,,https://www.icho-official.org/results/results.php?id=38&year=2006
Chemistry,IChO,2006,Tran Nam Trung,Vietnam,Silver,42,,https://www.icho-official.org/results/results.php?id=38&year=2006
Chemistry,IChO,2006,Malte M. Gersch,Germany,Silver,42,,https://www.icho-official.org/results/results.php?id=38&year=2006
Chemistry,IChO,2006,Seungwan Nam,"Korea, Republic of",Silver,44,,https://www.icho-official.org/results/results.php?id=38&year=2006
Chemistry,IChO,2006,Aliaksandr Maliauka,Belarus,Silver,45,,https://www.icho-official.org/results/results.php?id=38&year=2006
Chemistry,IChO,2006,Orkhan Rzayev,Azerbaijan,Silver,46,,https://www.icho-official.org/results/results.php?id=38&year=2006
Chemistry,IChO,2006,Nguyen Hoang Minh,Vietnam,Silver,47,,https://www.icho-official.org/results/results.php?id=38&year=2006
Chemistry,IChO,2006,Kuan-lun Huang,New Zealand,Silver,48,,https://www.icho-official.org/results/results.php?id=38&year=2006
Chemistry,IChO,2006,Jirarat Jirarayapong,Thailand,Silver,49,,https://www.icho-official.org/results/results.php?id=38&year=2006
Chemistry,IChO,2006,Mary-Ellen Lynall,Ireland,Silver,49,,https://www.icho-official.org/results/results.php?id=38&year=2006
Chemistry,IChO,2006,Naru Tanaka,Japan,Silver,51,,https://www.icho-official.org/results/results.php?id=38&year=2006
Chemistry,IChO,2006,Farshid Abdi,"Iran, Islamic Republic of",Silver,52,,https://www.icho-official.org/results/results.php?id=38&year=2006
Chemistry,IChO,2006,Zhen Liang,Singapore,Silver,53,,https://www.icho-official.org/results/results.php?id=38&year=2006
Chemistry,IChO,2006,Michał Józef Tomza,Poland,Silver,54,,https://www.icho-official.org/results/results.php?id=38&year=2006
Chemistry,IChO,2006,Michael Robert Blaisse,USA,Silver,55,,https://www.icho-official.org/results/results.php?id=38&year=2006
Chemistry,IChO,2006,Dennis jul Hansen,Denmark,Silver,56,,https://www.icho-official.org/results/results.php?id=38&year=2006
Chemistry,IChO,2006,Andres Laan,Estonia,Silver,57,,https://www.icho-official.org/results/results.php?id=38&year=2006
Chemistry,IChO,2006,Gyula Pálfy,Hungary,Silver,58,,https://www.icho-official.org/results/results.php?id=38&year=2006
Chemistry,IChO,2006,Joshua Baker,New Zealand,Silver,59,,https://www.icho-official.org/results/results.php?id=38&year=2006
Chemistry,IChO,2006,Răzvan Costin Cioc,Romania,Silver,60,,https://www.icho-official.org/results/results.php?id=38&year=2006
Chemistry,IChO,2006,Philipp Steininger,Germany,Silver,61,,https://www.icho-official.org/results/results.php?id=38&year=2006
Chemistry,IChO,2006,Rasmus sloth Hansen,Denmark,Silver,62,,https://www.icho-official.org/results/results.php?id=38&year=2006
Chemistry,IChO,2006,Boris Fačkovec,Slovakia,Silver,63,,https://www.icho-official.org/results/results.php?id=38&year=2006
Chemistry,IChO,2006,Ying Yeung Chan,Australia,Silver,64,,https://www.icho-official.org/results/results.php?id=38&year=2006
Chemistry,IChO,2006,Gregory Drew Brockman,USA,Silver,64,,https://www.icho-official.org/results/results.php?id=38&year=2006
Chemistry,IChO,2006,Peter Štacko,Slovakia,Silver,66,,https://www.icho-official.org/results/results.php?id=38&year=2006
Chemistry,IChO,2006,Yi yang See,Singapore,Silver,67,,https://www.icho-official.org/results/results.php?id=38&year=2006
Chemistry,IChO,2006,Márton Vass,Hungary,Silver,68,,https://www.icho-official.org/results/results.php?id=38&year=2006
Chemistry,IChO,2006,Khabib Khumaini,Indonesia,Silver,69,,https://www.icho-official.org/results/results.php?id=38&year=2006
Chemistry,IChO,2006,Alexander Puchhammer,Austria,Silver,70,,https://www.icho-official.org/results/results.php?id=38&year=2006
Chemistry,IChO,2006,Yohei Hattori,Japan,Silver,71,,https://www.icho-official.org/results/results.php?id=38&year=2006
Chemistry,IChO,2006,Charlie Tianyi Wang,Canada,Silver,72,,https://www.icho-official.org/results/results.php?id=38&year=2006
Chemistry,IChO,2006,Davood Taheri Nia,"Iran, Islamic Republic of",Silver,73,,https://www.icho-official.org/results/results.php?id=38&year=2006
Chemistry,IChO,2006,Rahul Goyal,India,Silver,74,,https://www.icho-official.org/results/results.php?id=38&year=2006
Chemistry,IChO,2006,Hanna Luhavaya,Belarus,Silver,75,,https://www.icho-official.org/results/results.php?id=38&year=2006
Chemistry,IChO,2006,Mykhaylo Lomaka,Ukraine,Silver,76,,https://www.icho-official.org/results/results.php?id=38&year=2006
Chemistry,IChO,2006,Andrew Michael Freddo,USA,Silver,77,,https://www.icho-official.org/results/results.php?id=38&year=2006
Chemistry,IChO,2006,Ivica Cvrtila,Croatia,Silver,78,,https://www.icho-official.org/results/results.php?id=38&year=2006
Chemistry,IChO,2006,James Chanki Park,New Zealand,Silver,79,,https://www.icho-official.org/results/results.php?id=38&year=2006
Chemistry,IChO,2006,Tomáš Trnka,Czech Republic,Silver,80,,https://www.icho-official.org/results/results.php?id=38&year=2006
Chemistry,IChO,2006,Darío Esteban Palomeque,Argentina,Silver,81,,https://www.icho-official.org/results/results.php?id=38&year=2006
Chemistry,IChO,2006,Mykola Glushchenko,Ukraine,Silver,82,,https://www.icho-official.org/results/results.php?id=38&year=2006
Chemistry,IChO,2006,Mantas Liutkus,Lithuania,Silver,83,,https://www.icho-official.org/results/results.php?id=38&year=2006
Chemistry,IChO,2006,Harriet Anne Keane,United Kingdom,Silver,84,,https://www.icho-official.org/results/results.php?id=38&year=2006
Chemistry,IChO,2006,Constanze Neumann,Austria,Bronze,85,,https://www.icho-official.org/results/results.php?id=38&year=2006
Chemistry,IChO,2006,Erik Andris,Slovakia,Bronze,86,,https://www.icho-official.org/results/results.php?id=38&year=2006
Chemistry,IChO,2006,Lőrinc Sárkány,Hungary,Bronze,87,,https://www.icho-official.org/results/results.php?id=38&year=2006
Chemistry,IChO,2006,Adhi Kurnianto,Indonesia,Bronze,88,,https://www.icho-official.org/results/results.php?id=38&year=2006
Chemistry,IChO,2006,Filip Topić,Croatia,Bronze,89,,https://www.icho-official.org/results/results.php?id=38&year=2006
Chemistry,IChO,2006,Michael Fahey,Australia,Bronze,90,,https://www.icho-official.org/results/results.php?id=38&year=2006
Chemistry,IChO,2006,Marcel Haft,Germany,Bronze,91,,https://www.icho-official.org/results/results.php?id=38&year=2006
Chemistry,IChO,2006,Matej Huš,Slovenia,Bronze,92,,https://www.icho-official.org/results/results.php?id=38&year=2006
Chemistry,IChO,2006,Rahul Sharma,India,Bronze,93,,https://www.icho-official.org/results/results.php?id=38&year=2006
Chemistry,IChO,2006,Alexander Benjamin Zozula,USA,Bronze,94,,https://www.icho-official.org/results/results.php?id=38&year=2006
Chemistry,IChO,2006,Pattarawadee Prayuenyong,Thailand,Bronze,94,,https://www.icho-official.org/results/results.php?id=38&year=2006
Chemistry,IChO,2006,Nicolas Beytout,France,Bronze,96,,https://www.icho-official.org/results/results.php?id=38&year=2006
Chemistry,IChO,2006,Geert Folkertsma,Netherlands,Bronze,97,,https://www.icho-official.org/results/results.php?id=38&year=2006
Chemistry,IChO,2006,Almas Yerkinovich Ordabayev,Kazakhstan,Bronze,98,,https://www.icho-official.org/results/results.php?id=38&year=2006
Chemistry,IChO,2006,Ahmet Selim Han,Türkiye,Bronze,99,,https://www.icho-official.org/results/results.php?id=38&year=2006
Chemistry,IChO,2006,Ioan Teodor Trotuş,Romania,Bronze,100,,https://www.icho-official.org/results/results.php?id=38&year=2006
Chemistry,IChO,2006,Simon Legner,Austria,Bronze,101,,https://www.icho-official.org/results/results.php?id=38&year=2006
Chemistry,IChO,2006,Péter Nagy,Hungary,Bronze,102,,https://www.icho-official.org/results/results.php?id=38&year=2006
Chemistry,IChO,2006,Frederick R w m Manners,United Kingdom,Bronze,103,,https://www.icho-official.org/results/results.php?id=38&year=2006
Chemistry,IChO,2006,Rafael de Cesaris Araujo Tavares,Brazil,Bronze,104,,https://www.icho-official.org/results/results.php?id=38&year=2006
Chemistry,IChO,2006,Mohammad mohsen Mahmoodi,"Iran, Islamic Republic of",Bronze,105,,https://www.icho-official.org/results/results.php?id=38&year=2006
Chemistry,IChO,2006,Rudolf Pisa,Czech Republic,Bronze,106,,https://www.icho-official.org/results/results.php?id=38&year=2006
Chemistry,IChO,2006,Mathias juul Jacobsen,Denmark,Bronze,107,,https://www.icho-official.org/results/results.php?id=38&year=2006
Chemistry,IChO,2006,Radek Matuska,Czech Republic,Bronze,108,,https://www.icho-official.org/results/results.php?id=38&year=2006
Chemistry,IChO,2006,Jan Kogoj,Slovenia,Bronze,109,,https://www.icho-official.org/results/results.php?id=38&year=2006
Chemistry,IChO,2006,Krzysztof Władysław Budny-Godlewski,Poland,Bronze,110,,https://www.icho-official.org/results/results.php?id=38&year=2006
Chemistry,IChO,2006,Chris Philip Cheel,United Kingdom,Bronze,111,,https://www.icho-official.org/results/results.php?id=38&year=2006
Chemistry,IChO,2006,Andrei Izotau,Belarus,Bronze,112,,https://www.icho-official.org/results/results.php?id=38&year=2006
Chemistry,IChO,2006,Mikhail Ganzhinov,Finland,Bronze,113,,https://www.icho-official.org/results/results.php?id=38&year=2006
Chemistry,IChO,2006,Lucas Meneses Lira,Brazil,Bronze,114,,https://www.icho-official.org/results/results.php?id=38&year=2006
Chemistry,IChO,2006,Murat Zhaksylykovich Shagirov,Kazakhstan,Bronze,115,,https://www.icho-official.org/results/results.php?id=38&year=2006
Chemistry,IChO,2006,Jonas Rivetti,Austria,Bronze,116,,https://www.icho-official.org/results/results.php?id=38&year=2006
Chemistry,IChO,2006,William,Indonesia,Bronze,117,,https://www.icho-official.org/results/results.php?id=38&year=2006
Chemistry,IChO,2006,Daiana Andrea Capdevila,Argentina,Bronze,118,,https://www.icho-official.org/results/results.php?id=38&year=2006
Chemistry,IChO,2006,Maj Stenmark,Sweden,Bronze,119,,https://www.icho-official.org/results/results.php?id=38&year=2006
Chemistry,IChO,2006,Mehdi Kohani,"Iran, Islamic Republic of",Bronze,120,,https://www.icho-official.org/results/results.php?id=38&year=2006
Chemistry,IChO,2006,Marius Jurgelenas,Lithuania,Bronze,121,,https://www.icho-official.org/results/results.php?id=38&year=2006
Chemistry,IChO,2006,Kuat Mukambetkazievich Usseingazin,Kazakhstan,Bronze,122,,https://www.icho-official.org/results/results.php?id=38&year=2006
Chemistry,IChO,2006,Khursand Yorov,Tajikistan,Bronze,123,,https://www.icho-official.org/results/results.php?id=38&year=2006
Chemistry,IChO,2006,Kartik Ramesh,Australia,Bronze,124,,https://www.icho-official.org/results/results.php?id=38&year=2006
Chemistry,IChO,2006,Eliko Tõldsepp,Estonia,Bronze,125,,https://www.icho-official.org/results/results.php?id=38&year=2006
Chemistry,IChO,2006,Lucas Pessoa Mineiro Apolônio,Brazil,Bronze,126,,https://www.icho-official.org/results/results.php?id=38&year=2006
Chemistry,IChO,2006,Mihails Arhangelskis,Latvia,Bronze,127,,https://www.icho-official.org/results/results.php?id=38&year=2006
Chemistry,IChO,2006,Joe Staines,United Kingdom,Bronze,128,,https://www.icho-official.org/results/results.php?id=38&year=2006
Chemistry,IChO,2006,Hamdanil Rasyid,Indonesia,Bronze,129,,https://www.icho-official.org/results/results.php?id=38&year=2006
Chemistry,IChO,2006,Farrukh Vohidov,Tajikistan,Bronze,130,,https://www.icho-official.org/results/results.php?id=38&year=2006
Chemistry,IChO,2006,Pang wei Koh,Singapore,Bronze,131,,https://www.icho-official.org/results/results.php?id=38&year=2006
Chemistry,IChO,2006,Víctor Santiago Jesús Oestreicher,Argentina,Bronze,132,,https://www.icho-official.org/results/results.php?id=38&year=2006
Chemistry,IChO,2006,Sebastian Keller,Switzerland,Bronze,133,,https://www.icho-official.org/results/results.php?id=38&year=2006
Chemistry,IChO,2006,Umed Boltaev,Tajikistan,Bronze,134,,https://www.icho-official.org/results/results.php?id=38&year=2006
Chemistry,IChO,2006,Alexander Bunin,Israel,Bronze,135,,https://www.icho-official.org/results/results.php?id=38&year=2006
Chemistry,IChO,2006,Gregor Hostnik,Slovenia,Bronze,136,,https://www.icho-official.org/results/results.php?id=38&year=2006
Chemistry,IChO,2006,Ştefan Andrei,Romania,Bronze,137,,https://www.icho-official.org/results/results.php?id=38&year=2006
Chemistry,IChO,2006,Ivan Melnychuk,Ukraine,Bronze,138,,https://www.icho-official.org/results/results.php?id=38&year=2006
Chemistry,IChO,2006,Kainar Jyldyzbekovich Kamalov,Kyrgyzstan,Bronze,139,,https://www.icho-official.org/results/results.php?id=38&year=2006
Chemistry,IChO,2006,Aurimas Vysniauskas,Lithuania,Bronze,140,,https://www.icho-official.org/results/results.php?id=38&year=2006
Chemistry,IChO,2006,Richard Vaughan Stebbing,New Zealand,Bronze,141,,https://www.icho-official.org/results/results.php?id=38&year=2006
Chemistry,IChO,2006,Yau Ching Koon,Malaysia,Bronze,142,,https://www.icho-official.org/results/results.php?id=38&year=2006
Chemistry,IChO,2006,Zdravka Kucijan,Croatia,Bronze,143,,https://www.icho-official.org/results/results.php?id=38&year=2006
Chemistry,IChO,2006,Irina Tarassova,Estonia,Bronze,144,,https://www.icho-official.org/results/results.php?id=38&year=2006
Chemistry,IChO,2006,María Óskarsdóttir,Iceland,Bronze,145,,https://www.icho-official.org/results/results.php?id=38&year=2006
Chemistry,IChO,2006,Ernesto Ciabatti,Italy,Bronze,146,,https://www.icho-official.org/results/results.php?id=38&year=2006
Chemistry,IChO,2006,Maria Alexandra Pătraş,Romania,Bronze,147,,https://www.icho-official.org/results/results.php?id=38&year=2006
Chemistry,IChO,2006,Jani Mikkola,Finland,Bronze,148,,https://www.icho-official.org/results/results.php?id=38&year=2006
Chemistry,IChO,2006,Konstantinos Hadjipetrou,Cyprus,Bronze,149,,https://www.icho-official.org/results/results.php?id=38&year=2006
Chemistry,IChO,2006,Serdarali Muradaliyev,Turkmenistan,Bronze,150,,https://www.icho-official.org/results/results.php?id=38&year=2006
Chemistry,IChO,2006,Yunus Emre Şentürk,Türkiye,Bronze,151,,https://www.icho-official.org/results/results.php?id=38&year=2006
Chemistry,IChO,2006,Karolis Leonavicius,Lithuania,Bronze,152,,https://www.icho-official.org/results/results.php?id=38&year=2006
Chemistry,IChO,2006,Gatis Narvaiss,Latvia,Bronze,153,,https://www.icho-official.org/results/results.php?id=38&year=2006
Chemistry,IChO,2006,Dmitry Pichugin,Canada,Bronze,154,,https://www.icho-official.org/results/results.php?id=38&year=2006
Chemistry,IChO,2006,Achilleas Kriftis,Cyprus,Bronze,155,,https://www.icho-official.org/results/results.php?id=38&year=2006
Chemistry,IChO,2006,Abylay Maranuly Samatov,Kazakhstan,Bronze,156,,https://www.icho-official.org/results/results.php?id=38&year=2006
Chemistry,IChO,2006,Jan Willem Wennemars,Netherlands,Bronze,157,,https://www.icho-official.org/results/results.php?id=38&year=2006
Chemistry,IChO,2006,Juan José Del Campo Lopez,Cuba,Bronze,158,,https://www.icho-official.org/results/results.php?id=38&year=2006
Chemistry,IChO,2006,İlhan Hekimsoy,Türkiye,Bronze,159,,https://www.icho-official.org/results/results.php?id=38&year=2006
Chemistry,IChO,2006,Mathias Elgland,Sweden,Bronze,160,,https://www.icho-official.org/results/results.php?id=38&year=2006
Chemistry,IChO,2006,Goh Qing Ci,Malaysia,Bronze,161,,https://www.icho-official.org/results/results.php?id=38&year=2006
Chemistry,IChO,2006,Benjamín Ragnar Sveinbjörnsson,Iceland,Bronze,162,,https://www.icho-official.org/results/results.php?id=38&year=2006
Chemistry,IChO,2006,Jan Bitenc,Slovenia,Bronze,163,,https://www.icho-official.org/results/results.php?id=38&year=2006
Chemistry,IChO,2006,Matea Vlatković,Croatia,Bronze,164,,https://www.icho-official.org/results/results.php?id=38&year=2006
Chemistry,IChO,2006,Aminatulmunirah Kasim,Malaysia,Bronze,165,,https://www.icho-official.org/results/results.php?id=38&year=2006
Chemistry,IChO,2006,Jevgenijs Tjutrins,Latvia,Honourable Mention,166,,https://www.icho-official.org/results/results.php?id=38&year=2006
Chemistry,IChO,2006,Pinhas Shekhter,Israel,Honourable Mention,167,,https://www.icho-official.org/results/results.php?id=38&year=2006
Chemistry,IChO,2006,Ivan Krasimirov Ivanov,Bulgaria,Honourable Mention,168,,https://www.icho-official.org/results/results.php?id=38&year=2006
Chemistry,IChO,2006,Batir Garliyev,Turkmenistan,Honourable Mention,169,,https://www.icho-official.org/results/results.php?id=38&year=2006
Chemistry,IChO,2006,Alberto Fernandez-Alarcon,Mexico,Honourable Mention,170,,https://www.icho-official.org/results/results.php?id=38&year=2006
Chemistry,IChO,2006,Rianne Lous,Netherlands,Honourable Mention,171,,https://www.icho-official.org/results/results.php?id=38&year=2006
Chemistry,IChO,2006,Benjamin lim Tze Ying,Malaysia,Honourable Mention,172,,https://www.icho-official.org/results/results.php?id=38&year=2006
Chemistry,IChO,2006,Jose Antonio Rivera-Mayorga,Mexico,Honourable Mention,173,,https://www.icho-official.org/results/results.php?id=38&year=2006
Chemistry,IChO,2006,Williams Ernesto Miranda Delgado,Cuba,Honourable Mention,174,,https://www.icho-official.org/results/results.php?id=38&year=2006
Chemistry,IChO,2006,Mirlan Atabekov,Kyrgyzstan,Honourable Mention,175,,https://www.icho-official.org/results/results.php?id=38&year=2006
Chemistry,IChO,2006,Dan Deviri,Israel,Honourable Mention,176,,https://www.icho-official.org/results/results.php?id=38&year=2006
Chemistry,IChO,2006,Kai Müller Beckwith,Norway,Honourable Mention,177,,https://www.icho-official.org/results/results.php?id=38&year=2006
Chemistry,IChO,2006,Pauline Rulliere,France,Honourable Mention,178,,https://www.icho-official.org/results/results.php?id=38&year=2006
Chemistry,IChO,2006,Joachim Stark,Sweden,Honourable Mention,179,,https://www.icho-official.org/results/results.php?id=38&year=2006
Chemistry,IChO,2006,Davit Yepiskoposyan,Armenia,Honourable Mention,180,,https://www.icho-official.org/results/results.php?id=38&year=2006
Chemistry,IChO,2006,Juan Margalef-Bentabol,Spain,Honourable Mention,181,,https://www.icho-official.org/results/results.php?id=38&year=2006
Chemistry,IChO,2006,Håkon Beckstrøm,Norway,Participant,,,https://www.icho-official.org/results/results.php?id=38&year=2006
Chemistry,IChO,2006,Andrea Basagni,Italy,Participant,,,https://www.icho-official.org/results/results.php?id=38&year=2006
Chemistry,IChO,2006,Battugs Davaasambuu,Mongolia,Participant,,,https://www.icho-official.org/results/results.php?id=38&year=2006
Chemistry,IChO,2006,Yves Aeschi,Switzerland,Participant,,,https://www.icho-official.org/results/results.php?id=38&year=2006
Chemistry,IChO,2006,Kristaps Ermanis,Latvia,Participant,,,https://www.icho-official.org/results/results.php?id=38&year=2006
Chemistry,IChO,2006,Lucia Meier,Switzerland,Participant,,,https://www.icho-official.org/results/results.php?id=38&year=2006
Chemistry,IChO,2006,Matti Hellstrom,Sweden,Participant,,,https://www.icho-official.org/results/results.php?id=38&year=2006
Chemistry,IChO,2006,Eduardo Casanova-Cuesta,Spain,Honourable Mention,189,,https://www.icho-official.org/results/results.php?id=38&year=2006
Chemistry,IChO,2006,Ivanka Rosenova Zhivkova,Bulgaria,Participant,,,https://www.icho-official.org/results/results.php?id=38&year=2006
Chemistry,IChO,2006,Iakovos Armenis,Greece,Participant,,,https://www.icho-official.org/results/results.php?id=38&year=2006
Chemistry,IChO,2006,Raja Jawad Kiani,Pakistan,Participant,,,https://www.icho-official.org/results/results.php?id=38&year=2006
Chemistry,IChO,2006,Nijat Musayev,Azerbaijan,Honourable Mention,193,,https://www.icho-official.org/results/results.php?id=38&year=2006
Chemistry,IChO,2006,Elo Sõnajalg,Estonia,Participant,,,https://www.icho-official.org/results/results.php?id=38&year=2006
Chemistry,IChO,2006,Cristiana Fanciullo,Italy,Participant,,,https://www.icho-official.org/results/results.php?id=38&year=2006
Chemistry,IChO,2006,Samvel Bardakhchyan,Armenia,Participant,,,https://www.icho-official.org/results/results.php?id=38&year=2006
Chemistry,IChO,2006,Thomas Scaffidi,Belgium,Participant,,,https://www.icho-official.org/results/results.php?id=38&year=2006
Chemistry,IChO,2006,Taneli Rajala,Finland,Participant,,,https://www.icho-official.org/results/results.php?id=38&year=2006
Chemistry,IChO,2006,Roberto Matías Miranda,Argentina,Participant,,,https://www.icho-official.org/results/results.php?id=38&year=2006
Chemistry,IChO,2006,Nurmuhammet Muradov,Turkmenistan,Participant,,,https://www.icho-official.org/results/results.php?id=38&year=2006
Chemistry,IChO,2006,Ingrid Håøy Nyg?Rd,Norway,Participant,,,https://www.icho-official.org/results/results.php?id=38&year=2006
Chemistry,IChO,2006,Paulo Alcino Machado Macedo,Portugal,Participant,,,https://www.icho-official.org/results/results.php?id=38&year=2006
Chemistry,IChO,2006,Sabyrbek Bolotbekovich Zheentaev,Kyrgyzstan,Participant,,,https://www.icho-official.org/results/results.php?id=38&year=2006
Chemistry,IChO,2006,Brendan Quigley,Ireland,Participant,,,https://www.icho-official.org/results/results.php?id=38&year=2006
Chemistry,IChO,2006,Ivan Fernández-Colunga,Spain,Honourable Mention,205,,https://www.icho-official.org/results/results.php?id=38&year=2006
Chemistry,IChO,2006,Joseph Marius Walsh,Ireland,Participant,,,https://www.icho-official.org/results/results.php?id=38&year=2006
Chemistry,IChO,2006,Sulaimonzoda Saidullo,Tajikistan,Honourable Mention,207,,https://www.icho-official.org/results/results.php?id=38&year=2006
Chemistry,IChO,2006,Dimitrios Vitsios,Greece,Participant,,,https://www.icho-official.org/results/results.php?id=38&year=2006
Chemistry,IChO,2006,Itamar Shamai,Israel,Participant,,,https://www.icho-official.org/results/results.php?id=38&year=2006
Chemistry,IChO,2006,Kristian Wollen Steen,Norway,Honourable Mention,210,,https://www.icho-official.org/results/results.php?id=38&year=2006
Chemistry,IChO,2006,Andri Vilberg Orrason,Iceland,Participant,,,https://www.icho-official.org/results/results.php?id=38&year=2006
Chemistry,IChO,2006,Martina Feyzrakhmanova,Ireland,Participant,,,https://www.icho-official.org/results/results.php?id=38&year=2006
Chemistry,IChO,2006,Sofia Helena Ferreira,Portugal,Participant,,,https://www.icho-official.org/results/results.php?id=38&year=2006
Chemistry,IChO,2006,Li Paula Balkeståhl,Portugal,Participant,,,https://www.icho-official.org/results/results.php?id=38&year=2006
Chemistry,IChO,2006,Baatartsol Dayanjav,Mongolia,Participant,,,https://www.icho-official.org/results/results.php?id=38&year=2006
Chemistry,IChO,2006,Andranik Davinyan,Armenia,Participant,,,https://www.icho-official.org/results/results.php?id=38&year=2006
Chemistry,IChO,2006,Thomas Vranken,Belgium,Participant,,,https://www.icho-official.org/results/results.php?id=38&year=2006
Chemistry,IChO,2006,Zhivko Atanasov Georgiev,Bulgaria,Participant,,,https://www.icho-official.org/results/results.php?id=38&year=2006
Chemistry,IChO,2006,Jorge Luis Valderrama-Celestino,Mexico,Participant,,,https://www.icho-official.org/results/results.php?id=38&year=2006
Chemistry,IChO,2006,Jonas Deré,Belgium,Participant,,,https://www.icho-official.org/results/results.php?id=38&year=2006
Chemistry,IChO,2006,Gudrún Andrea Fridgeirsdóttir,Iceland,Participant,,,https://www.icho-official.org/results/results.php?id=38&year=2006
Chemistry,IChO,2006,Michalis Rossides,Cyprus,Participant,,,https://www.icho-official.org/results/results.php?id=38&year=2006
Chemistry,IChO,2006,Carmine Catania,Italy,Participant,,,https://www.icho-official.org/results/results.php?id=38&year=2006
Chemistry,IChO,2006,Eduardo Yi Rojas,Venezuela,Participant,,,https://www.icho-official.org/results/results.php?id=38&year=2006
Chemistry,IChO,2006,Areti Eleftherochorinou,Greece,Participant,,,https://www.icho-official.org/results/results.php?id=38&year=2006
Chemistry,IChO,2006,Edgar Jacob Orozco-Arámbula,Mexico,Participant,,,https://www.icho-official.org/results/results.php?id=38&year=2006
Chemistry,IChO,2006,Andrés López Radcenco,Uruguay,Participant,,,https://www.icho-official.org/results/results.php?id=38&year=2006
Chemistry,IChO,2006,Raul Gonçalves Saraiva,Portugal,Participant,,,https://www.icho-official.org/results/results.php?id=38&year=2006
Chemistry,IChO,2006,Enkhbayar Ishdorj,Mongolia,Participant,,,https://www.icho-official.org/results/results.php?id=38&year=2006
Chemistry,IChO,2006,Félix Enrique Mendoza Suarez,Venezuela,Participant,,,https://www.icho-official.org/results/results.php?id=38&year=2006
Chemistry,IChO,2006,Cecile Chatelain,Belgium,Participant,,,https://www.icho-official.org/results/results.php?id=38&year=2006
Chemistry,IChO,2006,Chrysovalanto Georgiou,Cyprus,Participant,,,https://www.icho-official.org/results/results.php?id=38&year=2006
Chemistry,IChO,2006,Thais Macedo Bezerra Terceiro Jorge,Brazil,Participant,,,https://www.icho-official.org/results/results.php?id=38&year=2006
Chemistry,IChO,2006,Tsvetan Krasimirov Zahariev,Bulgaria,Participant,,,https://www.icho-official.org/results/results.php?id=38&year=2006
Chemistry,IChO,2006,Juan Sanchez-Caballero,Spain,Participant,,,https://www.icho-official.org/results/results.php?id=38&year=2006
Chemistry,IChO,2006,Paula Maria Rantanen,Finland,Honourable Mention,236,,https://www.icho-official.org/results/results.php?id=38&year=2006
Chemistry,IChO,2006,Sotirios Christodoulou,Greece,Participant,,,https://www.icho-official.org/results/results.php?id=38&year=2006
Chemistry,IChO,2006,Mirza Wasif Baig,Pakistan,Participant,,,https://www.icho-official.org/results/results.php?id=38&year=2006
Chemistry,IChO,2006,Umair Ahmed Peerzada,Pakistan,Participant,,,https://www.icho-official.org/results/results.php?id=38&year=2006
Chemistry,IChO,2006,Saparmyrat Annamedov,Turkmenistan,Participant,,,https://www.icho-official.org/results/results.php?id=38&year=2006
Chemistry,IChO,2006,Ahmed Zia,Pakistan,Participant,,,https://www.icho-official.org/results/results.php?id=38&year=2006
Chemistry,IChO,2006,Enkhmaa Gantulga,Mongolia,Participant,,,https://www.icho-official.org/results/results.php?id=38&year=2006
Chemistry,IChO,2006,Asseel Mubarak Khalaf,Kuwait,Participant,,,https://www.icho-official.org/results/results.php?id=38&year=2006
Chemistry,IChO,2006,Ali Hasan Al-Shammari,Kuwait,Participant,,,https://www.icho-official.org/results/results.php?id=38&year=2006
Chemistry,IChO,2006,Frederic Cottier,Switzerland,Participant,,,https://www.icho-official.org/results/results.php?id=38&year=2006
Chemistry,IChO,2006,Mohamed Abd el-ghany El-Massry,Egypt,Participant,,,https://www.icho-official.org/results/results.php?id=38&year=2006
Chemistry,IChO,2006,Mahmoud Ibrahim El-Desouky,Egypt,Participant,,,https://www.icho-official.org/results/results.php?id=38&year=2006
Chemistry,IChO,2006,Mohamed Hassan Abou El-Kheir,Egypt,Participant,,,https://www.icho-official.org/results/results.php?id=38&year=2006
Chemistry,IChO,2006,Naser Turki Al-Enezi,Kuwait,Participant,,,https://www.icho-official.org/results/results.php?id=38&year=2006
Chemistry,IChO,2006,Ahmad Mohammadomar Tashkandi,Saudi Arabia,Participant,,,https://www.icho-official.org/results/results.php?id=38&year=2006
Chemistry,IChO,2006,Fajer Esmail Dashti,Kuwait,Participant,,,https://www.icho-official.org/results/results.php?id=38&year=2006
Chemistry,IChO,2006,Abdullah Mubarak Alotaibi,Saudi Arabia,Participant,,,https://www.icho-official.org/results/results.php?id=38&year=2006
Chemistry,IChO,2006,Sultan Awad Alqarni,Saudi Arabia,Participant,,,https://www.icho-official.org/results/results.php?id=38&year=2006
Chemistry,IChO,2006,Anas Ahmed Seif El-Islam Fayed,Egypt,Participant,,,https://www.icho-official.org/results/results.php?id=38&year=2006
Chemistry,IChO,2007,Lei Xu,"China, People's Republic of",Gold,1,,https://www.icho-official.org/results/results.php?id=39&year=2007
Chemistry,IChO,2007,Yuan Fang,"China, People's Republic of",Gold,2,,https://www.icho-official.org/results/results.php?id=39&year=2007
Chemistry,IChO,2007,Leonid Romashov,Russian Federation,Gold,3,,https://www.icho-official.org/results/results.php?id=39&year=2007
Chemistry,IChO,2007,Vasiliy Vorobyev,Russian Federation,Gold,4,,https://www.icho-official.org/results/results.php?id=39&year=2007
Chemistry,IChO,2007,Zi-yang Zhang,"China, People's Republic of",Gold,5,,https://www.icho-official.org/results/results.php?id=39&year=2007
Chemistry,IChO,2007,Ying Yu Ho,Chinese Taipei,Gold,6,,https://www.icho-official.org/results/results.php?id=39&year=2007
Chemistry,IChO,2007,Dimitry Ur'evic Loutchko,Germany,Gold,7,,https://www.icho-official.org/results/results.php?id=39&year=2007
Chemistry,IChO,2007,Jae Soo Kim,"Korea, Republic of",Gold,8,,https://www.icho-official.org/results/results.php?id=39&year=2007
Chemistry,IChO,2007,Simon Gourdin-Bertin,France,Gold,9,,https://www.icho-official.org/results/results.php?id=39&year=2007
Chemistry,IChO,2007,Tae Gon Oh,"Korea, Republic of",Gold,10,,https://www.icho-official.org/results/results.php?id=39&year=2007
Chemistry,IChO,2007,Wei-Lun Huang,Chinese Taipei,Gold,11,,https://www.icho-official.org/results/results.php?id=39&year=2007
Chemistry,IChO,2007,Dawid Grzegorz Lichosyt,Poland,Gold,12,,https://www.icho-official.org/results/results.php?id=39&year=2007
Chemistry,IChO,2007,Krzysztof Cezary Kosiński,Poland,Gold,13,,https://www.icho-official.org/results/results.php?id=39&year=2007
Chemistry,IChO,2007,Le Yang,"China, People's Republic of",Gold,14,,https://www.icho-official.org/results/results.php?id=39&year=2007
Chemistry,IChO,2007,Stanislav Terehov,Russian Federation,Gold,15,,https://www.icho-official.org/results/results.php?id=39&year=2007
Chemistry,IChO,2007,Philipp Albert Steininger,Germany,Gold,16,,https://www.icho-official.org/results/results.php?id=39&year=2007
Chemistry,IChO,2007,Bavorn Hongsrichinda,Thailand,Gold,17,,https://www.icho-official.org/results/results.php?id=39&year=2007
Chemistry,IChO,2007,Eugeny Nekhoroshev,Russian Federation,Gold,18,,https://www.icho-official.org/results/results.php?id=39&year=2007
Chemistry,IChO,2007,Wojciech Dominik Magoń,Poland,Gold,19,,https://www.icho-official.org/results/results.php?id=39&year=2007
Chemistry,IChO,2007,Chang Ho Lee,"Korea, Republic of",Gold,20,,https://www.icho-official.org/results/results.php?id=39&year=2007
Chemistry,IChO,2007,Hande Boyaci,Türkiye,Gold,21,,https://www.icho-official.org/results/results.php?id=39&year=2007
Chemistry,IChO,2007,Sumit Somani,India,Gold,22,,https://www.icho-official.org/results/results.php?id=39&year=2007
Chemistry,IChO,2007,Soham Mehta,India,Gold,23,,https://www.icho-official.org/results/results.php?id=39&year=2007
Chemistry,IChO,2007,Martin Lukacisin,Slovakia,Gold,24,,https://www.icho-official.org/results/results.php?id=39&year=2007
Chemistry,IChO,2007,Gyula Pálfy,Hungary,Gold,25,,https://www.icho-official.org/results/results.php?id=39&year=2007
Chemistry,IChO,2007,Karolis Leonavicius,Lithuania,Gold,26,,https://www.icho-official.org/results/results.php?id=39&year=2007
Chemistry,IChO,2007,Minh Nguyen Thi Ngoc,Vietnam,Gold,27,,https://www.icho-official.org/results/results.php?id=39&year=2007
Chemistry,IChO,2007,Aurimas Vysniauskas,Lithuania,Gold,28,,https://www.icho-official.org/results/results.php?id=39&year=2007
Chemistry,IChO,2007,Hyeonjin Bae,Canada,Gold,29,,https://www.icho-official.org/results/results.php?id=39&year=2007
Chemistry,IChO,2007,Przemysław Krzysztof Trędak,Poland,Gold,30,,https://www.icho-official.org/results/results.php?id=39&year=2007
Chemistry,IChO,2007,Ehsan Shabani,"Iran, Islamic Republic of",Gold,31,,https://www.icho-official.org/results/results.php?id=39&year=2007
Chemistry,IChO,2007,Kai-Jui Chang,Chinese Taipei,Silver,32,,https://www.icho-official.org/results/results.php?id=39&year=2007
Chemistry,IChO,2007,Tanatorn Khotavivattana,Thailand,Silver,33,,https://www.icho-official.org/results/results.php?id=39&year=2007
Chemistry,IChO,2007,Samvel Bardakhchyan,Armenia,Silver,34,,https://www.icho-official.org/results/results.php?id=39&year=2007
Chemistry,IChO,2007,Erik Andris,Slovakia,Silver,35,,https://www.icho-official.org/results/results.php?id=39&year=2007
Chemistry,IChO,2007,Andres Laan,Estonia,Silver,36,,https://www.icho-official.org/results/results.php?id=39&year=2007
Chemistry,IChO,2007,Dzianis Hramazdou,Belarus,Silver,37,,https://www.icho-official.org/results/results.php?id=39&year=2007
Chemistry,IChO,2007,Frank Meng Lin,Chinese Taipei,Silver,38,,https://www.icho-official.org/results/results.php?id=39&year=2007
Chemistry,IChO,2007,Ostap Chervak,Ukraine,Silver,39,,https://www.icho-official.org/results/results.php?id=39&year=2007
Chemistry,IChO,2007,Brian Kihoon Lee,USA,Silver,40,,https://www.icho-official.org/results/results.php?id=39&year=2007
Chemistry,IChO,2007,Ctirad Cervinka,Czech Republic,Silver,41,,https://www.icho-official.org/results/results.php?id=39&year=2007
Chemistry,IChO,2007,Andrew Tulloch,Australia,Silver,42,,https://www.icho-official.org/results/results.php?id=39&year=2007
Chemistry,IChO,2007,Justin Koh,USA,Silver,43,,https://www.icho-official.org/results/results.php?id=39&year=2007
Chemistry,IChO,2007,Boris Fackovec,Slovakia,Silver,44,,https://www.icho-official.org/results/results.php?id=39&year=2007
Chemistry,IChO,2007,Ha Phan Tran Hong,Vietnam,Silver,45,,https://www.icho-official.org/results/results.php?id=39&year=2007
Chemistry,IChO,2007,Vikas Prajapati,India,Silver,46,,https://www.icho-official.org/results/results.php?id=39&year=2007
Chemistry,IChO,2007,Attila Lovas,Hungary,Silver,47,,https://www.icho-official.org/results/results.php?id=39&year=2007
Chemistry,IChO,2007,Narek Dshkhunyan,Armenia,Silver,48,,https://www.icho-official.org/results/results.php?id=39&year=2007
Chemistry,IChO,2007,Alexander Puchhammer,Austria,Silver,49,,https://www.icho-official.org/results/results.php?id=39&year=2007
Chemistry,IChO,2007,Matthew James Cliffe,United Kingdom,Silver,50,,https://www.icho-official.org/results/results.php?id=39&year=2007
Chemistry,IChO,2007,Zeqi Yang,Singapore,Silver,51,,https://www.icho-official.org/results/results.php?id=39&year=2007
Chemistry,IChO,2007,Yerdos Ordabayev,Kazakhstan,Silver,52,,https://www.icho-official.org/results/results.php?id=39&year=2007
Chemistry,IChO,2007,Frederick Robert William Meath Manners,United Kingdom,Silver,53,,https://www.icho-official.org/results/results.php?id=39&year=2007
Chemistry,IChO,2007,Jonathan Lin,New Zealand,Silver,54,,https://www.icho-official.org/results/results.php?id=39&year=2007
Chemistry,IChO,2007,Petr Hosek,Czech Republic,Silver,55,,https://www.icho-official.org/results/results.php?id=39&year=2007
Chemistry,IChO,2007,Pornchai Kaewsapsak,Thailand,Silver,56,,https://www.icho-official.org/results/results.php?id=39&year=2007
Chemistry,IChO,2007,Assaf Avraham Shapira,Israel,Silver,57,,https://www.icho-official.org/results/results.php?id=39&year=2007
Chemistry,IChO,2007,Zhivko Atanasov Georgiev,Bulgaria,Silver,58,,https://www.icho-official.org/results/results.php?id=39&year=2007
Chemistry,IChO,2007,Lőrinc Sárkány,Hungary,Silver,59,,https://www.icho-official.org/results/results.php?id=39&year=2007
Chemistry,IChO,2007,Stefan Michael Pusch,Germany,Silver,60,,https://www.icho-official.org/results/results.php?id=39&year=2007
Chemistry,IChO,2007,Teuku Mahfuzh Aufar Kari,Indonesia,Silver,61,,https://www.icho-official.org/results/results.php?id=39&year=2007
Chemistry,IChO,2007,Vasile Graur,Moldova,Silver,62,,https://www.icho-official.org/results/results.php?id=39&year=2007
Chemistry,IChO,2007,Bernardas Morkunas,Lithuania,Silver,63,,https://www.icho-official.org/results/results.php?id=39&year=2007
Chemistry,IChO,2007,Jong Soo Yoon,"Korea, Republic of",Silver,64,,https://www.icho-official.org/results/results.php?id=39&year=2007
Chemistry,IChO,2007,Kenneth Brewer,USA,Silver,65,,https://www.icho-official.org/results/results.php?id=39&year=2007
Chemistry,IChO,2007,Muhamad Faiz,Indonesia,Silver,66,,https://www.icho-official.org/results/results.php?id=39&year=2007
Chemistry,IChO,2007,Ioan Teodor Trotus,Romania,Silver,67,,https://www.icho-official.org/results/results.php?id=39&year=2007
Chemistry,IChO,2007,Alena Vaskova,Belarus,Silver,68,,https://www.icho-official.org/results/results.php?id=39&year=2007
Chemistry,IChO,2007,Andi Kipper,Estonia,Silver,69,,https://www.icho-official.org/results/results.php?id=39&year=2007
Chemistry,IChO,2007,Stephan Pribitzer,Austria,Silver,70,,https://www.icho-official.org/results/results.php?id=39&year=2007
Chemistry,IChO,2007,Kartik Ramesh,Australia,Silver,71,,https://www.icho-official.org/results/results.php?id=39&year=2007
Chemistry,IChO,2007,Vlad Alexandru Puscasu,Romania,Silver,72,,https://www.icho-official.org/results/results.php?id=39&year=2007
Chemistry,IChO,2007,Kaveh Matinkhoo,"Iran, Islamic Republic of",Silver,73,,https://www.icho-official.org/results/results.php?id=39&year=2007
Chemistry,IChO,2007,Chuan Zheng Lee,New Zealand,Silver,74,,https://www.icho-official.org/results/results.php?id=39&year=2007
Chemistry,IChO,2007,Thais Macedo Bezerra Terceiro Jorge,Brazil,Silver,75,,https://www.icho-official.org/results/results.php?id=39&year=2007
Chemistry,IChO,2007,Bálint Balázs,Hungary,Silver,76,,https://www.icho-official.org/results/results.php?id=39&year=2007
Chemistry,IChO,2007,Jan Kogoj,Slovenia,Silver,77,,https://www.icho-official.org/results/results.php?id=39&year=2007
Chemistry,IChO,2007,Vincenzo Grande,Italy,Silver,78,,https://www.icho-official.org/results/results.php?id=39&year=2007
Chemistry,IChO,2007,Ionut Gabriel Dumitru,Romania,Silver,79,,https://www.icho-official.org/results/results.php?id=39&year=2007
Chemistry,IChO,2007,Linh Bui Le,Vietnam,Silver,80,,https://www.icho-official.org/results/results.php?id=39&year=2007
Chemistry,IChO,2007,Christian Oberender,Germany,Silver,81,,https://www.icho-official.org/results/results.php?id=39&year=2007
Chemistry,IChO,2007,Kainar Jyldyzbekovich Kamalov,Kyrgyzstan,Silver,82,,https://www.icho-official.org/results/results.php?id=39&year=2007
Chemistry,IChO,2007,Jan Bitenc,Slovenia,Silver,83,,https://www.icho-official.org/results/results.php?id=39&year=2007
Chemistry,IChO,2007,Benjamin Chen,Singapore,Silver,84,,https://www.icho-official.org/results/results.php?id=39&year=2007
Chemistry,IChO,2007,Matias Daniel Gomez Elias,Argentina,Silver,85,,https://www.icho-official.org/results/results.php?id=39&year=2007
Chemistry,IChO,2007,Oscar Carl Gunnar Granberg,Sweden,Silver,86,,https://www.icho-official.org/results/results.php?id=39&year=2007
Chemistry,IChO,2007,Techin Chuladesa,Thailand,Silver,87,,https://www.icho-official.org/results/results.php?id=39&year=2007
Chemistry,IChO,2007,Gabriel Eduardo Sanoja Lopez,Venezuela,Bronze,88,,https://www.icho-official.org/results/results.php?id=39&year=2007
Chemistry,IChO,2007,Mihails Arhangelskis,Latvia,Bronze,89,,https://www.icho-official.org/results/results.php?id=39&year=2007
Chemistry,IChO,2007,Christian Marboe,Denmark,Bronze,90,,https://www.icho-official.org/results/results.php?id=39&year=2007
Chemistry,IChO,2007,Derek Steven Hung-Che Chan,United Kingdom,Bronze,91,,https://www.icho-official.org/results/results.php?id=39&year=2007
Chemistry,IChO,2007,Takashi Hiroi,Japan,Bronze,92,,https://www.icho-official.org/results/results.php?id=39&year=2007
Chemistry,IChO,2007,Ayana Badrakova,Kazakhstan,Bronze,93,,https://www.icho-official.org/results/results.php?id=39&year=2007
Chemistry,IChO,2007,Volodymyr Tkachenko,Ukraine,Bronze,94,,https://www.icho-official.org/results/results.php?id=39&year=2007
Chemistry,IChO,2007,Rafael de Cesaris Araujo Tavares,Brazil,Bronze,95,,https://www.icho-official.org/results/results.php?id=39&year=2007
Chemistry,IChO,2007,Shabnam Sharifzadeh,"Iran, Islamic Republic of",Bronze,96,,https://www.icho-official.org/results/results.php?id=39&year=2007
Chemistry,IChO,2007,Florian Langmann,Austria,Bronze,97,,https://www.icho-official.org/results/results.php?id=39&year=2007
Chemistry,IChO,2007,Raoul Rosenthal,Netherlands,Bronze,98,,https://www.icho-official.org/results/results.php?id=39&year=2007
Chemistry,IChO,2007,Ahmet Selim Han,Türkiye,Bronze,99,,https://www.icho-official.org/results/results.php?id=39&year=2007
Chemistry,IChO,2007,Naru Tanaka,Japan,Bronze,100,,https://www.icho-official.org/results/results.php?id=39&year=2007
Chemistry,IChO,2007,Vincentius Jeremy Suhardi,Indonesia,Bronze,101,,https://www.icho-official.org/results/results.php?id=39&year=2007
Chemistry,IChO,2007,Jun Yan Goh,Malaysia,Bronze,102,,https://www.icho-official.org/results/results.php?id=39&year=2007
Chemistry,IChO,2007,Shotaro Tsunoda,Japan,Bronze,103,,https://www.icho-official.org/results/results.php?id=39&year=2007
Chemistry,IChO,2007,Taavi Pungas,Estonia,Bronze,104,,https://www.icho-official.org/results/results.php?id=39&year=2007
Chemistry,IChO,2007,Arshavir Ghahramanyan,Armenia,Bronze,105,,https://www.icho-official.org/results/results.php?id=39&year=2007
Chemistry,IChO,2007,Kirill Polischuk,Ukraine,Bronze,106,,https://www.icho-official.org/results/results.php?id=39&year=2007
Chemistry,IChO,2007,Gonzalo Jose Munar,Argentina,Bronze,107,,https://www.icho-official.org/results/results.php?id=39&year=2007
Chemistry,IChO,2007,Guang Jun Joseph Lim,Singapore,Bronze,108,,https://www.icho-official.org/results/results.php?id=39&year=2007
Chemistry,IChO,2007,Andrew Brian Cairns,Ireland,Bronze,109,,https://www.icho-official.org/results/results.php?id=39&year=2007
Chemistry,IChO,2007,Lucia Domenica Meier,Switzerland,Bronze,110,,https://www.icho-official.org/results/results.php?id=39&year=2007
Chemistry,IChO,2007,Thorbjørn Juul Morsing,Denmark,Bronze,111,,https://www.icho-official.org/results/results.php?id=39&year=2007
Chemistry,IChO,2007,Dauren Kaliyev,Kazakhstan,Bronze,112,,https://www.icho-official.org/results/results.php?id=39&year=2007
Chemistry,IChO,2007,Tsimafei Balotnik,Belarus,Bronze,113,,https://www.icho-official.org/results/results.php?id=39&year=2007
Chemistry,IChO,2007,Zijun (Jim) Ge,Australia,Bronze,114,,https://www.icho-official.org/results/results.php?id=39&year=2007
Chemistry,IChO,2007,Zhanbolat Zholgeldiyev,Kazakhstan,Bronze,115,,https://www.icho-official.org/results/results.php?id=39&year=2007
Chemistry,IChO,2007,Serdar Roziyev,Turkmenistan,Bronze,116,,https://www.icho-official.org/results/results.php?id=39&year=2007
Chemistry,IChO,2007,Shaina Khan,Pakistan,Bronze,117,,https://www.icho-official.org/results/results.php?id=39&year=2007
Chemistry,IChO,2007,Petr Jurik,Czech Republic,Bronze,118,,https://www.icho-official.org/results/results.php?id=39&year=2007
Chemistry,IChO,2007,Olha Balabon,Ukraine,Bronze,119,,https://www.icho-official.org/results/results.php?id=39&year=2007
Chemistry,IChO,2007,Dan Peng,Canada,Bronze,120,,https://www.icho-official.org/results/results.php?id=39&year=2007
Chemistry,IChO,2007,William,Indonesia,Bronze,121,,https://www.icho-official.org/results/results.php?id=39&year=2007
Chemistry,IChO,2007,Romāns Čaplinskis,Latvia,Bronze,122,,https://www.icho-official.org/results/results.php?id=39&year=2007
Chemistry,IChO,2007,Liudmila Kushnir,Belarus,Bronze,123,,https://www.icho-official.org/results/results.php?id=39&year=2007
Chemistry,IChO,2007,Elise Duboue-Dijon,France,Bronze,124,,https://www.icho-official.org/results/results.php?id=39&year=2007
Chemistry,IChO,2007,Batyr Garliyev,Turkmenistan,Bronze,125,,https://www.icho-official.org/results/results.php?id=39&year=2007
Chemistry,IChO,2007,Chin Heng Gan,Singapore,Bronze,126,,https://www.icho-official.org/results/results.php?id=39&year=2007
Chemistry,IChO,2007,Henrik Soensteby,Norway,Bronze,127,,https://www.icho-official.org/results/results.php?id=39&year=2007
Chemistry,IChO,2007,Immanuel Ilavarasan Thomas,India,Bronze,128,,https://www.icho-official.org/results/results.php?id=39&year=2007
Chemistry,IChO,2007,Daniel Enrique Cardenas Armas,Venezuela,Bronze,129,,https://www.icho-official.org/results/results.php?id=39&year=2007
Chemistry,IChO,2007,Simone Calvello,Italy,Bronze,130,,https://www.icho-official.org/results/results.php?id=39&year=2007
Chemistry,IChO,2007,Thomas Ashton Christopher Wong,New Zealand,Bronze,131,,https://www.icho-official.org/results/results.php?id=39&year=2007
Chemistry,IChO,2007,Ivan Ogibalov,Estonia,Bronze,132,,https://www.icho-official.org/results/results.php?id=39&year=2007
Chemistry,IChO,2007,Khursand Yorov,Tajikistan,Bronze,133,,https://www.icho-official.org/results/results.php?id=39&year=2007
Chemistry,IChO,2007,Ingrid Cristiana Vreja,Romania,Bronze,134,,https://www.icho-official.org/results/results.php?id=39&year=2007
Chemistry,IChO,2007,Ivanka Rosenova Zhivkova,Bulgaria,Bronze,135,,https://www.icho-official.org/results/results.php?id=39&year=2007
Chemistry,IChO,2007,Taneli Toivo Hermanni Rajala,Finland,Bronze,136,,https://www.icho-official.org/results/results.php?id=39&year=2007
Chemistry,IChO,2007,Muhamad Azri Muhamad Marican,Malaysia,Bronze,137,,https://www.icho-official.org/results/results.php?id=39&year=2007
Chemistry,IChO,2007,Gah Hung Lee,Malaysia,Bronze,138,,https://www.icho-official.org/results/results.php?id=39&year=2007
Chemistry,IChO,2007,Jorio Almino de Alencar Arrais Mota,Brazil,Bronze,139,,https://www.icho-official.org/results/results.php?id=39&year=2007
Chemistry,IChO,2007,Michael James Plunkett,New Zealand,Bronze,140,,https://www.icho-official.org/results/results.php?id=39&year=2007
Chemistry,IChO,2007,Lubica Krauskova,Slovakia,Bronze,141,,https://www.icho-official.org/results/results.php?id=39&year=2007
Chemistry,IChO,2007,Nicholas Moulaf,Australia,Bronze,142,,https://www.icho-official.org/results/results.php?id=39&year=2007
Chemistry,IChO,2007,Jaroslav Zak,United Kingdom,Bronze,143,,https://www.icho-official.org/results/results.php?id=39&year=2007
Chemistry,IChO,2007,Victor Lopez Ferrando,Spain,Bronze,144,,https://www.icho-official.org/results/results.php?id=39&year=2007
Chemistry,IChO,2007,Hubert Kalaus,Austria,Bronze,145,,https://www.icho-official.org/results/results.php?id=39&year=2007
Chemistry,IChO,2007,Dogukan Dikmen,Türkiye,Bronze,146,,https://www.icho-official.org/results/results.php?id=39&year=2007
Chemistry,IChO,2007,Irena Matkovič,Slovenia,Bronze,147,,https://www.icho-official.org/results/results.php?id=39&year=2007
Chemistry,IChO,2007,Kazuki Yamaguchi,Japan,Bronze,148,,https://www.icho-official.org/results/results.php?id=39&year=2007
Chemistry,IChO,2007,Anita Pabani,Pakistan,Bronze,149,,https://www.icho-official.org/results/results.php?id=39&year=2007
Chemistry,IChO,2007,Manuel Garcia Ricardo,Cuba,Bronze,150,,https://www.icho-official.org/results/results.php?id=39&year=2007
Chemistry,IChO,2007,Max Hafliger,Switzerland,Bronze,151,,https://www.icho-official.org/results/results.php?id=39&year=2007
Chemistry,IChO,2007,Sofia Izmailov,USA,Bronze,152,,https://www.icho-official.org/results/results.php?id=39&year=2007
Chemistry,IChO,2007,Mathijs de Jong,Netherlands,Bronze,153,,https://www.icho-official.org/results/results.php?id=39&year=2007
Chemistry,IChO,2007,Luciano Hector Di Stefano,Argentina,Bronze,154,,https://www.icho-official.org/results/results.php?id=39&year=2007
Chemistry,IChO,2007,Itamar Shamai,Israel,Bronze,155,,https://www.icho-official.org/results/results.php?id=39&year=2007
Chemistry,IChO,2007,Cristiana Fanciullo,Italy,Bronze,156,,https://www.icho-official.org/results/results.php?id=39&year=2007
Chemistry,IChO,2007,Nurmuhammet Muradov,Turkmenistan,Bronze,157,,https://www.icho-official.org/results/results.php?id=39&year=2007
Chemistry,IChO,2007,Pablo Gustavo Levrand,Argentina,Bronze,158,,https://www.icho-official.org/results/results.php?id=39&year=2007
Chemistry,IChO,2007,Sergio Fonseca Chitica,Mexico,Honourable Mention,159,,https://www.icho-official.org/results/results.php?id=39&year=2007
Chemistry,IChO,2007,Roberta Poceviciute,Lithuania,Honourable Mention,160,,https://www.icho-official.org/results/results.php?id=39&year=2007
Chemistry,IChO,2007,Quentin Lefebvre,France,Honourable Mention,161,,https://www.icho-official.org/results/results.php?id=39&year=2007
Chemistry,IChO,2007,Andreas Frutiger,Switzerland,Honourable Mention,162,,https://www.icho-official.org/results/results.php?id=39&year=2007
Chemistry,IChO,2007,Manh Le Dinh,Vietnam,Honourable Mention,163,,https://www.icho-official.org/results/results.php?id=39&year=2007
Chemistry,IChO,2007,Amirhady Kamkaramoli,"Iran, Islamic Republic of",Honourable Mention,164,,https://www.icho-official.org/results/results.php?id=39&year=2007
Chemistry,IChO,2007,Geir Haakon Beckstroem,Norway,Honourable Mention,165,,https://www.icho-official.org/results/results.php?id=39&year=2007
Chemistry,IChO,2007,Javzansuren Norvanchig,Mongolia,Honourable Mention,166,,https://www.icho-official.org/results/results.php?id=39&year=2007
Chemistry,IChO,2007,Umed Boltaev,Tajikistan,Honourable Mention,167,,https://www.icho-official.org/results/results.php?id=39&year=2007
Chemistry,IChO,2007,Sabyrbek Bolotbekovich Zheentaev,Kyrgyzstan,Honourable Mention,168,,https://www.icho-official.org/results/results.php?id=39&year=2007
Chemistry,IChO,2007,Jose Enrique Robles Soto,Mexico,Participant,,,https://www.icho-official.org/results/results.php?id=39&year=2007
Chemistry,IChO,2007,Vincenzo Spalluto,Italy,Participant,,,https://www.icho-official.org/results/results.php?id=39&year=2007
Chemistry,IChO,2007,Juraj Ahel,Croatia,Participant,,,https://www.icho-official.org/results/results.php?id=39&year=2007
Chemistry,IChO,2007,Dan Liraz Lidji,Israel,Participant,,,https://www.icho-official.org/results/results.php?id=39&year=2007
Chemistry,IChO,2007,Christiaan Alwin Douma,Netherlands,Participant,,,https://www.icho-official.org/results/results.php?id=39&year=2007
Chemistry,IChO,2007,Alberto Garcia Bosque,Spain,Participant,,,https://www.icho-official.org/results/results.php?id=39&year=2007
Chemistry,IChO,2007,Luis Alberto Ypanaque Rocha,Peru,Participant,,,https://www.icho-official.org/results/results.php?id=39&year=2007
Chemistry,IChO,2007,Andri Vilberg Orrason,Iceland,Participant,,,https://www.icho-official.org/results/results.php?id=39&year=2007
Chemistry,IChO,2007,Jia Chen,Netherlands,Participant,,,https://www.icho-official.org/results/results.php?id=39&year=2007
Chemistry,IChO,2007,Ivana Brekalo,Croatia,Participant,,,https://www.icho-official.org/results/results.php?id=39&year=2007
Chemistry,IChO,2007,Benjamin Bousquet,France,Participant,,,https://www.icho-official.org/results/results.php?id=39&year=2007
Chemistry,IChO,2007,Daria Ewa Struska,Sweden,Participant,,,https://www.icho-official.org/results/results.php?id=39&year=2007
Chemistry,IChO,2007,Haleluya Sagit,Israel,Participant,,,https://www.icho-official.org/results/results.php?id=39&year=2007
Chemistry,IChO,2007,Michalis Rossides,Cyprus,Participant,,,https://www.icho-official.org/results/results.php?id=39&year=2007
Chemistry,IChO,2007,Martina Feyzrakhmanova,Ireland,Participant,,,https://www.icho-official.org/results/results.php?id=39&year=2007
Chemistry,IChO,2007,Sotirios Christodoulou,Greece,Participant,,,https://www.icho-official.org/results/results.php?id=39&year=2007
Chemistry,IChO,2007,Mehmet Vural,Türkiye,Participant,,,https://www.icho-official.org/results/results.php?id=39&year=2007
Chemistry,IChO,2007,Aminatulmunirah Kasim,Malaysia,Participant,,,https://www.icho-official.org/results/results.php?id=39&year=2007
Chemistry,IChO,2007,Cristhian Luis Canari Chumpitaz,Peru,Participant,,,https://www.icho-official.org/results/results.php?id=39&year=2007
Chemistry,IChO,2007,Miha Emerik Habic,Slovenia,Participant,,,https://www.icho-official.org/results/results.php?id=39&year=2007
Chemistry,IChO,2007,Ivan Prepolec,Croatia,Participant,,,https://www.icho-official.org/results/results.php?id=39&year=2007
Chemistry,IChO,2007,Andres Suarez Velazquez,Spain,Participant,,,https://www.icho-official.org/results/results.php?id=39&year=2007
Chemistry,IChO,2007,Zamirbek Usonovich Akimbekov,Kyrgyzstan,Participant,,,https://www.icho-official.org/results/results.php?id=39&year=2007
Chemistry,IChO,2007,Shervin Ghafouri-Tabrizi,Canada,Participant,,,https://www.icho-official.org/results/results.php?id=39&year=2007
Chemistry,IChO,2007,Veaceslav Vieru,Moldova,Participant,,,https://www.icho-official.org/results/results.php?id=39&year=2007
Chemistry,IChO,2007,Stella Lucie Riad,Sweden,Participant,,,https://www.icho-official.org/results/results.php?id=39&year=2007
Chemistry,IChO,2007,Urandelger Tuvshindorj,Mongolia,Participant,,,https://www.icho-official.org/results/results.php?id=39&year=2007
Chemistry,IChO,2007,Janne Valo Verner Henriksson,Finland,Participant,,,https://www.icho-official.org/results/results.php?id=39&year=2007
Chemistry,IChO,2007,Konstantinos Hadjipetrou,Cyprus,Participant,,,https://www.icho-official.org/results/results.php?id=39&year=2007
Chemistry,IChO,2007,Patrick Michael O'Sullivan,Ireland,Participant,,,https://www.icho-official.org/results/results.php?id=39&year=2007
Chemistry,IChO,2007,Hordur Freyr Yngvason,Iceland,Participant,,,https://www.icho-official.org/results/results.php?id=39&year=2007
Chemistry,IChO,2007,Pāvels Zubovičs,Latvia,Participant,,,https://www.icho-official.org/results/results.php?id=39&year=2007
Chemistry,IChO,2007,Quentin Hisette,Belgium,Participant,,,https://www.icho-official.org/results/results.php?id=39&year=2007
Chemistry,IChO,2007,Petr Stadlbauer,Czech Republic,Participant,,,https://www.icho-official.org/results/results.php?id=39&year=2007
Chemistry,IChO,2007,Karl Njalsson,Iceland,Participant,,,https://www.icho-official.org/results/results.php?id=39&year=2007
Chemistry,IChO,2007,Ivan Barun,Croatia,Participant,,,https://www.icho-official.org/results/results.php?id=39&year=2007
Chemistry,IChO,2007,Axel Nils Ola Gottfries,Sweden,Participant,,,https://www.icho-official.org/results/results.php?id=39&year=2007
Chemistry,IChO,2007,John Christopher Janetzko,Canada,Participant,,,https://www.icho-official.org/results/results.php?id=39&year=2007
Chemistry,IChO,2007,Johan Yuan Wang,Norway,Participant,,,https://www.icho-official.org/results/results.php?id=39&year=2007
Chemistry,IChO,2007,Tina Kanstrup,Denmark,Participant,,,https://www.icho-official.org/results/results.php?id=39&year=2007
Chemistry,IChO,2007,Jose Ernando Sousa Filho,Brazil,Participant,,,https://www.icho-official.org/results/results.php?id=39&year=2007
Chemistry,IChO,2007,Juan Ivan Gomez-Peralta,Mexico,Participant,,,https://www.icho-official.org/results/results.php?id=39&year=2007
Chemistry,IChO,2007,Panagiotis Palantas,Greece,Participant,,,https://www.icho-official.org/results/results.php?id=39&year=2007
Chemistry,IChO,2007,Grigoris Katsiolidis,Cyprus,Participant,,,https://www.icho-official.org/results/results.php?id=39&year=2007
Chemistry,IChO,2007,Charis Antonis Antoniou,Cyprus,Participant,,,https://www.icho-official.org/results/results.php?id=39&year=2007
Chemistry,IChO,2007,Ioannis Botis,Greece,Participant,,,https://www.icho-official.org/results/results.php?id=39&year=2007
Chemistry,IChO,2007,Grellan Jerome Kevin Tuohy,Ireland,Participant,,,https://www.icho-official.org/results/results.php?id=39&year=2007
Chemistry,IChO,2007,Vanessa Loodts,Belgium,Participant,,,https://www.icho-official.org/results/results.php?id=39&year=2007
Chemistry,IChO,2007,Frederic Cottier,Switzerland,Participant,,,https://www.icho-official.org/results/results.php?id=39&year=2007
Chemistry,IChO,2007,Alexandru Cartaleanu,Moldova,Participant,,,https://www.icho-official.org/results/results.php?id=39&year=2007
Chemistry,IChO,2007,Alberto Sanchez Molero,Spain,Participant,,,https://www.icho-official.org/results/results.php?id=39&year=2007
Chemistry,IChO,2007,Shahzad Iqbal,Pakistan,Participant,,,https://www.icho-official.org/results/results.php?id=39&year=2007
Chemistry,IChO,2007,Joseph Hernan Pena Echevarria,Peru,Participant,,,https://www.icho-official.org/results/results.php?id=39&year=2007
Chemistry,IChO,2007,Battulga Byambasuren,Mongolia,Participant,,,https://www.icho-official.org/results/results.php?id=39&year=2007
Chemistry,IChO,2007,Leonid Bibin,Moldova,Participant,,,https://www.icho-official.org/results/results.php?id=39&year=2007
Chemistry,IChO,2007,David Van Cauwenberge,Belgium,Participant,,,https://www.icho-official.org/results/results.php?id=39&year=2007
Chemistry,IChO,2007,Sulaymonzoda Saidullo,Tajikistan,Participant,,,https://www.icho-official.org/results/results.php?id=39&year=2007
Chemistry,IChO,2007,Hamza Khan Shahbazi,Pakistan,Participant,,,https://www.icho-official.org/results/results.php?id=39&year=2007
Chemistry,IChO,2007,Vesteinn Snaebjarnarson,Iceland,Participant,,,https://www.icho-official.org/results/results.php?id=39&year=2007
Chemistry,IChO,2007,Raul Joao de Sousa Pereira,Portugal,Participant,,,https://www.icho-official.org/results/results.php?id=39&year=2007
Chemistry,IChO,2007,Jānis Jermaks,Latvia,Participant,,,https://www.icho-official.org/results/results.php?id=39&year=2007
Chemistry,IChO,2007,Carlos Leonel Ahumada Manuel,Mexico,Participant,,,https://www.icho-official.org/results/results.php?id=39&year=2007
Chemistry,IChO,2007,Khusrav Olimi,Tajikistan,Participant,,,https://www.icho-official.org/results/results.php?id=39&year=2007
Chemistry,IChO,2007,Christoffer Norn,Denmark,Participant,,,https://www.icho-official.org/results/results.php?id=39&year=2007
Chemistry,IChO,2007,Camilla Espedal,Norway,Participant,,,https://www.icho-official.org/results/results.php?id=39&year=2007
Chemistry,IChO,2007,Stefan Dimitrov Kadiysky,Bulgaria,Participant,,,https://www.icho-official.org/results/results.php?id=39&year=2007
Chemistry,IChO,2007,Linus Benjamin Törnqvist,Finland,Participant,,,https://www.icho-official.org/results/results.php?id=39&year=2007
Chemistry,IChO,2007,Jorn Walscharts,Belgium,Participant,,,https://www.icho-official.org/results/results.php?id=39&year=2007
Chemistry,IChO,2007,Mari Liisa Teinilä,Finland,Participant,,,https://www.icho-official.org/results/results.php?id=39&year=2007
Chemistry,IChO,2007,Gergana Sasheva Valcheva,Bulgaria,Participant,,,https://www.icho-official.org/results/results.php?id=39&year=2007
Chemistry,IChO,2007,Rui Emanuel Ferreira da Silva,Portugal,Participant,,,https://www.icho-official.org/results/results.php?id=39&year=2007
Chemistry,IChO,2007,Joaquin Grassi,Uruguay,Participant,,,https://www.icho-official.org/results/results.php?id=39&year=2007
Chemistry,IChO,2007,Rui Filipe Goncalves Apostolo,Portugal,Participant,,,https://www.icho-official.org/results/results.php?id=39&year=2007
Chemistry,IChO,2007,Mammad Mirzayev,Azerbaijan,Participant,,,https://www.icho-official.org/results/results.php?id=39&year=2007
Chemistry,IChO,2007,Argyroula Lavi,Greece,Participant,,,https://www.icho-official.org/results/results.php?id=39&year=2007
Chemistry,IChO,2007,Nijat Musayev,Azerbaijan,Participant,,,https://www.icho-official.org/results/results.php?id=39&year=2007
Chemistry,IChO,2007,Sebastian Barcardal,Uruguay,Participant,,,https://www.icho-official.org/results/results.php?id=39&year=2007
Chemistry,IChO,2007,Rui Filipe Lebres Lopes,Portugal,Participant,,,https://www.icho-official.org/results/results.php?id=39&year=2007
Chemistry,IChO,2007,Uyanga Dagvadorj,Mongolia,Participant,,,https://www.icho-official.org/results/results.php?id=39&year=2007
Chemistry,IChO,2007,Osamah Altaib Safwan,Saudi Arabia,Participant,,,https://www.icho-official.org/results/results.php?id=39&year=2007
Chemistry,IChO,2007,Diego Otero,Uruguay,Participant,,,https://www.icho-official.org/results/results.php?id=39&year=2007
Chemistry,IChO,2007,Sebastian Fiamene,Uruguay,Participant,,,https://www.icho-official.org/results/results.php?id=39&year=2007
Chemistry,IChO,2007,Mohammed Abdullah Algasim,Saudi Arabia,Participant,,,https://www.icho-official.org/results/results.php?id=39&year=2007
Chemistry,IChO,2007,Ibrahim Abdullah Ba Jaafr,Saudi Arabia,Participant,,,https://www.icho-official.org/results/results.php?id=39&year=2007
Chemistry,IChO,2007,Ataallah Naif Alharbi,Saudi Arabia,Participant,,,https://www.icho-official.org/results/results.php?id=39&year=2007
Chemistry,IChO,2007,Abdulla Ahmadov,Azerbaijan,Participant,,,https://www.icho-official.org/results/results.php?id=39&year=2007
Chemistry,IChO,2007,Sohbet Hojamuhammedov,Turkmenistan,Participant,,,https://www.icho-official.org/results/results.php?id=39&year=2007
Chemistry,IChO,2007,Orkhan Rzayev,Azerbaijan,Participant,,,https://www.icho-official.org/results/results.php?id=39&year=2007
